estoque_id,data,produto_id,loja_id,qtd_estoque,qtd_vendida_dia,qtd_recebida_dia,is_ruptura,is_abaixo_minimo,dias_cobertura
EST00001,2025-01-15,PRD01,LOJ01,81,3,0,False,False,27
EST00002,2025-01-15,PRD02,LOJ01,93,1,0,False,False,93
EST00003,2025-01-15,PRD03,LOJ01,182,3,0,False,False,60
EST00004,2025-01-15,PRD06,LOJ01,93,0,0,False,False,31
EST00005,2025-01-15,PRD11,LOJ01,31,1,0,False,False,31
EST00006,2025-01-15,PRD12,LOJ01,316,1,187,False,False,316
EST00007,2025-01-15,PRD13,LOJ01,181,5,0,False,False,36
EST00008,2025-01-15,PRD17,LOJ01,119,7,0,False,False,17
EST00009,2025-01-15,PRD22,LOJ01,48,6,0,False,False,8
EST00010,2025-01-15,PRD23,LOJ01,284,7,189,False,False,40
EST00011,2025-01-15,PRD25,LOJ01,42,7,0,False,False,6
EST00012,2025-01-15,PRD01,WEB01,62,2,0,False,False,31
EST00013,2025-01-15,PRD02,WEB01,48,5,0,False,False,9
EST00014,2025-01-15,PRD03,WEB01,155,7,0,False,False,22
EST00015,2025-01-15,PRD06,WEB01,79,2,0,False,False,39
EST00016,2025-01-15,PRD11,WEB01,55,8,0,False,False,6
EST00017,2025-01-15,PRD12,WEB01,48,8,0,False,False,6
EST00018,2025-01-15,PRD13,WEB01,104,6,0,False,False,17
EST00019,2025-01-15,PRD17,WEB01,314,4,143,False,False,78
EST00020,2025-02-01,PRD01,LOJ01,303,2,146,False,False,151
EST00021,2025-02-01,PRD02,LOJ01,102,7,0,False,False,14
EST00022,2025-02-01,PRD03,LOJ01,49,0,0,False,False,16
EST00023,2025-02-01,PRD06,LOJ01,143,1,0,False,False,143
EST00024,2025-02-01,PRD08,LOJ01,52,7,0,False,False,7
EST00025,2025-02-01,PRD09,LOJ01,160,1,0,False,False,160
EST00026,2025-02-01,PRD11,LOJ01,68,0,0,False,False,22
EST00027,2025-02-01,PRD12,LOJ01,371,4,191,False,False,92
EST00028,2025-02-01,PRD13,LOJ01,39,8,0,False,False,4
EST00029,2025-02-01,PRD15,LOJ01,346,6,180,False,False,57
EST00030,2025-02-01,PRD17,LOJ01,34,3,0,False,False,11
EST00031,2025-02-01,PRD22,LOJ01,81,0,0,False,False,27
EST00032,2025-02-01,PRD23,LOJ01,69,5,0,False,False,13
EST00033,2025-02-01,PRD25,LOJ01,84,3,0,False,False,28
EST00034,2025-02-01,PRD01,WEB01,109,8,0,False,False,13
EST00035,2025-02-01,PRD02,WEB01,169,6,0,False,False,28
EST00036,2025-02-01,PRD03,WEB01,67,1,0,False,False,67
EST00037,2025-02-01,PRD06,WEB01,51,1,0,False,False,51
EST00038,2025-02-01,PRD08,WEB01,152,2,0,False,False,76
EST00039,2025-02-01,PRD09,WEB01,181,6,0,False,False,30
EST00040,2025-02-01,PRD11,WEB01,153,1,0,False,False,153
EST00041,2025-02-01,PRD12,WEB01,196,2,0,False,False,98
EST00042,2025-02-01,PRD13,WEB01,82,2,0,False,False,41
EST00043,2025-02-01,PRD15,WEB01,162,0,0,False,False,54
EST00044,2025-02-01,PRD17,WEB01,109,7,0,False,False,15
EST00045,2025-02-15,PRD01,LOJ01,295,3,197,False,False,98
EST00046,2025-02-15,PRD02,LOJ01,47,5,0,False,False,9
EST00047,2025-02-15,PRD03,LOJ01,127,0,0,False,False,42
EST00048,2025-02-15,PRD06,LOJ01,70,5,0,False,False,14
EST00049,2025-02-15,PRD08,LOJ01,121,0,0,False,False,40
EST00050,2025-02-15,PRD09,LOJ01,51,0,0,False,False,17
EST00051,2025-02-15,PRD11,LOJ01,116,1,0,False,False,116
EST00052,2025-02-15,PRD12,LOJ01,105,2,0,False,False,52
EST00053,2025-02-15,PRD13,LOJ01,160,4,0,False,False,40
EST00054,2025-02-15,PRD15,LOJ01,172,2,0,False,False,86
EST00055,2025-02-15,PRD17,LOJ01,119,5,0,False,False,23
EST00056,2025-02-15,PRD22,LOJ01,97,5,0,False,False,19
EST00057,2025-02-15,PRD23,LOJ01,89,7,0,False,False,12
EST00058,2025-02-15,PRD25,LOJ01,172,2,0,False,False,86
EST00059,2025-02-15,PRD01,WEB01,175,5,0,False,False,35
EST00060,2025-02-15,PRD02,WEB01,258,2,195,False,False,129
EST00061,2025-02-15,PRD03,WEB01,91,6,0,False,False,15
EST00062,2025-02-15,PRD06,WEB01,68,3,0,False,False,22
EST00063,2025-02-15,PRD08,WEB01,112,1,0,False,False,112
EST00064,2025-02-15,PRD09,WEB01,195,2,0,False,False,97
EST00065,2025-02-15,PRD11,WEB01,65,4,0,False,False,16
EST00066,2025-02-15,PRD12,WEB01,68,4,0,False,False,17
EST00067,2025-02-15,PRD13,WEB01,186,4,0,False,False,46
EST00068,2025-02-15,PRD15,WEB01,66,0,0,False,False,22
EST00069,2025-02-15,PRD17,WEB01,135,2,0,False,False,67
EST00070,2025-03-01,PRD01,LOJ01,154,3,0,False,False,51
EST00071,2025-03-01,PRD02,LOJ01,70,1,0,False,False,70
EST00072,2025-03-01,PRD03,LOJ01,82,1,0,False,False,82
EST00073,2025-03-01,PRD04,LOJ01,115,8,0,False,False,14
EST00074,2025-03-01,PRD06,LOJ01,120,6,0,False,False,20
EST00075,2025-03-01,PRD08,LOJ01,138,3,0,False,False,46
EST00076,2025-03-01,PRD09,LOJ01,131,6,0,False,False,21
EST00077,2025-03-01,PRD11,LOJ01,335,2,180,False,False,167
EST00078,2025-03-01,PRD12,LOJ01,153,6,0,False,False,25
EST00079,2025-03-01,PRD13,LOJ01,205,4,51,False,False,51
EST00080,2025-03-01,PRD15,LOJ01,72,3,0,False,False,24
EST00081,2025-03-01,PRD17,LOJ01,302,4,197,False,False,75
EST00082,2025-03-01,PRD20,LOJ01,183,1,0,False,False,183
EST00083,2025-03-01,PRD21,LOJ01,144,2,0,False,False,72
EST00084,2025-03-01,PRD22,LOJ01,221,0,118,False,False,73
EST00085,2025-03-01,PRD23,LOJ01,155,2,0,False,False,77
EST00086,2025-03-01,PRD25,LOJ01,62,2,0,False,False,31
EST00087,2025-03-01,PRD01,WEB01,174,3,0,False,False,58
EST00088,2025-03-01,PRD02,WEB01,104,5,0,False,False,20
EST00089,2025-03-01,PRD03,WEB01,169,1,0,False,False,169
EST00090,2025-03-01,PRD04,WEB01,174,5,125,False,False,34
EST00091,2025-03-01,PRD06,WEB01,190,7,0,False,False,27
EST00092,2025-03-01,PRD08,WEB01,51,3,0,False,False,17
EST00093,2025-03-01,PRD09,WEB01,196,1,0,False,False,196
EST00094,2025-03-01,PRD11,WEB01,151,2,0,False,False,75
EST00095,2025-03-01,PRD12,WEB01,156,7,0,False,False,22
EST00096,2025-03-01,PRD13,WEB01,181,8,0,False,False,22
EST00097,2025-03-01,PRD15,WEB01,188,4,0,False,False,47
EST00098,2025-03-01,PRD17,WEB01,36,1,0,False,False,36
EST00099,2025-03-01,PRD20,WEB01,54,5,0,False,False,10
EST00100,2025-03-01,PRD21,WEB01,55,0,0,False,False,18
EST00101,2025-03-15,PRD01,LOJ01,130,5,0,False,False,26
EST00102,2025-03-15,PRD02,LOJ01,166,1,0,False,False,166
EST00103,2025-03-15,PRD03,LOJ01,194,5,0,False,False,38
EST00104,2025-03-15,PRD04,LOJ01,162,7,0,False,False,23
EST00105,2025-03-15,PRD06,LOJ01,156,4,0,False,False,39
EST00106,2025-03-15,PRD08,LOJ01,33,0,0,False,False,11
EST00107,2025-03-15,PRD09,LOJ01,215,7,118,False,False,30
EST00108,2025-03-15,PRD11,LOJ01,143,0,0,False,False,47
EST00109,2025-03-15,PRD12,LOJ01,170,4,128,False,False,42
EST00110,2025-03-15,PRD13,LOJ01,144,3,0,False,False,48
EST00111,2025-03-15,PRD14,LOJ01,266,6,151,False,False,44
EST00112,2025-03-15,PRD15,LOJ01,144,7,0,False,False,20
EST00113,2025-03-15,PRD17,LOJ01,116,4,0,False,False,29
EST00114,2025-03-15,PRD20,LOJ01,166,3,0,False,False,55
EST00115,2025-03-15,PRD21,LOJ01,176,0,0,False,False,58
EST00116,2025-03-15,PRD22,LOJ01,50,4,0,False,False,12
EST00117,2025-03-15,PRD23,LOJ01,46,8,0,False,False,5
EST00118,2025-03-15,PRD25,LOJ01,113,3,0,False,False,37
EST00119,2025-03-15,PRD01,WEB01,30,2,0,False,False,15
EST00120,2025-03-15,PRD02,WEB01,134,8,0,False,False,16
EST00121,2025-03-15,PRD03,WEB01,76,1,0,False,False,76
EST00122,2025-03-15,PRD04,WEB01,74,4,0,False,False,18
EST00123,2025-03-15,PRD06,WEB01,131,7,0,False,False,18
EST00124,2025-03-15,PRD08,WEB01,150,1,0,False,False,150
EST00125,2025-03-15,PRD09,WEB01,185,1,0,False,False,185
EST00126,2025-03-15,PRD11,WEB01,132,8,0,False,False,16
EST00127,2025-03-15,PRD12,WEB01,305,0,168,False,False,101
EST00128,2025-03-15,PRD13,WEB01,338,5,174,False,False,67
EST00129,2025-03-15,PRD14,WEB01,230,8,81,False,False,28
EST00130,2025-03-15,PRD15,WEB01,108,6,0,False,False,18
EST00131,2025-03-15,PRD17,WEB01,180,8,0,False,False,22
EST00132,2025-03-15,PRD20,WEB01,137,3,0,False,False,45
EST00133,2025-03-15,PRD21,WEB01,82,0,0,False,False,27
EST00134,2025-04-01,PRD01,LOJ01,146,4,0,False,False,36
EST00135,2025-04-01,PRD02,LOJ01,60,2,0,False,False,30
EST00136,2025-04-01,PRD03,LOJ01,109,6,83,False,False,18
EST00137,2025-04-01,PRD04,LOJ01,210,2,116,False,False,105
EST00138,2025-04-01,PRD06,LOJ01,127,6,0,False,False,21
EST00139,2025-04-01,PRD08,LOJ01,47,8,0,False,False,5
EST00140,2025-04-01,PRD09,LOJ01,168,2,0,False,False,84
EST00141,2025-04-01,PRD11,LOJ01,70,2,0,False,False,35
EST00142,2025-04-01,PRD12,LOJ01,114,7,0,False,False,16
EST00143,2025-04-01,PRD13,LOJ01,133,0,0,False,False,44
EST00144,2025-04-01,PRD14,LOJ01,265,5,89,False,False,53
EST00145,2025-04-01,PRD15,LOJ01,170,4,57,False,False,42
EST00146,2025-04-01,PRD17,LOJ01,176,4,0,False,False,44
EST00147,2025-04-01,PRD18,LOJ01,169,4,0,False,False,42
EST00148,2025-04-01,PRD20,LOJ01,63,3,0,False,False,21
EST00149,2025-04-01,PRD21,LOJ01,109,2,0,False,False,54
EST00150,2025-04-01,PRD22,LOJ01,324,3,137,False,False,108
EST00151,2025-04-01,PRD23,LOJ01,79,1,0,False,False,79
EST00152,2025-04-01,PRD25,LOJ01,73,1,0,False,False,73
EST00153,2025-04-01,PRD01,WEB01,129,8,0,False,False,16
EST00154,2025-04-01,PRD02,WEB01,134,5,0,False,False,26
EST00155,2025-04-01,PRD03,WEB01,144,1,0,False,False,144
EST00156,2025-04-01,PRD04,WEB01,178,3,0,False,False,59
EST00157,2025-04-01,PRD06,WEB01,168,0,0,False,False,56
EST00158,2025-04-01,PRD08,WEB01,83,1,0,False,False,83
EST00159,2025-04-01,PRD09,WEB01,89,0,0,False,False,29
EST00160,2025-04-01,PRD11,WEB01,97,1,0,False,False,97
EST00161,2025-04-01,PRD12,WEB01,174,1,0,False,False,174
EST00162,2025-04-01,PRD13,WEB01,241,8,132,False,False,30
EST00163,2025-04-01,PRD14,WEB01,67,1,0,False,False,67
EST00164,2025-04-01,PRD15,WEB01,168,7,0,False,False,24
EST00165,2025-04-01,PRD17,WEB01,39,3,0,False,False,13
EST00166,2025-04-01,PRD18,WEB01,107,1,0,False,False,107
EST00167,2025-04-01,PRD20,WEB01,120,6,0,False,False,20
EST00168,2025-04-01,PRD21,WEB01,118,0,55,False,False,39
EST00169,2025-04-15,PRD01,LOJ01,146,6,0,False,False,24
EST00170,2025-04-15,PRD02,LOJ01,124,7,71,False,False,17
EST00171,2025-04-15,PRD03,LOJ01,38,2,0,False,False,19
EST00172,2025-04-15,PRD04,LOJ01,155,5,0,False,False,31
EST00173,2025-04-15,PRD05,LOJ01,150,7,115,False,False,21
EST00174,2025-04-15,PRD06,LOJ01,126,8,0,False,False,15
EST00175,2025-04-15,PRD08,LOJ01,107,8,0,False,False,13
EST00176,2025-04-15,PRD09,LOJ01,193,1,0,False,False,193
EST00177,2025-04-15,PRD11,LOJ01,108,1,0,False,False,108
EST00178,2025-04-15,PRD12,LOJ01,194,6,0,False,False,32
EST00179,2025-04-15,PRD13,LOJ01,74,0,0,False,False,24
EST00180,2025-04-15,PRD14,LOJ01,178,3,0,False,False,59
EST00181,2025-04-15,PRD15,LOJ01,182,2,148,False,False,91
EST00182,2025-04-15,PRD17,LOJ01,48,5,0,False,False,9
EST00183,2025-04-15,PRD18,LOJ01,296,1,171,False,False,296
EST00184,2025-04-15,PRD20,LOJ01,122,5,0,False,False,24
EST00185,2025-04-15,PRD21,LOJ01,83,0,0,False,False,27
EST00186,2025-04-15,PRD22,LOJ01,155,3,0,False,False,51
EST00187,2025-04-15,PRD23,LOJ01,93,7,0,False,False,13
EST00188,2025-04-15,PRD25,LOJ01,172,1,137,False,False,172
EST00189,2025-04-15,PRD01,WEB01,88,8,0,False,False,11
EST00190,2025-04-15,PRD02,WEB01,185,8,0,False,False,23
EST00191,2025-04-15,PRD03,WEB01,185,8,0,False,False,23
EST00192,2025-04-15,PRD04,WEB01,50,5,0,False,False,10
EST00193,2025-04-15,PRD05,WEB01,170,0,0,False,False,56
EST00194,2025-04-15,PRD06,WEB01,75,3,0,False,False,25
EST00195,2025-04-15,PRD08,WEB01,164,0,0,False,False,54
EST00196,2025-04-15,PRD09,WEB01,100,6,0,False,False,16
EST00197,2025-04-15,PRD11,WEB01,166,6,0,False,False,27
EST00198,2025-04-15,PRD12,WEB01,124,4,93,False,False,31
EST00199,2025-04-15,PRD13,WEB01,75,2,0,False,False,37
EST00200,2025-04-15,PRD14,WEB01,68,8,0,False,False,8
EST00201,2025-04-15,PRD15,WEB01,135,2,0,False,False,67
EST00202,2025-04-15,PRD17,WEB01,127,4,0,False,False,31
EST00203,2025-04-15,PRD18,WEB01,78,4,0,False,False,19
EST00204,2025-04-15,PRD20,WEB01,192,0,0,False,False,64
EST00205,2025-04-15,PRD21,WEB01,270,1,113,False,False,270
EST00206,2025-05-01,PRD01,LOJ01,150,4,0,False,False,37
EST00207,2025-05-01,PRD02,LOJ01,239,7,73,False,False,34
EST00208,2025-05-01,PRD03,LOJ01,213,7,56,False,False,30
EST00209,2025-05-01,PRD04,LOJ01,141,1,0,False,False,141
EST00210,2025-05-01,PRD05,LOJ01,176,1,0,False,False,176
EST00211,2025-05-01,PRD06,LOJ01,33,8,0,False,False,4
EST00212,2025-05-01,PRD08,LOJ01,87,6,0,False,False,14
EST00213,2025-05-01,PRD09,LOJ01,216,5,105,False,False,43
EST00214,2025-05-01,PRD10,LOJ01,62,8,0,False,False,7
EST00215,2025-05-01,PRD11,LOJ01,53,8,0,False,False,6
EST00216,2025-05-01,PRD12,LOJ01,104,1,0,False,False,104
EST00217,2025-05-01,PRD13,LOJ01,59,2,0,False,False,29
EST00218,2025-05-01,PRD14,LOJ01,141,8,60,False,False,17
EST00219,2025-05-01,PRD15,LOJ01,96,4,58,False,False,24
EST00220,2025-05-01,PRD17,LOJ01,182,7,0,False,False,26
EST00221,2025-05-01,PRD18,LOJ01,42,1,0,False,False,42
EST00222,2025-05-01,PRD19,LOJ01,90,8,0,False,False,11
EST00223,2025-05-01,PRD20,LOJ01,68,4,0,False,False,17
EST00224,2025-05-01,PRD21,LOJ01,244,0,65,False,False,81
EST00225,2025-05-01,PRD22,LOJ01,79,3,0,False,False,26
EST00226,2025-05-01,PRD23,LOJ01,108,3,0,False,False,36
EST00227,2025-05-01,PRD25,LOJ01,74,0,0,False,False,24
EST00228,2025-05-01,PRD01,WEB01,193,7,0,False,False,27
EST00229,2025-05-01,PRD02,WEB01,53,1,0,False,False,53
EST00230,2025-05-01,PRD03,WEB01,193,2,0,False,False,96
EST00231,2025-05-01,PRD04,WEB01,96,2,0,False,False,48
EST00232,2025-05-01,PRD05,WEB01,163,6,0,False,False,27
EST00233,2025-05-01,PRD06,WEB01,43,0,0,False,False,14
EST00234,2025-05-01,PRD08,WEB01,119,2,0,False,False,59
EST00235,2025-05-01,PRD09,WEB01,336,1,153,False,False,336
EST00236,2025-05-01,PRD10,WEB01,176,2,0,False,False,88
EST00237,2025-05-01,PRD11,WEB01,145,5,0,False,False,29
EST00238,2025-05-01,PRD12,WEB01,171,1,0,False,False,171
EST00239,2025-05-01,PRD13,WEB01,106,1,0,False,False,106
EST00240,2025-05-01,PRD14,WEB01,109,4,0,False,False,27
EST00241,2025-05-01,PRD15,WEB01,119,0,0,False,False,39
EST00242,2025-05-01,PRD17,WEB01,268,7,151,False,False,38
EST00243,2025-05-01,PRD18,WEB01,35,1,0,False,False,35
EST00244,2025-05-01,PRD19,WEB01,221,6,126,False,False,36
EST00245,2025-05-01,PRD20,WEB01,103,1,0,False,False,103
EST00246,2025-05-01,PRD21,WEB01,174,6,0,False,False,29
EST00247,2025-05-15,PRD01,LOJ01,41,5,0,False,False,8
EST00248,2025-05-15,PRD02,LOJ01,175,1,0,False,False,175
EST00249,2025-05-15,PRD03,LOJ01,26,4,0,False,False,6
EST00250,2025-05-15,PRD04,LOJ01,69,8,0,False,False,8
EST00251,2025-05-15,PRD05,LOJ01,144,5,0,False,False,28
EST00252,2025-05-15,PRD06,LOJ01,39,6,0,False,False,6
EST00253,2025-05-15,PRD08,LOJ01,204,5,109,False,False,40
EST00254,2025-05-15,PRD09,LOJ01,152,2,108,False,False,76
EST00255,2025-05-15,PRD10,LOJ01,43,6,0,False,False,7
EST00256,2025-05-15,PRD11,LOJ01,65,7,0,False,False,9
EST00257,2025-05-15,PRD12,LOJ01,49,2,0,False,False,24
EST00258,2025-05-15,PRD13,LOJ01,126,0,0,False,False,42
EST00259,2025-05-15,PRD14,LOJ01,100,5,0,False,False,20
EST00260,2025-05-15,PRD15,LOJ01,73,0,0,False,False,24
EST00261,2025-05-15,PRD17,LOJ01,52,8,0,False,False,6
EST00262,2025-05-15,PRD18,LOJ01,120,7,0,False,False,17
EST00263,2025-05-15,PRD19,LOJ01,104,4,0,False,False,26
EST00264,2025-05-15,PRD20,LOJ01,102,8,0,False,False,12
EST00265,2025-05-15,PRD21,LOJ01,24,7,0,False,False,3
EST00266,2025-05-15,PRD22,LOJ01,165,6,0,False,False,27
EST00267,2025-05-15,PRD23,LOJ01,157,6,0,False,False,26
EST00268,2025-05-15,PRD25,LOJ01,122,6,0,False,False,20
EST00269,2025-05-15,PRD01,WEB01,135,3,0,False,False,45
EST00270,2025-05-15,PRD02,WEB01,34,6,0,False,False,5
EST00271,2025-05-15,PRD03,WEB01,176,5,0,False,False,35
EST00272,2025-05-15,PRD04,WEB01,132,0,0,False,False,44
EST00273,2025-05-15,PRD05,WEB01,197,2,0,False,False,98
EST00274,2025-05-15,PRD06,WEB01,114,1,0,False,False,114
EST00275,2025-05-15,PRD08,WEB01,123,3,0,False,False,41
EST00276,2025-05-15,PRD09,WEB01,318,8,149,False,False,39
EST00277,2025-05-15,PRD10,WEB01,194,6,0,False,False,32
EST00278,2025-05-15,PRD11,WEB01,180,3,0,False,False,60
EST00279,2025-05-15,PRD12,WEB01,126,0,73,False,False,42
EST00280,2025-05-15,PRD13,WEB01,200,1,52,False,False,200
EST00281,2025-05-15,PRD14,WEB01,120,6,0,False,False,20
EST00282,2025-05-15,PRD15,WEB01,196,7,172,False,False,28
EST00283,2025-05-15,PRD17,WEB01,108,7,0,False,False,15
EST00284,2025-05-15,PRD18,WEB01,95,8,0,False,False,11
EST00285,2025-05-15,PRD19,WEB01,192,0,0,False,False,64
EST00286,2025-05-15,PRD20,WEB01,73,6,0,False,False,12
EST00287,2025-05-15,PRD21,WEB01,101,1,0,False,False,101
EST00288,2025-06-01,PRD01,LOJ01,195,4,150,False,False,48
EST00289,2025-06-01,PRD02,LOJ01,63,1,0,False,False,63
EST00290,2025-06-01,PRD03,LOJ01,179,3,0,False,False,59
EST00291,2025-06-01,PRD04,LOJ01,61,6,0,False,False,10
EST00292,2025-06-01,PRD05,LOJ01,150,4,0,False,False,37
EST00293,2025-06-01,PRD06,LOJ01,94,2,0,False,False,47
EST00294,2025-06-01,PRD07,LOJ01,67,7,0,False,False,9
EST00295,2025-06-01,PRD08,LOJ01,196,1,0,False,False,196
EST00296,2025-06-01,PRD09,LOJ01,44,7,0,False,False,6
EST00297,2025-06-01,PRD10,LOJ01,38,0,0,False,False,12
EST00298,2025-06-01,PRD11,LOJ01,319,0,152,False,False,106
EST00299,2025-06-01,PRD12,LOJ01,38,0,0,False,False,12
EST00300,2025-06-01,PRD13,LOJ01,40,2,0,False,False,20
EST00301,2025-06-01,PRD14,LOJ01,184,4,0,False,False,46
EST00302,2025-06-01,PRD15,LOJ01,49,3,0,False,False,16
EST00303,2025-06-01,PRD16,LOJ01,111,5,0,False,False,22
EST00304,2025-06-01,PRD17,LOJ01,123,5,0,False,False,24
EST00305,2025-06-01,PRD18,LOJ01,170,4,0,False,False,42
EST00306,2025-06-01,PRD19,LOJ01,30,1,0,False,False,30
EST00307,2025-06-01,PRD20,LOJ01,180,5,0,False,False,36
EST00308,2025-06-01,PRD21,LOJ01,182,2,0,False,False,91
EST00309,2025-06-01,PRD22,LOJ01,193,6,0,False,False,32
EST00310,2025-06-01,PRD23,LOJ01,186,8,0,False,False,23
EST00311,2025-06-01,PRD24,LOJ01,275,3,106,False,False,91
EST00312,2025-06-01,PRD25,LOJ01,129,1,0,False,False,129
EST00313,2025-06-01,PRD01,LOJ02,181,2,0,False,False,90
EST00314,2025-06-01,PRD02,LOJ02,180,1,0,False,False,180
EST00315,2025-06-01,PRD03,LOJ02,130,2,0,False,False,65
EST00316,2025-06-01,PRD04,LOJ02,192,1,0,False,False,192
EST00317,2025-06-01,PRD05,LOJ02,62,1,0,False,False,62
EST00318,2025-06-01,PRD06,LOJ02,72,3,0,False,False,24
EST00319,2025-06-01,PRD07,LOJ02,197,2,0,False,False,98
EST00320,2025-06-01,PRD08,LOJ02,86,0,0,False,False,28
EST00321,2025-06-01,PRD09,LOJ02,166,3,0,False,False,55
EST00322,2025-06-01,PRD10,LOJ02,85,2,0,False,False,42
EST00323,2025-06-01,PRD11,LOJ02,103,3,0,False,False,34
EST00324,2025-06-01,PRD12,LOJ02,89,3,0,False,False,29
EST00325,2025-06-01,PRD13,LOJ02,65,5,0,False,False,13
EST00326,2025-06-01,PRD14,LOJ02,159,8,0,False,False,19
EST00327,2025-06-01,PRD15,LOJ02,33,1,0,False,False,33
EST00328,2025-06-01,PRD16,LOJ02,145,3,0,False,False,48
EST00329,2025-06-01,PRD17,LOJ02,137,8,0,False,False,17
EST00330,2025-06-01,PRD18,LOJ02,23,7,0,False,False,3
EST00331,2025-06-01,PRD19,LOJ02,90,1,0,False,False,90
EST00332,2025-06-01,PRD20,LOJ02,91,7,0,False,False,13
EST00333,2025-06-01,PRD21,LOJ02,45,4,0,False,False,11
EST00334,2025-06-01,PRD22,LOJ02,341,6,171,False,False,56
EST00335,2025-06-01,PRD23,LOJ02,45,4,0,False,False,11
EST00336,2025-06-01,PRD24,LOJ02,140,3,0,False,False,46
EST00337,2025-06-01,PRD25,LOJ02,118,8,0,False,False,14
EST00338,2025-06-01,PRD01,WEB01,126,6,0,False,False,21
EST00339,2025-06-01,PRD02,WEB01,95,1,0,False,False,95
EST00340,2025-06-01,PRD03,WEB01,72,2,0,False,False,36
EST00341,2025-06-01,PRD04,WEB01,196,4,0,False,False,49
EST00342,2025-06-01,PRD05,WEB01,71,5,0,False,False,14
EST00343,2025-06-01,PRD06,WEB01,93,4,0,False,False,23
EST00344,2025-06-01,PRD07,WEB01,32,2,0,False,False,16
EST00345,2025-06-01,PRD08,WEB01,146,2,0,False,False,73
EST00346,2025-06-01,PRD09,WEB01,279,0,118,False,False,93
EST00347,2025-06-01,PRD10,WEB01,102,7,0,False,False,14
EST00348,2025-06-01,PRD11,WEB01,70,2,0,False,False,35
EST00349,2025-06-01,PRD12,WEB01,57,1,0,False,False,57
EST00350,2025-06-01,PRD13,WEB01,305,5,182,False,False,61
EST00351,2025-06-01,PRD14,WEB01,170,8,72,False,False,21
EST00352,2025-06-01,PRD15,WEB01,180,8,0,False,False,22
EST00353,2025-06-01,PRD16,WEB01,185,4,0,False,False,46
EST00354,2025-06-01,PRD17,WEB01,186,0,0,False,False,62
EST00355,2025-06-01,PRD18,WEB01,84,5,0,False,False,16
EST00356,2025-06-01,PRD19,WEB01,66,1,0,False,False,66
EST00357,2025-06-01,PRD20,WEB01,99,5,0,False,False,19
EST00358,2025-06-01,PRD21,WEB01,167,2,0,False,False,83
EST00359,2025-06-15,PRD01,LOJ01,191,3,0,False,False,63
EST00360,2025-06-15,PRD02,LOJ01,141,3,0,False,False,47
EST00361,2025-06-15,PRD03,LOJ01,110,2,0,False,False,55
EST00362,2025-06-15,PRD04,LOJ01,187,4,0,False,False,46
EST00363,2025-06-15,PRD05,LOJ01,93,7,0,False,False,13
EST00364,2025-06-15,PRD06,LOJ01,61,5,0,False,False,12
EST00365,2025-06-15,PRD07,LOJ01,192,0,0,False,False,64
EST00366,2025-06-15,PRD08,LOJ01,278,0,186,False,False,92
EST00367,2025-06-15,PRD09,LOJ01,28,5,0,False,False,5
EST00368,2025-06-15,PRD10,LOJ01,37,2,0,False,False,18
EST00369,2025-06-15,PRD11,LOJ01,78,4,0,False,False,19
EST00370,2025-06-15,PRD12,LOJ01,51,7,0,False,False,7
EST00371,2025-06-15,PRD13,LOJ01,101,4,0,False,False,25
EST00372,2025-06-15,PRD14,LOJ01,65,8,0,False,False,8
EST00373,2025-06-15,PRD15,LOJ01,102,1,0,False,False,102
EST00374,2025-06-15,PRD16,LOJ01,134,1,0,False,False,134
EST00375,2025-06-15,PRD17,LOJ01,40,5,0,False,False,8
EST00376,2025-06-15,PRD18,LOJ01,141,8,0,False,False,17
EST00377,2025-06-15,PRD19,LOJ01,59,2,0,False,False,29
EST00378,2025-06-15,PRD20,LOJ01,83,4,0,False,False,20
EST00379,2025-06-15,PRD21,LOJ01,267,4,160,False,False,66
EST00380,2025-06-15,PRD22,LOJ01,38,4,0,False,False,9
EST00381,2025-06-15,PRD23,LOJ01,233,8,90,False,False,29
EST00382,2025-06-15,PRD24,LOJ01,50,7,0,False,False,7
EST00383,2025-06-15,PRD25,LOJ01,45,7,0,False,False,6
EST00384,2025-06-15,PRD01,LOJ02,198,3,142,False,False,66
EST00385,2025-06-15,PRD02,LOJ02,177,0,0,False,False,59
EST00386,2025-06-15,PRD03,LOJ02,138,5,0,False,False,27
EST00387,2025-06-15,PRD04,LOJ02,173,2,0,False,False,86
EST00388,2025-06-15,PRD05,LOJ02,124,6,0,False,False,20
EST00389,2025-06-15,PRD06,LOJ02,78,4,0,False,False,19
EST00390,2025-06-15,PRD07,LOJ02,33,0,0,False,False,11
EST00391,2025-06-15,PRD08,LOJ02,94,7,0,False,False,13
EST00392,2025-06-15,PRD09,LOJ02,103,1,0,False,False,103
EST00393,2025-06-15,PRD10,LOJ02,175,6,0,False,False,29
EST00394,2025-06-15,PRD11,LOJ02,147,6,0,False,False,24
EST00395,2025-06-15,PRD12,LOJ02,53,7,0,False,False,7
EST00396,2025-06-15,PRD13,LOJ02,87,7,0,False,False,12
EST00397,2025-06-15,PRD14,LOJ02,135,7,0,False,False,19
EST00398,2025-06-15,PRD15,LOJ02,158,1,0,False,False,158
EST00399,2025-06-15,PRD16,LOJ02,72,6,0,False,False,12
EST00400,2025-06-15,PRD17,LOJ02,142,3,0,False,False,47
EST00401,2025-06-15,PRD18,LOJ02,89,3,0,False,False,29
EST00402,2025-06-15,PRD19,LOJ02,102,1,0,False,False,102
EST00403,2025-06-15,PRD20,LOJ02,241,1,68,False,False,241
EST00404,2025-06-15,PRD21,LOJ02,101,4,0,False,False,25
EST00405,2025-06-15,PRD22,LOJ02,189,6,0,False,False,31
EST00406,2025-06-15,PRD23,LOJ02,337,7,180,False,False,48
EST00407,2025-06-15,PRD24,LOJ02,188,0,82,False,False,62
EST00408,2025-06-15,PRD25,LOJ02,138,5,0,False,False,27
EST00409,2025-06-15,PRD01,WEB01,191,8,0,False,False,23
EST00410,2025-06-15,PRD02,WEB01,85,0,0,False,False,28
EST00411,2025-06-15,PRD03,WEB01,116,8,0,False,False,14
EST00412,2025-06-15,PRD04,WEB01,133,5,0,False,False,26
EST00413,2025-06-15,PRD05,WEB01,156,6,0,False,False,26
EST00414,2025-06-15,PRD06,WEB01,106,8,0,False,False,13
EST00415,2025-06-15,PRD07,WEB01,56,5,0,False,False,11
EST00416,2025-06-15,PRD08,WEB01,191,5,0,False,False,38
EST00417,2025-06-15,PRD09,WEB01,247,2,101,False,False,123
EST00418,2025-06-15,PRD10,WEB01,174,3,65,False,False,58
EST00419,2025-06-15,PRD11,WEB01,143,1,0,False,False,143
EST00420,2025-06-15,PRD12,WEB01,92,0,0,False,False,30
EST00421,2025-06-15,PRD13,WEB01,95,6,0,False,False,15
EST00422,2025-06-15,PRD14,WEB01,127,6,0,False,False,21
EST00423,2025-06-15,PRD15,WEB01,34,1,0,False,False,34
EST00424,2025-06-15,PRD16,WEB01,152,0,89,False,False,50
EST00425,2025-06-15,PRD17,WEB01,171,0,50,False,False,57
EST00426,2025-06-15,PRD18,WEB01,105,5,0,False,False,21
EST00427,2025-06-15,PRD19,WEB01,120,7,0,False,False,17
EST00428,2025-06-15,PRD20,WEB01,147,4,0,False,False,36
EST00429,2025-06-15,PRD21,WEB01,28,3,0,False,False,9
EST00430,2025-07-01,PRD01,LOJ01,250,5,167,False,False,50
EST00431,2025-07-01,PRD02,LOJ01,135,1,0,False,False,135
EST00432,2025-07-01,PRD03,LOJ01,133,3,0,False,False,44
EST00433,2025-07-01,PRD04,LOJ01,135,1,0,False,False,135
EST00434,2025-07-01,PRD05,LOJ01,104,0,0,False,False,34
EST00435,2025-07-01,PRD06,LOJ01,126,8,0,False,False,15
EST00436,2025-07-01,PRD07,LOJ01,67,6,0,False,False,11
EST00437,2025-07-01,PRD08,LOJ01,159,3,0,False,False,53
EST00438,2025-07-01,PRD09,LOJ01,114,5,0,False,False,22
EST00439,2025-07-01,PRD10,LOJ01,88,5,0,False,False,17
EST00440,2025-07-01,PRD11,LOJ01,172,6,0,False,False,28
EST00441,2025-07-01,PRD12,LOJ01,174,7,0,False,False,24
EST00442,2025-07-01,PRD13,LOJ01,91,2,0,False,False,45
EST00443,2025-07-01,PRD14,LOJ01,194,4,69,False,False,48
EST00444,2025-07-01,PRD15,LOJ01,158,3,0,False,False,52
EST00445,2025-07-01,PRD16,LOJ01,91,7,0,False,False,13
EST00446,2025-07-01,PRD17,LOJ01,172,0,133,False,False,57
EST00447,2025-07-01,PRD18,LOJ01,75,4,0,False,False,18
EST00448,2025-07-01,PRD19,LOJ01,132,8,0,False,False,16
EST00449,2025-07-01,PRD20,LOJ01,186,1,0,False,False,186
EST00450,2025-07-01,PRD21,LOJ01,137,0,0,False,False,45
EST00451,2025-07-01,PRD22,LOJ01,183,8,0,False,False,22
EST00452,2025-07-01,PRD23,LOJ01,109,3,0,False,False,36
EST00453,2025-07-01,PRD24,LOJ01,235,1,94,False,False,235
EST00454,2025-07-01,PRD25,LOJ01,161,8,0,False,False,20
EST00455,2025-07-01,PRD01,LOJ02,256,2,65,False,False,128
EST00456,2025-07-01,PRD02,LOJ02,273,0,115,False,False,91
EST00457,2025-07-01,PRD03,LOJ02,154,7,0,False,False,22
EST00458,2025-07-01,PRD04,LOJ02,49,5,0,False,False,9
EST00459,2025-07-01,PRD05,LOJ02,141,2,0,False,False,70
EST00460,2025-07-01,PRD06,LOJ02,179,7,0,False,False,25
EST00461,2025-07-01,PRD07,LOJ02,197,0,0,False,False,65
EST00462,2025-07-01,PRD08,LOJ02,79,6,0,False,False,13
EST00463,2025-07-01,PRD09,LOJ02,166,7,73,False,False,23
EST00464,2025-07-01,PRD10,LOJ02,96,8,52,False,False,12
EST00465,2025-07-01,PRD11,LOJ02,186,1,0,False,False,186
EST00466,2025-07-01,PRD12,LOJ02,119,1,0,False,False,119
EST00467,2025-07-01,PRD13,LOJ02,84,0,0,False,False,28
EST00468,2025-07-01,PRD14,LOJ02,178,1,0,False,False,178
EST00469,2025-07-01,PRD15,LOJ02,159,6,0,False,False,26
EST00470,2025-07-01,PRD16,LOJ02,155,7,0,False,False,22
EST00471,2025-07-01,PRD17,LOJ02,198,1,0,False,False,198
EST00472,2025-07-01,PRD18,LOJ02,83,5,0,False,False,16
EST00473,2025-07-01,PRD19,LOJ02,117,5,0,False,False,23
EST00474,2025-07-01,PRD20,LOJ02,190,4,150,False,False,47
EST00475,2025-07-01,PRD21,LOJ02,43,7,0,False,False,6
EST00476,2025-07-01,PRD22,LOJ02,160,2,0,False,False,80
EST00477,2025-07-01,PRD23,LOJ02,329,6,149,False,False,54
EST00478,2025-07-01,PRD24,LOJ02,181,7,0,False,False,25
EST00479,2025-07-01,PRD25,LOJ02,133,6,0,False,False,22
EST00480,2025-07-01,PRD01,WEB01,74,7,0,False,False,10
EST00481,2025-07-01,PRD02,WEB01,158,4,0,False,False,39
EST00482,2025-07-01,PRD03,WEB01,77,2,0,False,False,38
EST00483,2025-07-01,PRD04,WEB01,202,7,78,False,False,28
EST00484,2025-07-01,PRD05,WEB01,115,8,0,False,False,14
EST00485,2025-07-01,PRD06,WEB01,108,1,79,False,False,108
EST00486,2025-07-01,PRD07,WEB01,79,1,0,False,False,79
EST00487,2025-07-01,PRD08,WEB01,97,8,0,False,False,12
EST00488,2025-07-01,PRD09,WEB01,190,5,0,False,False,38
EST00489,2025-07-01,PRD10,WEB01,113,4,0,False,False,28
EST00490,2025-07-01,PRD11,WEB01,157,7,0,False,False,22
EST00491,2025-07-01,PRD12,WEB01,268,7,104,False,False,38
EST00492,2025-07-01,PRD13,WEB01,120,3,0,False,False,40
EST00493,2025-07-01,PRD14,WEB01,71,2,0,False,False,35
EST00494,2025-07-01,PRD15,WEB01,220,0,139,False,False,73
EST00495,2025-07-01,PRD16,WEB01,93,8,0,False,False,11
EST00496,2025-07-01,PRD17,WEB01,38,3,0,False,False,12
EST00497,2025-07-01,PRD18,WEB01,136,5,98,False,False,27
EST00498,2025-07-01,PRD19,WEB01,63,6,0,False,False,10
EST00499,2025-07-01,PRD20,WEB01,129,2,0,False,False,64
EST00500,2025-07-01,PRD21,WEB01,104,3,0,False,False,34
EST00501,2025-07-15,PRD01,LOJ01,202,7,76,False,False,28
EST00502,2025-07-15,PRD02,LOJ01,179,5,0,False,False,35
EST00503,2025-07-15,PRD03,LOJ01,104,1,0,False,False,104
EST00504,2025-07-15,PRD04,LOJ01,100,1,0,False,False,100
EST00505,2025-07-15,PRD05,LOJ01,65,4,0,False,False,16
EST00506,2025-07-15,PRD06,LOJ01,48,2,0,False,False,24
EST00507,2025-07-15,PRD07,LOJ01,116,7,0,False,False,16
EST00508,2025-07-15,PRD08,LOJ01,137,5,0,False,False,27
EST00509,2025-07-15,PRD09,LOJ01,151,2,0,False,False,75
EST00510,2025-07-15,PRD10,LOJ01,192,6,0,False,False,32
EST00511,2025-07-15,PRD11,LOJ01,66,8,0,False,False,8
EST00512,2025-07-15,PRD12,LOJ01,168,8,0,False,False,21
EST00513,2025-07-15,PRD13,LOJ01,171,4,0,False,False,42
EST00514,2025-07-15,PRD14,LOJ01,162,5,0,False,False,32
EST00515,2025-07-15,PRD15,LOJ01,116,5,0,False,False,23
EST00516,2025-07-15,PRD16,LOJ01,143,6,0,False,False,23
EST00517,2025-07-15,PRD17,LOJ01,44,4,0,False,False,11
EST00518,2025-07-15,PRD18,LOJ01,205,8,72,False,False,25
EST00519,2025-07-15,PRD19,LOJ01,28,4,0,False,False,7
EST00520,2025-07-15,PRD20,LOJ01,140,4,0,False,False,35
EST00521,2025-07-15,PRD21,LOJ01,156,1,0,False,False,156
EST00522,2025-07-15,PRD22,LOJ01,58,3,0,False,False,19
EST00523,2025-07-15,PRD23,LOJ01,80,1,0,False,False,80
EST00524,2025-07-15,PRD24,LOJ01,89,1,0,False,False,89
EST00525,2025-07-15,PRD25,LOJ01,162,4,0,False,False,40
EST00526,2025-07-15,PRD01,LOJ02,124,3,0,False,False,41
EST00527,2025-07-15,PRD02,LOJ02,185,8,0,False,False,23
EST00528,2025-07-15,PRD03,LOJ02,216,8,51,False,False,27
EST00529,2025-07-15,PRD04,LOJ02,75,7,0,False,False,10
EST00530,2025-07-15,PRD05,LOJ02,107,8,0,False,False,13
EST00531,2025-07-15,PRD06,LOJ02,81,8,0,False,False,10
EST00532,2025-07-15,PRD07,LOJ02,93,5,0,False,False,18
EST00533,2025-07-15,PRD08,LOJ02,55,0,0,False,False,18
EST00534,2025-07-15,PRD09,LOJ02,132,6,0,False,False,22
EST00535,2025-07-15,PRD10,LOJ02,273,2,168,False,False,136
EST00536,2025-07-15,PRD11,LOJ02,96,1,0,False,False,96
EST00537,2025-07-15,PRD12,LOJ02,149,6,0,False,False,24
EST00538,2025-07-15,PRD13,LOJ02,120,8,91,False,False,15
EST00539,2025-07-15,PRD14,LOJ02,30,5,0,False,False,6
EST00540,2025-07-15,PRD15,LOJ02,201,4,83,False,False,50
EST00541,2025-07-15,PRD16,LOJ02,101,2,0,False,False,50
EST00542,2025-07-15,PRD17,LOJ02,47,3,0,False,False,15
EST00543,2025-07-15,PRD18,LOJ02,159,7,0,False,False,22
EST00544,2025-07-15,PRD19,LOJ02,229,2,147,False,False,114
EST00545,2025-07-15,PRD20,LOJ02,243,2,128,False,False,121
EST00546,2025-07-15,PRD21,LOJ02,56,3,0,False,False,18
EST00547,2025-07-15,PRD22,LOJ02,186,8,0,False,False,23
EST00548,2025-07-15,PRD23,LOJ02,190,5,52,False,False,38
EST00549,2025-07-15,PRD24,LOJ02,111,1,0,False,False,111
EST00550,2025-07-15,PRD25,LOJ02,160,5,129,False,False,32
EST00551,2025-07-15,PRD01,WEB01,167,7,0,False,False,23
EST00552,2025-07-15,PRD02,WEB01,121,4,0,False,False,30
EST00553,2025-07-15,PRD03,WEB01,65,1,0,False,False,65
EST00554,2025-07-15,PRD04,WEB01,184,3,0,False,False,61
EST00555,2025-07-15,PRD05,WEB01,70,3,0,False,False,23
EST00556,2025-07-15,PRD06,WEB01,102,1,0,False,False,102
EST00557,2025-07-15,PRD07,WEB01,280,1,164,False,False,280
EST00558,2025-07-15,PRD08,WEB01,89,8,0,False,False,11
EST00559,2025-07-15,PRD09,WEB01,187,1,0,False,False,187
EST00560,2025-07-15,PRD10,WEB01,104,5,0,False,False,20
EST00561,2025-07-15,PRD11,WEB01,48,6,0,False,False,8
EST00562,2025-07-15,PRD12,WEB01,139,2,0,False,False,69
EST00563,2025-07-15,PRD13,WEB01,30,6,0,False,False,5
EST00564,2025-07-15,PRD14,WEB01,211,3,56,False,False,70
EST00565,2025-07-15,PRD15,WEB01,190,8,0,False,False,23
EST00566,2025-07-15,PRD16,WEB01,160,6,0,False,False,26
EST00567,2025-07-15,PRD17,WEB01,139,5,0,False,False,27
EST00568,2025-07-15,PRD18,WEB01,66,4,0,False,False,16
EST00569,2025-07-15,PRD19,WEB01,41,7,0,False,False,5
EST00570,2025-07-15,PRD20,WEB01,147,3,0,False,False,49
EST00571,2025-07-15,PRD21,WEB01,97,3,0,False,False,32
EST00572,2025-08-01,PRD01,LOJ01,281,2,92,False,False,140
EST00573,2025-08-01,PRD02,LOJ01,39,6,0,False,False,6
EST00574,2025-08-01,PRD03,LOJ01,65,5,0,False,False,13
EST00575,2025-08-01,PRD04,LOJ01,117,2,0,False,False,58
EST00576,2025-08-01,PRD05,LOJ01,34,1,0,False,False,34
EST00577,2025-08-01,PRD06,LOJ01,238,2,70,False,False,119
EST00578,2025-08-01,PRD07,LOJ01,45,0,0,False,False,15
EST00579,2025-08-01,PRD08,LOJ01,112,4,0,False,False,28
EST00580,2025-08-01,PRD09,LOJ01,179,1,0,False,False,179
EST00581,2025-08-01,PRD10,LOJ01,71,7,0,False,False,10
EST00582,2025-08-01,PRD11,LOJ01,80,7,0,False,False,11
EST00583,2025-08-01,PRD12,LOJ01,144,2,0,False,False,72
EST00584,2025-08-01,PRD13,LOJ01,81,5,0,False,False,16
EST00585,2025-08-01,PRD14,LOJ01,42,3,0,False,False,14
EST00586,2025-08-01,PRD15,LOJ01,180,6,0,False,False,30
EST00587,2025-08-01,PRD16,LOJ01,26,8,0,False,False,3
EST00588,2025-08-01,PRD17,LOJ01,126,6,0,False,False,21
EST00589,2025-08-01,PRD18,LOJ01,110,5,0,False,False,22
EST00590,2025-08-01,PRD19,LOJ01,114,8,76,False,False,14
EST00591,2025-08-01,PRD20,LOJ01,104,8,0,False,False,13
EST00592,2025-08-01,PRD21,LOJ01,89,0,0,False,False,29
EST00593,2025-08-01,PRD22,LOJ01,108,2,0,False,False,54
EST00594,2025-08-01,PRD23,LOJ01,156,3,0,False,False,52
EST00595,2025-08-01,PRD24,LOJ01,191,8,0,False,False,23
EST00596,2025-08-01,PRD25,LOJ01,132,0,0,False,False,44
EST00597,2025-08-01,PRD01,LOJ02,193,4,0,False,False,48
EST00598,2025-08-01,PRD02,LOJ02,89,8,0,False,False,11
EST00599,2025-08-01,PRD03,LOJ02,226,1,175,False,False,226
EST00600,2025-08-01,PRD04,LOJ02,173,6,0,False,False,28
EST00601,2025-08-01,PRD05,LOJ02,105,3,0,False,False,35
EST00602,2025-08-01,PRD06,LOJ02,121,5,0,False,False,24
EST00603,2025-08-01,PRD07,LOJ02,79,4,0,False,False,19
EST00604,2025-08-01,PRD08,LOJ02,129,7,0,False,False,18
EST00605,2025-08-01,PRD09,LOJ02,47,3,0,False,False,15
EST00606,2025-08-01,PRD10,LOJ02,166,7,0,False,False,23
EST00607,2025-08-01,PRD11,LOJ02,74,1,0,False,False,74
EST00608,2025-08-01,PRD12,LOJ02,150,6,83,False,False,25
EST00609,2025-08-01,PRD13,LOJ02,85,8,0,False,False,10
EST00610,2025-08-01,PRD14,LOJ02,140,6,0,False,False,23
EST00611,2025-08-01,PRD15,LOJ02,360,0,174,False,False,120
EST00612,2025-08-01,PRD16,LOJ02,87,7,0,False,False,12
EST00613,2025-08-01,PRD17,LOJ02,70,4,0,False,False,17
EST00614,2025-08-01,PRD18,LOJ02,111,2,0,False,False,55
EST00615,2025-08-01,PRD19,LOJ02,84,4,0,False,False,21
EST00616,2025-08-01,PRD20,LOJ02,163,6,0,False,False,27
EST00617,2025-08-01,PRD21,LOJ02,185,7,0,False,False,26
EST00618,2025-08-01,PRD22,LOJ02,74,4,0,False,False,18
EST00619,2025-08-01,PRD23,LOJ02,102,2,0,False,False,51
EST00620,2025-08-01,PRD24,LOJ02,122,0,0,False,False,40
EST00621,2025-08-01,PRD25,LOJ02,139,0,0,False,False,46
EST00622,2025-08-01,PRD01,WEB01,163,1,0,False,False,163
EST00623,2025-08-01,PRD02,WEB01,38,5,0,False,False,7
EST00624,2025-08-01,PRD03,WEB01,74,2,0,False,False,37
EST00625,2025-08-01,PRD04,WEB01,138,7,0,False,False,19
EST00626,2025-08-01,PRD05,WEB01,133,0,0,False,False,44
EST00627,2025-08-01,PRD06,WEB01,169,6,0,False,False,28
EST00628,2025-08-01,PRD07,WEB01,163,3,0,False,False,54
EST00629,2025-08-01,PRD08,WEB01,77,3,0,False,False,25
EST00630,2025-08-01,PRD09,WEB01,71,1,0,False,False,71
EST00631,2025-08-01,PRD10,WEB01,356,2,198,False,False,178
EST00632,2025-08-01,PRD11,WEB01,96,2,0,False,False,48
EST00633,2025-08-01,PRD12,WEB01,156,0,0,False,False,52
EST00634,2025-08-01,PRD13,WEB01,131,8,0,False,False,16
EST00635,2025-08-01,PRD14,WEB01,192,5,0,False,False,38
EST00636,2025-08-01,PRD15,WEB01,39,1,0,False,False,39
EST00637,2025-08-01,PRD16,WEB01,109,1,64,False,False,109
EST00638,2025-08-01,PRD17,WEB01,206,2,113,False,False,103
EST00639,2025-08-01,PRD18,WEB01,157,5,0,False,False,31
EST00640,2025-08-01,PRD19,WEB01,145,1,0,False,False,145
EST00641,2025-08-01,PRD20,WEB01,160,2,0,False,False,80
EST00642,2025-08-01,PRD21,WEB01,127,1,0,False,False,127
EST00643,2025-08-15,PRD01,LOJ01,63,5,0,False,False,12
EST00644,2025-08-15,PRD02,LOJ01,193,4,129,False,False,48
EST00645,2025-08-15,PRD03,LOJ01,209,6,133,False,False,34
EST00646,2025-08-15,PRD04,LOJ01,155,4,0,False,False,38
EST00647,2025-08-15,PRD05,LOJ01,134,4,0,False,False,33
EST00648,2025-08-15,PRD06,LOJ01,149,1,0,False,False,149
EST00649,2025-08-15,PRD07,LOJ01,61,6,0,False,False,10
EST00650,2025-08-15,PRD08,LOJ01,134,8,0,False,False,16
EST00651,2025-08-15,PRD09,LOJ01,32,6,0,False,False,5
EST00652,2025-08-15,PRD10,LOJ01,146,0,0,False,False,48
EST00653,2025-08-15,PRD11,LOJ01,27,3,0,False,False,9
EST00654,2025-08-15,PRD12,LOJ01,343,3,159,False,False,114
EST00655,2025-08-15,PRD13,LOJ01,62,7,0,False,False,8
EST00656,2025-08-15,PRD14,LOJ01,183,7,0,False,False,26
EST00657,2025-08-15,PRD15,LOJ01,112,7,0,False,False,16
EST00658,2025-08-15,PRD16,LOJ01,50,1,0,False,False,50
EST00659,2025-08-15,PRD17,LOJ01,33,2,0,False,False,16
EST00660,2025-08-15,PRD18,LOJ01,350,6,184,False,False,58
EST00661,2025-08-15,PRD19,LOJ01,87,3,0,False,False,29
EST00662,2025-08-15,PRD20,LOJ01,106,7,0,False,False,15
EST00663,2025-08-15,PRD21,LOJ01,134,5,65,False,False,26
EST00664,2025-08-15,PRD22,LOJ01,75,3,0,False,False,25
EST00665,2025-08-15,PRD23,LOJ01,66,5,0,False,False,13
EST00666,2025-08-15,PRD24,LOJ01,105,0,0,False,False,35
EST00667,2025-08-15,PRD25,LOJ01,60,6,0,False,False,10
EST00668,2025-08-15,PRD01,LOJ02,241,0,71,False,False,80
EST00669,2025-08-15,PRD02,LOJ02,143,7,60,False,False,20
EST00670,2025-08-15,PRD03,LOJ02,202,8,55,False,False,25
EST00671,2025-08-15,PRD04,LOJ02,279,0,88,False,False,93
EST00672,2025-08-15,PRD05,LOJ02,203,3,106,False,False,67
EST00673,2025-08-15,PRD06,LOJ02,97,0,0,False,False,32
EST00674,2025-08-15,PRD07,LOJ02,52,7,0,False,False,7
EST00675,2025-08-15,PRD08,LOJ02,187,1,0,False,False,187
EST00676,2025-08-15,PRD09,LOJ02,145,4,0,False,False,36
EST00677,2025-08-15,PRD10,LOJ02,162,2,0,False,False,81
EST00678,2025-08-15,PRD11,LOJ02,48,4,0,False,False,12
EST00679,2025-08-15,PRD12,LOJ02,90,8,0,False,False,11
EST00680,2025-08-15,PRD13,LOJ02,60,3,0,False,False,20
EST00681,2025-08-15,PRD14,LOJ02,98,2,0,False,False,49
EST00682,2025-08-15,PRD15,LOJ02,72,0,0,False,False,24
EST00683,2025-08-15,PRD16,LOJ02,31,1,0,False,False,31
EST00684,2025-08-15,PRD17,LOJ02,63,2,0,False,False,31
EST00685,2025-08-15,PRD18,LOJ02,50,6,0,False,False,8
EST00686,2025-08-15,PRD19,LOJ02,79,6,0,False,False,13
EST00687,2025-08-15,PRD20,LOJ02,200,5,112,False,False,40
EST00688,2025-08-15,PRD21,LOJ02,133,4,0,False,False,33
EST00689,2025-08-15,PRD22,LOJ02,50,5,0,False,False,10
EST00690,2025-08-15,PRD23,LOJ02,71,0,0,False,False,23
EST00691,2025-08-15,PRD24,LOJ02,157,2,0,False,False,78
EST00692,2025-08-15,PRD25,LOJ02,167,3,65,False,False,55
EST00693,2025-08-15,PRD01,WEB01,97,4,0,False,False,24
EST00694,2025-08-15,PRD02,WEB01,28,4,0,False,False,7
EST00695,2025-08-15,PRD03,WEB01,283,1,179,False,False,283
EST00696,2025-08-15,PRD04,WEB01,274,4,181,False,False,68
EST00697,2025-08-15,PRD05,WEB01,96,2,0,False,False,48
EST00698,2025-08-15,PRD06,WEB01,145,5,0,False,False,29
EST00699,2025-08-15,PRD07,WEB01,165,1,69,False,False,165
EST00700,2025-08-15,PRD08,WEB01,108,3,0,False,False,36
EST00701,2025-08-15,PRD09,WEB01,152,6,0,False,False,25
EST00702,2025-08-15,PRD10,WEB01,128,6,0,False,False,21
EST00703,2025-08-15,PRD11,WEB01,197,2,0,False,False,98
EST00704,2025-08-15,PRD12,WEB01,74,8,0,False,False,9
EST00705,2025-08-15,PRD13,WEB01,276,4,88,False,False,69
EST00706,2025-08-15,PRD14,WEB01,42,8,0,False,False,5
EST00707,2025-08-15,PRD15,WEB01,193,3,0,False,False,64
EST00708,2025-08-15,PRD16,WEB01,162,5,83,False,False,32
EST00709,2025-08-15,PRD17,WEB01,277,7,191,False,False,39
EST00710,2025-08-15,PRD18,WEB01,71,1,0,False,False,71
EST00711,2025-08-15,PRD19,WEB01,116,3,0,False,False,38
EST00712,2025-08-15,PRD20,WEB01,51,4,0,False,False,12
EST00713,2025-08-15,PRD21,WEB01,75,1,0,False,False,75
EST00714,2025-09-01,PRD01,LOJ01,221,8,189,False,False,27
EST00715,2025-09-01,PRD02,LOJ01,278,2,197,False,False,139
EST00716,2025-09-01,PRD03,LOJ01,120,7,0,False,False,17
EST00717,2025-09-01,PRD04,LOJ01,128,6,59,False,False,21
EST00718,2025-09-01,PRD05,LOJ01,236,2,108,False,False,118
EST00719,2025-09-01,PRD06,LOJ01,75,5,0,False,False,15
EST00720,2025-09-01,PRD07,LOJ01,212,5,73,False,False,42
EST00721,2025-09-01,PRD08,LOJ01,127,4,0,False,False,31
EST00722,2025-09-01,PRD09,LOJ01,174,3,0,False,False,58
EST00723,2025-09-01,PRD10,LOJ01,176,3,0,False,False,58
EST00724,2025-09-01,PRD11,LOJ01,69,6,0,False,False,11
EST00725,2025-09-01,PRD12,LOJ01,113,2,0,False,False,56
EST00726,2025-09-01,PRD13,LOJ01,260,0,167,False,False,86
EST00727,2025-09-01,PRD14,LOJ01,91,1,0,False,False,91
EST00728,2025-09-01,PRD15,LOJ01,142,8,87,False,False,17
EST00729,2025-09-01,PRD16,LOJ01,151,1,0,False,False,151
EST00730,2025-09-01,PRD17,LOJ01,132,8,0,False,False,16
EST00731,2025-09-01,PRD18,LOJ01,176,5,88,False,False,35
EST00732,2025-09-01,PRD19,LOJ01,359,7,177,False,False,51
EST00733,2025-09-01,PRD20,LOJ01,48,4,0,False,False,12
EST00734,2025-09-01,PRD21,LOJ01,104,5,0,False,False,20
EST00735,2025-09-01,PRD22,LOJ01,122,0,0,False,False,40
EST00736,2025-09-01,PRD23,LOJ01,131,1,0,False,False,131
EST00737,2025-09-01,PRD24,LOJ01,28,5,0,False,False,5
EST00738,2025-09-01,PRD25,LOJ01,184,6,0,False,False,30
EST00739,2025-09-01,PRD01,LOJ02,24,6,0,False,False,4
EST00740,2025-09-01,PRD02,LOJ02,194,2,0,False,False,97
EST00741,2025-09-01,PRD03,LOJ02,266,7,147,False,False,38
EST00742,2025-09-01,PRD04,LOJ02,61,6,0,False,False,10
EST00743,2025-09-01,PRD05,LOJ02,75,5,0,False,False,15
EST00744,2025-09-01,PRD06,LOJ02,212,3,161,False,False,70
EST00745,2025-09-01,PRD07,LOJ02,100,6,0,False,False,16
EST00746,2025-09-01,PRD08,LOJ02,154,7,0,False,False,22
EST00747,2025-09-01,PRD09,LOJ02,62,4,0,False,False,15
EST00748,2025-09-01,PRD10,LOJ02,70,5,0,False,False,14
EST00749,2025-09-01,PRD11,LOJ02,87,8,0,False,False,10
EST00750,2025-09-01,PRD12,LOJ02,172,7,0,False,False,24
EST00751,2025-09-01,PRD13,LOJ02,49,8,0,False,False,6
EST00752,2025-09-01,PRD14,LOJ02,187,8,152,False,False,23
EST00753,2025-09-01,PRD15,LOJ02,143,7,0,False,False,20
EST00754,2025-09-01,PRD16,LOJ02,275,5,98,False,False,55
EST00755,2025-09-01,PRD17,LOJ02,77,2,0,False,False,38
EST00756,2025-09-01,PRD18,LOJ02,110,3,0,False,False,36
EST00757,2025-09-01,PRD19,LOJ02,110,3,0,False,False,36
EST00758,2025-09-01,PRD20,LOJ02,70,1,0,False,False,70
EST00759,2025-09-01,PRD21,LOJ02,51,8,0,False,False,6
EST00760,2025-09-01,PRD22,LOJ02,85,8,0,False,False,10
EST00761,2025-09-01,PRD23,LOJ02,182,5,67,False,False,36
EST00762,2025-09-01,PRD24,LOJ02,138,0,0,False,False,46
EST00763,2025-09-01,PRD25,LOJ02,131,4,0,False,False,32
EST00764,2025-09-01,PRD01,WEB01,141,3,0,False,False,47
EST00765,2025-09-01,PRD02,WEB01,87,6,0,False,False,14
EST00766,2025-09-01,PRD03,WEB01,121,1,0,False,False,121
EST00767,2025-09-01,PRD04,WEB01,45,6,0,False,False,7
EST00768,2025-09-01,PRD05,WEB01,243,2,63,False,False,121
EST00769,2025-09-01,PRD06,WEB01,99,1,0,False,False,99
EST00770,2025-09-01,PRD07,WEB01,46,0,0,False,False,15
EST00771,2025-09-01,PRD08,WEB01,92,7,0,False,False,13
EST00772,2025-09-01,PRD09,WEB01,166,3,0,False,False,55
EST00773,2025-09-01,PRD10,WEB01,170,0,0,False,False,56
EST00774,2025-09-01,PRD11,WEB01,113,0,0,False,False,37
EST00775,2025-09-01,PRD12,WEB01,86,3,0,False,False,28
EST00776,2025-09-01,PRD13,WEB01,105,2,0,False,False,52
EST00777,2025-09-01,PRD14,WEB01,91,5,61,False,False,18
EST00778,2025-09-01,PRD15,WEB01,226,7,67,False,False,32
EST00779,2025-09-01,PRD16,WEB01,76,5,0,False,False,15
EST00780,2025-09-01,PRD17,WEB01,198,2,0,False,False,99
EST00781,2025-09-01,PRD18,WEB01,103,2,0,False,False,51
EST00782,2025-09-01,PRD19,WEB01,81,1,0,False,False,81
EST00783,2025-09-01,PRD20,WEB01,246,3,116,False,False,82
EST00784,2025-09-01,PRD21,WEB01,40,4,0,False,False,10
EST00785,2025-09-15,PRD01,LOJ01,215,5,92,False,False,43
EST00786,2025-09-15,PRD02,LOJ01,85,8,0,False,False,10
EST00787,2025-09-15,PRD03,LOJ01,38,1,0,False,False,38
EST00788,2025-09-15,PRD04,LOJ01,35,2,0,False,False,17
EST00789,2025-09-15,PRD05,LOJ01,105,0,0,False,False,35
EST00790,2025-09-15,PRD06,LOJ01,143,1,0,False,False,143
EST00791,2025-09-15,PRD07,LOJ01,106,4,0,False,False,26
EST00792,2025-09-15,PRD08,LOJ01,52,1,0,False,False,52
EST00793,2025-09-15,PRD09,LOJ01,119,0,0,False,False,39
EST00794,2025-09-15,PRD10,LOJ01,77,0,0,False,False,25
EST00795,2025-09-15,PRD11,LOJ01,236,4,192,False,False,59
EST00796,2025-09-15,PRD12,LOJ01,173,6,0,False,False,28
EST00797,2025-09-15,PRD13,LOJ01,73,6,0,False,False,12
EST00798,2025-09-15,PRD14,LOJ01,248,3,125,False,False,82
EST00799,2025-09-15,PRD15,LOJ01,139,6,0,False,False,23
EST00800,2025-09-15,PRD16,LOJ01,85,8,0,False,False,10
EST00801,2025-09-15,PRD17,LOJ01,220,4,134,False,False,55
EST00802,2025-09-15,PRD18,LOJ01,230,6,109,False,False,38
EST00803,2025-09-15,PRD19,LOJ01,52,3,0,False,False,17
EST00804,2025-09-15,PRD20,LOJ01,104,3,0,False,False,34
EST00805,2025-09-15,PRD21,LOJ01,254,0,121,False,False,84
EST00806,2025-09-15,PRD22,LOJ01,63,2,0,False,False,31
EST00807,2025-09-15,PRD23,LOJ01,47,4,0,False,False,11
EST00808,2025-09-15,PRD24,LOJ01,177,1,0,False,False,177
EST00809,2025-09-15,PRD25,LOJ01,137,5,0,False,False,27
EST00810,2025-09-15,PRD01,LOJ02,163,6,0,False,False,27
EST00811,2025-09-15,PRD02,LOJ02,49,2,0,False,False,24
EST00812,2025-09-15,PRD03,LOJ02,123,0,0,False,False,41
EST00813,2025-09-15,PRD04,LOJ02,264,7,101,False,False,37
EST00814,2025-09-15,PRD05,LOJ02,154,3,0,False,False,51
EST00815,2025-09-15,PRD06,LOJ02,270,5,140,False,False,54
EST00816,2025-09-15,PRD07,LOJ02,180,4,0,False,False,45
EST00817,2025-09-15,PRD08,LOJ02,283,6,101,False,False,47
EST00818,2025-09-15,PRD09,LOJ02,170,4,119,False,False,42
EST00819,2025-09-15,PRD10,LOJ02,334,4,147,False,False,83
EST00820,2025-09-15,PRD11,LOJ02,186,8,0,False,False,23
EST00821,2025-09-15,PRD12,LOJ02,172,2,0,False,False,86
EST00822,2025-09-15,PRD13,LOJ02,72,8,0,False,False,9
EST00823,2025-09-15,PRD14,LOJ02,195,3,0,False,False,65
EST00824,2025-09-15,PRD15,LOJ02,176,0,0,False,False,58
EST00825,2025-09-15,PRD16,LOJ02,144,5,0,False,False,28
EST00826,2025-09-15,PRD17,LOJ02,170,5,107,False,False,34
EST00827,2025-09-15,PRD18,LOJ02,146,7,0,False,False,20
EST00828,2025-09-15,PRD19,LOJ02,107,8,0,False,False,13
EST00829,2025-09-15,PRD20,LOJ02,194,3,0,False,False,64
EST00830,2025-09-15,PRD21,LOJ02,136,2,0,False,False,68
EST00831,2025-09-15,PRD22,LOJ02,162,4,0,False,False,40
EST00832,2025-09-15,PRD23,LOJ02,189,6,0,False,False,31
EST00833,2025-09-15,PRD24,LOJ02,64,1,0,False,False,64
EST00834,2025-09-15,PRD25,LOJ02,97,3,0,False,False,32
EST00835,2025-09-15,PRD01,LOJ03,193,3,81,False,False,64
EST00836,2025-09-15,PRD02,LOJ03,151,8,0,False,False,18
EST00837,2025-09-15,PRD03,LOJ03,48,1,0,False,False,48
EST00838,2025-09-15,PRD04,LOJ03,144,0,0,False,False,48
EST00839,2025-09-15,PRD05,LOJ03,187,3,0,False,False,62
EST00840,2025-09-15,PRD06,LOJ03,73,1,0,False,False,73
EST00841,2025-09-15,PRD07,LOJ03,78,7,0,False,False,11
EST00842,2025-09-15,PRD08,LOJ03,162,3,126,False,False,54
EST00843,2025-09-15,PRD09,LOJ03,63,7,0,False,False,9
EST00844,2025-09-15,PRD10,LOJ03,198,2,0,False,False,99
EST00845,2025-09-15,PRD11,LOJ03,160,0,0,False,False,53
EST00846,2025-09-15,PRD12,LOJ03,125,8,0,False,False,15
EST00847,2025-09-15,PRD13,LOJ03,34,7,0,False,False,4
EST00848,2025-09-15,PRD14,LOJ03,173,3,0,False,False,57
EST00849,2025-09-15,PRD15,LOJ03,87,2,0,False,False,43
EST00850,2025-09-15,PRD16,LOJ03,184,5,113,False,False,36
EST00851,2025-09-15,PRD17,LOJ03,165,6,0,False,False,27
EST00852,2025-09-15,PRD18,LOJ03,193,2,0,False,False,96
EST00853,2025-09-15,PRD19,LOJ03,127,0,0,False,False,42
EST00854,2025-09-15,PRD20,LOJ03,179,8,0,False,False,22
EST00855,2025-09-15,PRD21,LOJ03,29,3,0,False,False,9
EST00856,2025-09-15,PRD22,LOJ03,153,5,0,False,False,30
EST00857,2025-09-15,PRD23,LOJ03,35,5,0,False,False,7
EST00858,2025-09-15,PRD24,LOJ03,137,4,0,False,False,34
EST00859,2025-09-15,PRD25,LOJ03,149,1,0,False,False,149
EST00860,2025-09-15,PRD01,WEB01,58,7,0,False,False,8
EST00861,2025-09-15,PRD02,WEB01,66,2,0,False,False,33
EST00862,2025-09-15,PRD03,WEB01,38,4,0,False,False,9
EST00863,2025-09-15,PRD04,WEB01,57,3,0,False,False,19
EST00864,2025-09-15,PRD05,WEB01,164,5,0,False,False,32
EST00865,2025-09-15,PRD06,WEB01,158,5,0,False,False,31
EST00866,2025-09-15,PRD07,WEB01,113,3,0,False,False,37
EST00867,2025-09-15,PRD08,WEB01,95,3,0,False,False,31
EST00868,2025-09-15,PRD09,WEB01,169,3,0,False,False,56
EST00869,2025-09-15,PRD10,WEB01,88,7,0,False,False,12
EST00870,2025-09-15,PRD11,WEB01,107,1,0,False,False,107
EST00871,2025-09-15,PRD12,WEB01,119,8,0,False,False,14
EST00872,2025-09-15,PRD13,WEB01,157,3,0,False,False,52
EST00873,2025-09-15,PRD14,WEB01,140,6,0,False,False,23
EST00874,2025-09-15,PRD15,WEB01,134,5,0,False,False,26
EST00875,2025-09-15,PRD16,WEB01,38,7,0,False,False,5
EST00876,2025-09-15,PRD17,WEB01,183,3,0,False,False,61
EST00877,2025-09-15,PRD18,WEB01,154,2,0,False,False,77
EST00878,2025-09-15,PRD19,WEB01,85,0,0,False,False,28
EST00879,2025-09-15,PRD20,WEB01,152,0,0,False,False,50
EST00880,2025-09-15,PRD21,WEB01,175,4,0,False,False,43
EST00881,2025-10-01,PRD01,LOJ01,121,4,0,False,False,30
EST00882,2025-10-01,PRD02,LOJ01,117,4,0,False,False,29
EST00883,2025-10-01,PRD03,LOJ01,275,1,179,False,False,275
EST00884,2025-10-01,PRD04,LOJ01,174,7,0,False,False,24
EST00885,2025-10-01,PRD05,LOJ01,211,3,50,False,False,70
EST00886,2025-10-01,PRD06,LOJ01,92,5,0,False,False,18
EST00887,2025-10-01,PRD07,LOJ01,110,8,0,False,False,13
EST00888,2025-10-01,PRD08,LOJ01,58,2,0,False,False,29
EST00889,2025-10-01,PRD09,LOJ01,230,3,87,False,False,76
EST00890,2025-10-01,PRD10,LOJ01,179,4,0,False,False,44
EST00891,2025-10-01,PRD11,LOJ01,165,4,0,False,False,41
EST00892,2025-10-01,PRD12,LOJ01,36,4,0,False,False,9
EST00893,2025-10-01,PRD13,LOJ01,40,6,0,False,False,6
EST00894,2025-10-01,PRD14,LOJ01,78,1,0,False,False,78
EST00895,2025-10-01,PRD15,LOJ01,187,3,0,False,False,62
EST00896,2025-10-01,PRD16,LOJ01,224,0,190,False,False,74
EST00897,2025-10-01,PRD17,LOJ01,50,1,0,False,False,50
EST00898,2025-10-01,PRD18,LOJ01,143,7,0,False,False,20
EST00899,2025-10-01,PRD19,LOJ01,119,0,0,False,False,39
EST00900,2025-10-01,PRD20,LOJ01,182,7,0,False,False,26
EST00901,2025-10-01,PRD21,LOJ01,138,2,0,False,False,69
EST00902,2025-10-01,PRD22,LOJ01,371,4,194,False,False,92
EST00903,2025-10-01,PRD23,LOJ01,62,1,0,False,False,62
EST00904,2025-10-01,PRD24,LOJ01,146,5,0,False,False,29
EST00905,2025-10-01,PRD25,LOJ01,38,3,0,False,False,12
EST00906,2025-10-01,PRD01,LOJ02,39,1,0,False,False,39
EST00907,2025-10-01,PRD02,LOJ02,163,4,0,False,False,40
EST00908,2025-10-01,PRD03,LOJ02,45,2,0,False,False,22
EST00909,2025-10-01,PRD04,LOJ02,98,5,0,False,False,19
EST00910,2025-10-01,PRD05,LOJ02,78,7,0,False,False,11
EST00911,2025-10-01,PRD06,LOJ02,58,6,0,False,False,9
EST00912,2025-10-01,PRD07,LOJ02,153,3,0,False,False,51
EST00913,2025-10-01,PRD08,LOJ02,38,3,0,False,False,12
EST00914,2025-10-01,PRD09,LOJ02,100,4,0,False,False,25
EST00915,2025-10-01,PRD10,LOJ02,92,3,0,False,False,30
EST00916,2025-10-01,PRD11,LOJ02,112,5,0,False,False,22
EST00917,2025-10-01,PRD12,LOJ02,269,7,196,False,False,38
EST00918,2025-10-01,PRD13,LOJ02,118,4,0,False,False,29
EST00919,2025-10-01,PRD14,LOJ02,176,5,0,False,False,35
EST00920,2025-10-01,PRD15,LOJ02,45,1,0,False,False,45
EST00921,2025-10-01,PRD16,LOJ02,253,5,150,False,False,50
EST00922,2025-10-01,PRD17,LOJ02,30,0,0,False,False,10
EST00923,2025-10-01,PRD18,LOJ02,70,2,0,False,False,35
EST00924,2025-10-01,PRD19,LOJ02,111,6,0,False,False,18
EST00925,2025-10-01,PRD20,LOJ02,191,6,99,False,False,31
EST00926,2025-10-01,PRD21,LOJ02,59,8,0,False,False,7
EST00927,2025-10-01,PRD22,LOJ02,27,5,0,False,False,5
EST00928,2025-10-01,PRD23,LOJ02,189,4,0,False,False,47
EST00929,2025-10-01,PRD24,LOJ02,59,6,0,False,False,9
EST00930,2025-10-01,PRD25,LOJ02,163,2,0,False,False,81
EST00931,2025-10-01,PRD01,LOJ03,164,4,0,False,False,41
EST00932,2025-10-01,PRD02,LOJ03,97,8,0,False,False,12
EST00933,2025-10-01,PRD03,LOJ03,45,6,0,False,False,7
EST00934,2025-10-01,PRD04,LOJ03,165,0,0,False,False,55
EST00935,2025-10-01,PRD05,LOJ03,89,4,0,False,False,22
EST00936,2025-10-01,PRD06,LOJ03,184,3,133,False,False,61
EST00937,2025-10-01,PRD07,LOJ03,132,2,0,False,False,66
EST00938,2025-10-01,PRD08,LOJ03,33,8,0,False,False,4
EST00939,2025-10-01,PRD09,LOJ03,117,3,0,False,False,39
EST00940,2025-10-01,PRD10,LOJ03,179,4,0,False,False,44
EST00941,2025-10-01,PRD11,LOJ03,96,0,0,False,False,32
EST00942,2025-10-01,PRD12,LOJ03,59,7,0,False,False,8
EST00943,2025-10-01,PRD13,LOJ03,129,8,0,False,False,16
EST00944,2025-10-01,PRD14,LOJ03,99,5,0,False,False,19
EST00945,2025-10-01,PRD15,LOJ03,78,0,0,False,False,26
EST00946,2025-10-01,PRD16,LOJ03,227,5,190,False,False,45
EST00947,2025-10-01,PRD17,LOJ03,63,6,0,False,False,10
EST00948,2025-10-01,PRD18,LOJ03,129,3,0,False,False,43
EST00949,2025-10-01,PRD19,LOJ03,91,2,0,False,False,45
EST00950,2025-10-01,PRD20,LOJ03,150,7,0,False,False,21
EST00951,2025-10-01,PRD21,LOJ03,150,7,0,False,False,21
EST00952,2025-10-01,PRD22,LOJ03,130,3,0,False,False,43
EST00953,2025-10-01,PRD23,LOJ03,30,1,0,False,False,30
EST00954,2025-10-01,PRD24,LOJ03,256,8,200,False,False,32
EST00955,2025-10-01,PRD25,LOJ03,134,1,0,False,False,134
EST00956,2025-10-01,PRD01,WEB01,108,7,0,False,False,15
EST00957,2025-10-01,PRD02,WEB01,177,6,0,False,False,29
EST00958,2025-10-01,PRD03,WEB01,196,0,0,False,False,65
EST00959,2025-10-01,PRD04,WEB01,82,5,0,False,False,16
EST00960,2025-10-01,PRD05,WEB01,273,5,108,False,False,54
EST00961,2025-10-01,PRD06,WEB01,169,4,0,False,False,42
EST00962,2025-10-01,PRD07,WEB01,175,1,0,False,False,175
EST00963,2025-10-01,PRD08,WEB01,172,0,120,False,False,57
EST00964,2025-10-01,PRD09,WEB01,159,8,0,False,False,19
EST00965,2025-10-01,PRD10,WEB01,110,2,0,False,False,55
EST00966,2025-10-01,PRD11,WEB01,144,1,0,False,False,144
EST00967,2025-10-01,PRD12,WEB01,51,8,0,False,False,6
EST00968,2025-10-01,PRD13,WEB01,51,3,0,False,False,17
EST00969,2025-10-01,PRD14,WEB01,154,1,0,False,False,154
EST00970,2025-10-01,PRD15,WEB01,95,1,0,False,False,95
EST00971,2025-10-01,PRD16,WEB01,145,4,0,False,False,36
EST00972,2025-10-01,PRD17,WEB01,104,3,0,False,False,34
EST00973,2025-10-01,PRD18,WEB01,145,3,85,False,False,48
EST00974,2025-10-01,PRD19,WEB01,65,1,0,False,False,65
EST00975,2025-10-01,PRD20,WEB01,52,7,0,False,False,7
EST00976,2025-10-01,PRD21,WEB01,56,3,0,False,False,18
EST00977,2025-10-15,PRD01,LOJ01,60,4,0,False,False,15
EST00978,2025-10-15,PRD02,LOJ01,167,1,0,False,False,167
EST00979,2025-10-15,PRD03,LOJ01,39,5,0,False,False,7
EST00980,2025-10-15,PRD04,LOJ01,32,4,0,False,False,8
EST00981,2025-10-15,PRD05,LOJ01,46,7,0,False,False,6
EST00982,2025-10-15,PRD06,LOJ01,101,2,0,False,False,50
EST00983,2025-10-15,PRD07,LOJ01,183,4,0,False,False,45
EST00984,2025-10-15,PRD08,LOJ01,172,6,0,False,False,28
EST00985,2025-10-15,PRD09,LOJ01,105,5,0,False,False,21
EST00986,2025-10-15,PRD10,LOJ01,211,7,113,False,False,30
EST00987,2025-10-15,PRD11,LOJ01,128,1,0,False,False,128
EST00988,2025-10-15,PRD12,LOJ01,52,1,0,False,False,52
EST00989,2025-10-15,PRD13,LOJ01,117,7,0,False,False,16
EST00990,2025-10-15,PRD14,LOJ01,260,3,136,False,False,86
EST00991,2025-10-15,PRD15,LOJ01,147,1,0,False,False,147
EST00992,2025-10-15,PRD16,LOJ01,386,6,194,False,False,64
EST00993,2025-10-15,PRD17,LOJ01,156,2,0,False,False,78
EST00994,2025-10-15,PRD18,LOJ01,81,8,0,False,False,10
EST00995,2025-10-15,PRD19,LOJ01,121,6,0,False,False,20
EST00996,2025-10-15,PRD20,LOJ01,84,2,0,False,False,42
EST00997,2025-10-15,PRD21,LOJ01,181,2,0,False,False,90
EST00998,2025-10-15,PRD22,LOJ01,30,7,0,False,False,4
EST00999,2025-10-15,PRD23,LOJ01,71,2,0,False,False,35
EST01000,2025-10-15,PRD24,LOJ01,191,1,0,False,False,191
EST01001,2025-10-15,PRD25,LOJ01,94,8,0,False,False,11
EST01002,2025-10-15,PRD01,LOJ02,209,4,108,False,False,52
EST01003,2025-10-15,PRD02,LOJ02,113,3,0,False,False,37
EST01004,2025-10-15,PRD03,LOJ02,39,4,0,False,False,9
EST01005,2025-10-15,PRD04,LOJ02,156,5,0,False,False,31
EST01006,2025-10-15,PRD05,LOJ02,127,7,0,False,False,18
EST01007,2025-10-15,PRD06,LOJ02,178,5,0,False,False,35
EST01008,2025-10-15,PRD07,LOJ02,141,4,0,False,False,35
EST01009,2025-10-15,PRD08,LOJ02,123,4,0,False,False,30
EST01010,2025-10-15,PRD09,LOJ02,45,1,0,False,False,45
EST01011,2025-10-15,PRD10,LOJ02,71,7,0,False,False,10
EST01012,2025-10-15,PRD11,LOJ02,177,1,0,False,False,177
EST01013,2025-10-15,PRD12,LOJ02,143,5,0,False,False,28
EST01014,2025-10-15,PRD13,LOJ02,95,2,0,False,False,47
EST01015,2025-10-15,PRD14,LOJ02,143,3,0,False,False,47
EST01016,2025-10-15,PRD15,LOJ02,170,0,0,False,False,56
EST01017,2025-10-15,PRD16,LOJ02,243,4,112,False,False,60
EST01018,2025-10-15,PRD17,LOJ02,107,6,0,False,False,17
EST01019,2025-10-15,PRD18,LOJ02,82,0,0,False,False,27
EST01020,2025-10-15,PRD19,LOJ02,153,3,0,False,False,51
EST01021,2025-10-15,PRD20,LOJ02,64,4,0,False,False,16
EST01022,2025-10-15,PRD21,LOJ02,136,6,0,False,False,22
EST01023,2025-10-15,PRD22,LOJ02,108,3,0,False,False,36
EST01024,2025-10-15,PRD23,LOJ02,135,3,0,False,False,45
EST01025,2025-10-15,PRD24,LOJ02,132,3,0,False,False,44
EST01026,2025-10-15,PRD25,LOJ02,121,3,0,False,False,40
EST01027,2025-10-15,PRD01,LOJ03,175,2,0,False,False,87
EST01028,2025-10-15,PRD02,LOJ03,35,1,0,False,False,35
EST01029,2025-10-15,PRD03,LOJ03,144,3,0,False,False,48
EST01030,2025-10-15,PRD04,LOJ03,148,1,0,False,False,148
EST01031,2025-10-15,PRD05,LOJ03,144,3,0,False,False,48
EST01032,2025-10-15,PRD06,LOJ03,186,8,0,False,False,23
EST01033,2025-10-15,PRD07,LOJ03,61,5,0,False,False,12
EST01034,2025-10-15,PRD08,LOJ03,84,6,0,False,False,14
EST01035,2025-10-15,PRD09,LOJ03,80,2,0,False,False,40
EST01036,2025-10-15,PRD10,LOJ03,173,0,0,False,False,57
EST01037,2025-10-15,PRD11,LOJ03,63,5,0,False,False,12
EST01038,2025-10-15,PRD12,LOJ03,141,2,0,False,False,70
EST01039,2025-10-15,PRD13,LOJ03,72,8,0,False,False,9
EST01040,2025-10-15,PRD14,LOJ03,91,2,0,False,False,45
EST01041,2025-10-15,PRD15,LOJ03,181,4,0,False,False,45
EST01042,2025-10-15,PRD16,LOJ03,88,3,0,False,False,29
EST01043,2025-10-15,PRD17,LOJ03,124,2,0,False,False,62
EST01044,2025-10-15,PRD18,LOJ03,147,1,0,False,False,147
EST01045,2025-10-15,PRD19,LOJ03,145,7,0,False,False,20
EST01046,2025-10-15,PRD20,LOJ03,64,3,0,False,False,21
EST01047,2025-10-15,PRD21,LOJ03,225,2,147,False,False,112
EST01048,2025-10-15,PRD22,LOJ03,145,8,0,False,False,18
EST01049,2025-10-15,PRD23,LOJ03,143,6,0,False,False,23
EST01050,2025-10-15,PRD24,LOJ03,41,2,0,False,False,20
EST01051,2025-10-15,PRD25,LOJ03,198,0,0,False,False,66
EST01052,2025-10-15,PRD01,WEB01,110,1,0,False,False,110
EST01053,2025-10-15,PRD02,WEB01,101,3,0,False,False,33
EST01054,2025-10-15,PRD03,WEB01,124,1,0,False,False,124
EST01055,2025-10-15,PRD04,WEB01,99,6,0,False,False,16
EST01056,2025-10-15,PRD05,WEB01,151,2,0,False,False,75
EST01057,2025-10-15,PRD06,WEB01,179,2,0,False,False,89
EST01058,2025-10-15,PRD07,WEB01,44,1,0,False,False,44
EST01059,2025-10-15,PRD08,WEB01,157,2,0,False,False,78
EST01060,2025-10-15,PRD09,WEB01,47,2,0,False,False,23
EST01061,2025-10-15,PRD10,WEB01,130,2,0,False,False,65
EST01062,2025-10-15,PRD11,WEB01,272,3,104,False,False,90
EST01063,2025-10-15,PRD12,WEB01,80,8,0,False,False,10
EST01064,2025-10-15,PRD13,WEB01,146,2,0,False,False,73
EST01065,2025-10-15,PRD14,WEB01,189,1,0,False,False,189
EST01066,2025-10-15,PRD15,WEB01,165,1,0,False,False,165
EST01067,2025-10-15,PRD16,WEB01,169,2,0,False,False,84
EST01068,2025-10-15,PRD17,WEB01,57,5,0,False,False,11
EST01069,2025-10-15,PRD18,WEB01,67,8,0,False,False,8
EST01070,2025-10-15,PRD19,WEB01,189,1,0,False,False,189
EST01071,2025-10-15,PRD20,WEB01,170,3,0,False,False,56
EST01072,2025-10-15,PRD21,WEB01,56,0,0,False,False,18
EST01073,2025-11-01,PRD01,LOJ01,92,4,0,False,False,23
EST01074,2025-11-01,PRD02,LOJ01,83,8,0,False,False,10
EST01075,2025-11-01,PRD03,LOJ01,85,1,0,False,False,85
EST01076,2025-11-01,PRD04,LOJ01,96,0,0,False,False,32
EST01077,2025-11-01,PRD05,LOJ01,193,0,0,False,False,64
EST01078,2025-11-01,PRD06,LOJ01,93,4,0,False,False,23
EST01079,2025-11-01,PRD07,LOJ01,133,7,0,False,False,19
EST01080,2025-11-01,PRD08,LOJ01,46,1,0,False,False,46
EST01081,2025-11-01,PRD09,LOJ01,158,8,0,False,False,19
EST01082,2025-11-01,PRD10,LOJ01,29,1,0,False,False,29
EST01083,2025-11-01,PRD11,LOJ01,52,4,0,False,False,13
EST01084,2025-11-01,PRD12,LOJ01,162,5,0,False,False,32
EST01085,2025-11-01,PRD13,LOJ01,43,5,0,False,False,8
EST01086,2025-11-01,PRD14,LOJ01,193,6,0,False,False,32
EST01087,2025-11-01,PRD15,LOJ01,106,2,0,False,False,53
EST01088,2025-11-01,PRD16,LOJ01,57,2,0,False,False,28
EST01089,2025-11-01,PRD17,LOJ01,297,2,191,False,False,148
EST01090,2025-11-01,PRD18,LOJ01,31,3,0,False,False,10
EST01091,2025-11-01,PRD19,LOJ01,191,8,0,False,False,23
EST01092,2025-11-01,PRD20,LOJ01,120,2,0,False,False,60
EST01093,2025-11-01,PRD21,LOJ01,191,7,0,False,False,27
EST01094,2025-11-01,PRD22,LOJ01,75,6,0,False,False,12
EST01095,2025-11-01,PRD23,LOJ01,306,8,121,False,False,38
EST01096,2025-11-01,PRD24,LOJ01,65,0,0,False,False,21
EST01097,2025-11-01,PRD25,LOJ01,73,3,0,False,False,24
EST01098,2025-11-01,PRD01,LOJ02,148,1,73,False,False,148
EST01099,2025-11-01,PRD02,LOJ02,58,3,0,False,False,19
EST01100,2025-11-01,PRD03,LOJ02,175,5,0,False,False,35
EST01101,2025-11-01,PRD04,LOJ02,191,6,0,False,False,31
EST01102,2025-11-01,PRD05,LOJ02,68,5,0,False,False,13
EST01103,2025-11-01,PRD06,LOJ02,37,8,0,False,False,4
EST01104,2025-11-01,PRD07,LOJ02,60,7,0,False,False,8
EST01105,2025-11-01,PRD08,LOJ02,103,1,0,False,False,103
EST01106,2025-11-01,PRD09,LOJ02,152,7,0,False,False,21
EST01107,2025-11-01,PRD10,LOJ02,122,2,84,False,False,61
EST01108,2025-11-01,PRD11,LOJ02,176,2,0,False,False,88
EST01109,2025-11-01,PRD12,LOJ02,188,5,0,False,False,37
EST01110,2025-11-01,PRD13,LOJ02,115,5,0,False,False,23
EST01111,2025-11-01,PRD14,LOJ02,335,2,144,False,False,167
EST01112,2025-11-01,PRD15,LOJ02,171,7,0,False,False,24
EST01113,2025-11-01,PRD16,LOJ02,82,8,0,False,False,10
EST01114,2025-11-01,PRD17,LOJ02,118,0,0,False,False,39
EST01115,2025-11-01,PRD18,LOJ02,78,7,0,False,False,11
EST01116,2025-11-01,PRD19,LOJ02,137,6,0,False,False,22
EST01117,2025-11-01,PRD20,LOJ02,204,1,102,False,False,204
EST01118,2025-11-01,PRD21,LOJ02,179,3,0,False,False,59
EST01119,2025-11-01,PRD22,LOJ02,174,3,0,False,False,58
EST01120,2025-11-01,PRD23,LOJ02,172,1,91,False,False,172
EST01121,2025-11-01,PRD24,LOJ02,25,7,0,False,False,3
EST01122,2025-11-01,PRD25,LOJ02,157,3,61,False,False,52
EST01123,2025-11-01,PRD01,LOJ03,29,5,0,False,False,5
EST01124,2025-11-01,PRD02,LOJ03,111,1,0,False,False,111
EST01125,2025-11-01,PRD03,LOJ03,164,4,0,False,False,41
EST01126,2025-11-01,PRD04,LOJ03,61,8,0,False,False,7
EST01127,2025-11-01,PRD05,LOJ03,58,1,0,False,False,58
EST01128,2025-11-01,PRD06,LOJ03,64,1,0,False,False,64
EST01129,2025-11-01,PRD07,LOJ03,177,0,0,False,False,59
EST01130,2025-11-01,PRD08,LOJ03,156,3,0,False,False,52
EST01131,2025-11-01,PRD09,LOJ03,149,3,0,False,False,49
EST01132,2025-11-01,PRD10,LOJ03,269,6,176,False,False,44
EST01133,2025-11-01,PRD11,LOJ03,127,3,0,False,False,42
EST01134,2025-11-01,PRD12,LOJ03,60,2,0,False,False,30
EST01135,2025-11-01,PRD13,LOJ03,26,7,0,False,False,3
EST01136,2025-11-01,PRD14,LOJ03,74,2,0,False,False,37
EST01137,2025-11-01,PRD15,LOJ03,130,5,0,False,False,26
EST01138,2025-11-01,PRD16,LOJ03,224,8,97,False,False,28
EST01139,2025-11-01,PRD17,LOJ03,91,6,0,False,False,15
EST01140,2025-11-01,PRD18,LOJ03,99,8,0,False,False,12
EST01141,2025-11-01,PRD19,LOJ03,154,4,0,False,False,38
EST01142,2025-11-01,PRD20,LOJ03,93,1,0,False,False,93
EST01143,2025-11-01,PRD21,LOJ03,166,4,0,False,False,41
EST01144,2025-11-01,PRD22,LOJ03,242,0,199,False,False,80
EST01145,2025-11-01,PRD23,LOJ03,59,6,0,False,False,9
EST01146,2025-11-01,PRD24,LOJ03,251,3,108,False,False,83
EST01147,2025-11-01,PRD25,LOJ03,111,4,0,False,False,27
EST01148,2025-11-01,PRD01,WEB01,58,7,0,False,False,8
EST01149,2025-11-01,PRD02,WEB01,116,2,0,False,False,58
EST01150,2025-11-01,PRD03,WEB01,73,6,0,False,False,12
EST01151,2025-11-01,PRD04,WEB01,179,3,0,False,False,59
EST01152,2025-11-01,PRD05,WEB01,45,3,0,False,False,15
EST01153,2025-11-01,PRD06,WEB01,217,1,120,False,False,217
EST01154,2025-11-01,PRD07,WEB01,89,3,0,False,False,29
EST01155,2025-11-01,PRD08,WEB01,237,2,94,False,False,118
EST01156,2025-11-01,PRD09,WEB01,67,7,0,False,False,9
EST01157,2025-11-01,PRD10,WEB01,122,1,0,False,False,122
EST01158,2025-11-01,PRD11,WEB01,95,6,0,False,False,15
EST01159,2025-11-01,PRD12,WEB01,105,0,0,False,False,35
EST01160,2025-11-01,PRD13,WEB01,298,6,146,False,False,49
EST01161,2025-11-01,PRD14,WEB01,44,5,0,False,False,8
EST01162,2025-11-01,PRD15,WEB01,25,7,0,False,False,3
EST01163,2025-11-01,PRD16,WEB01,55,2,0,False,False,27
EST01164,2025-11-01,PRD17,WEB01,165,3,0,False,False,55
EST01165,2025-11-01,PRD18,WEB01,86,7,0,False,False,12
EST01166,2025-11-01,PRD19,WEB01,53,5,0,False,False,10
EST01167,2025-11-01,PRD20,WEB01,203,2,159,False,False,101
EST01168,2025-11-01,PRD21,WEB01,166,8,0,False,False,20
EST01169,2025-11-15,PRD01,LOJ01,138,0,0,False,False,46
EST01170,2025-11-15,PRD02,LOJ01,157,3,64,False,False,52
EST01171,2025-11-15,PRD03,LOJ01,85,4,0,False,False,21
EST01172,2025-11-15,PRD04,LOJ01,109,2,0,False,False,54
EST01173,2025-11-15,PRD05,LOJ01,28,2,0,False,False,14
EST01174,2025-11-15,PRD06,LOJ01,46,7,0,False,False,6
EST01175,2025-11-15,PRD07,LOJ01,147,3,0,False,False,49
EST01176,2025-11-15,PRD08,LOJ01,53,2,0,False,False,26
EST01177,2025-11-15,PRD09,LOJ01,89,1,0,False,False,89
EST01178,2025-11-15,PRD10,LOJ01,34,4,0,False,False,8
EST01179,2025-11-15,PRD11,LOJ01,46,2,0,False,False,23
EST01180,2025-11-15,PRD12,LOJ01,177,2,0,False,False,88
EST01181,2025-11-15,PRD13,LOJ01,153,5,0,False,False,30
EST01182,2025-11-15,PRD14,LOJ01,191,1,0,False,False,191
EST01183,2025-11-15,PRD15,LOJ01,137,5,0,False,False,27
EST01184,2025-11-15,PRD16,LOJ01,110,3,0,False,False,36
EST01185,2025-11-15,PRD17,LOJ01,147,1,0,False,False,147
EST01186,2025-11-15,PRD18,LOJ01,79,1,0,False,False,79
EST01187,2025-11-15,PRD19,LOJ01,99,0,0,False,False,33
EST01188,2025-11-15,PRD20,LOJ01,97,4,0,False,False,24
EST01189,2025-11-15,PRD21,LOJ01,132,2,0,False,False,66
EST01190,2025-11-15,PRD22,LOJ01,153,0,0,False,False,51
EST01191,2025-11-15,PRD23,LOJ01,48,2,0,False,False,24
EST01192,2025-11-15,PRD24,LOJ01,171,0,0,False,False,57
EST01193,2025-11-15,PRD25,LOJ01,88,3,0,False,False,29
EST01194,2025-11-15,PRD01,LOJ02,185,5,0,False,False,37
EST01195,2025-11-15,PRD02,LOJ02,33,7,0,False,False,4
EST01196,2025-11-15,PRD03,LOJ02,40,6,0,False,False,6
EST01197,2025-11-15,PRD04,LOJ02,42,1,0,False,False,42
EST01198,2025-11-15,PRD05,LOJ02,126,2,0,False,False,63
EST01199,2025-11-15,PRD06,LOJ02,67,8,0,False,False,8
EST01200,2025-11-15,PRD07,LOJ02,118,7,0,False,False,16
EST01201,2025-11-15,PRD08,LOJ02,42,2,0,False,False,21
EST01202,2025-11-15,PRD09,LOJ02,192,6,0,False,False,32
EST01203,2025-11-15,PRD10,LOJ02,70,3,0,False,False,23
EST01204,2025-11-15,PRD11,LOJ02,111,1,0,False,False,111
EST01205,2025-11-15,PRD12,LOJ02,60,8,0,False,False,7
EST01206,2025-11-15,PRD13,LOJ02,109,7,0,False,False,15
EST01207,2025-11-15,PRD14,LOJ02,124,2,0,False,False,62
EST01208,2025-11-15,PRD15,LOJ02,218,2,67,False,False,109
EST01209,2025-11-15,PRD16,LOJ02,88,1,0,False,False,88
EST01210,2025-11-15,PRD17,LOJ02,164,0,0,False,False,54
EST01211,2025-11-15,PRD18,LOJ02,66,6,0,False,False,11
EST01212,2025-11-15,PRD19,LOJ02,171,1,0,False,False,171
EST01213,2025-11-15,PRD20,LOJ02,62,1,0,False,False,62
EST01214,2025-11-15,PRD21,LOJ02,89,4,0,False,False,22
EST01215,2025-11-15,PRD22,LOJ02,86,4,0,False,False,21
EST01216,2025-11-15,PRD23,LOJ02,53,1,0,False,False,53
EST01217,2025-11-15,PRD24,LOJ02,158,8,0,False,False,19
EST01218,2025-11-15,PRD25,LOJ02,42,6,0,False,False,7
EST01219,2025-11-15,PRD01,LOJ03,242,8,50,False,False,30
EST01220,2025-11-15,PRD02,LOJ03,44,0,0,False,False,14
EST01221,2025-11-15,PRD03,LOJ03,77,8,0,False,False,9
EST01222,2025-11-15,PRD04,LOJ03,67,0,0,False,False,22
EST01223,2025-11-15,PRD05,LOJ03,158,7,0,False,False,22
EST01224,2025-11-15,PRD06,LOJ03,71,3,0,False,False,23
EST01225,2025-11-15,PRD07,LOJ03,108,0,0,False,False,36
EST01226,2025-11-15,PRD08,LOJ03,356,0,179,False,False,118
EST01227,2025-11-15,PRD09,LOJ03,199,1,0,False,False,199
EST01228,2025-11-15,PRD10,LOJ03,127,6,0,False,False,21
EST01229,2025-11-15,PRD11,LOJ03,297,8,200,False,False,37
EST01230,2025-11-15,PRD12,LOJ03,149,5,0,False,False,29
EST01231,2025-11-15,PRD13,LOJ03,183,3,0,False,False,61
EST01232,2025-11-15,PRD14,LOJ03,49,6,0,False,False,8
EST01233,2025-11-15,PRD15,LOJ03,126,1,0,False,False,126
EST01234,2025-11-15,PRD16,LOJ03,56,1,0,False,False,56
EST01235,2025-11-15,PRD17,LOJ03,201,5,134,False,False,40
EST01236,2025-11-15,PRD18,LOJ03,117,8,0,False,False,14
EST01237,2025-11-15,PRD19,LOJ03,106,8,0,False,False,13
EST01238,2025-11-15,PRD20,LOJ03,88,3,0,False,False,29
EST01239,2025-11-15,PRD21,LOJ03,63,8,0,False,False,7
EST01240,2025-11-15,PRD22,LOJ03,92,6,0,False,False,15
EST01241,2025-11-15,PRD23,LOJ03,193,7,0,False,False,27
EST01242,2025-11-15,PRD24,LOJ03,52,7,0,False,False,7
EST01243,2025-11-15,PRD25,LOJ03,243,4,81,False,False,60
EST01244,2025-11-15,PRD01,WEB01,171,7,0,False,False,24
EST01245,2025-11-15,PRD02,WEB01,188,0,0,False,False,62
EST01246,2025-11-15,PRD03,WEB01,163,7,0,False,False,23
EST01247,2025-11-15,PRD04,WEB01,35,1,0,False,False,35
EST01248,2025-11-15,PRD05,WEB01,46,7,0,False,False,6
EST01249,2025-11-15,PRD06,WEB01,162,5,0,False,False,32
EST01250,2025-11-15,PRD07,WEB01,40,0,0,False,False,13
EST01251,2025-11-15,PRD08,WEB01,48,1,0,False,False,48
EST01252,2025-11-15,PRD09,WEB01,130,3,0,False,False,43
EST01253,2025-11-15,PRD10,WEB01,115,1,0,False,False,115
EST01254,2025-11-15,PRD11,WEB01,180,7,149,False,False,25
EST01255,2025-11-15,PRD12,WEB01,133,3,0,False,False,44
EST01256,2025-11-15,PRD13,WEB01,175,3,0,False,False,58
EST01257,2025-11-15,PRD14,WEB01,85,4,0,False,False,21
EST01258,2025-11-15,PRD15,WEB01,95,3,0,False,False,31
EST01259,2025-11-15,PRD16,WEB01,115,4,0,False,False,28
EST01260,2025-11-15,PRD17,WEB01,72,8,0,False,False,9
EST01261,2025-11-15,PRD18,WEB01,167,4,0,False,False,41
EST01262,2025-11-15,PRD19,WEB01,170,2,0,False,False,85
EST01263,2025-11-15,PRD20,WEB01,116,6,0,False,False,19
EST01264,2025-11-15,PRD21,WEB01,134,2,0,False,False,67
EST01265,2025-12-01,PRD01,LOJ01,80,4,0,False,False,20
EST01266,2025-12-01,PRD02,LOJ01,41,0,0,False,False,13
EST01267,2025-12-01,PRD03,LOJ01,58,4,0,False,False,14
EST01268,2025-12-01,PRD04,LOJ01,34,5,0,False,False,6
EST01269,2025-12-01,PRD05,LOJ01,71,5,0,False,False,14
EST01270,2025-12-01,PRD06,LOJ01,184,8,0,False,False,23
EST01271,2025-12-01,PRD07,LOJ01,35,7,0,False,False,5
EST01272,2025-12-01,PRD08,LOJ01,131,2,0,False,False,65
EST01273,2025-12-01,PRD09,LOJ01,111,2,0,False,False,55
EST01274,2025-12-01,PRD10,LOJ01,94,0,0,False,False,31
EST01275,2025-12-01,PRD11,LOJ01,147,7,0,False,False,21
EST01276,2025-12-01,PRD12,LOJ01,174,1,0,False,False,174
EST01277,2025-12-01,PRD13,LOJ01,122,3,0,False,False,40
EST01278,2025-12-01,PRD14,LOJ01,205,5,158,False,False,41
EST01279,2025-12-01,PRD15,LOJ01,73,4,0,False,False,18
EST01280,2025-12-01,PRD16,LOJ01,60,6,0,False,False,10
EST01281,2025-12-01,PRD17,LOJ01,59,7,0,False,False,8
EST01282,2025-12-01,PRD18,LOJ01,186,4,0,False,False,46
EST01283,2025-12-01,PRD19,LOJ01,167,5,79,False,False,33
EST01284,2025-12-01,PRD20,LOJ01,68,6,0,False,False,11
EST01285,2025-12-01,PRD21,LOJ01,55,1,0,False,False,55
EST01286,2025-12-01,PRD22,LOJ01,25,8,0,False,False,3
EST01287,2025-12-01,PRD23,LOJ01,132,8,0,False,False,16
EST01288,2025-12-01,PRD24,LOJ01,194,6,0,False,False,32
EST01289,2025-12-01,PRD25,LOJ01,83,2,0,False,False,41
EST01290,2025-12-01,PRD01,LOJ02,43,3,0,False,False,14
EST01291,2025-12-01,PRD02,LOJ02,77,2,0,False,False,38
EST01292,2025-12-01,PRD03,LOJ02,27,3,0,False,False,9
EST01293,2025-12-01,PRD04,LOJ02,171,1,0,False,False,171
EST01294,2025-12-01,PRD05,LOJ02,187,6,0,False,False,31
EST01295,2025-12-01,PRD06,LOJ02,163,5,0,False,False,32
EST01296,2025-12-01,PRD07,LOJ02,190,2,60,False,False,95
EST01297,2025-12-01,PRD08,LOJ02,348,2,192,False,False,174
EST01298,2025-12-01,PRD09,LOJ02,113,5,0,False,False,22
EST01299,2025-12-01,PRD10,LOJ02,172,4,0,False,False,43
EST01300,2025-12-01,PRD11,LOJ02,294,6,141,False,False,49
EST01301,2025-12-01,PRD12,LOJ02,134,2,0,False,False,67
EST01302,2025-12-01,PRD13,LOJ02,75,2,0,False,False,37
EST01303,2025-12-01,PRD14,LOJ02,100,7,0,False,False,14
EST01304,2025-12-01,PRD15,LOJ02,176,5,0,False,False,35
EST01305,2025-12-01,PRD16,LOJ02,75,1,0,False,False,75
EST01306,2025-12-01,PRD17,LOJ02,42,1,0,False,False,42
EST01307,2025-12-01,PRD18,LOJ02,116,1,0,False,False,116
EST01308,2025-12-01,PRD19,LOJ02,173,0,0,False,False,57
EST01309,2025-12-01,PRD20,LOJ02,77,6,0,False,False,12
EST01310,2025-12-01,PRD21,LOJ02,52,5,0,False,False,10
EST01311,2025-12-01,PRD22,LOJ02,42,1,0,False,False,42
EST01312,2025-12-01,PRD23,LOJ02,42,1,0,False,False,42
EST01313,2025-12-01,PRD24,LOJ02,57,2,0,False,False,28
EST01314,2025-12-01,PRD25,LOJ02,193,7,0,False,False,27
EST01315,2025-12-01,PRD01,LOJ03,166,3,0,False,False,55
EST01316,2025-12-01,PRD02,LOJ03,165,2,0,False,False,82
EST01317,2025-12-01,PRD03,LOJ03,236,6,88,False,False,39
EST01318,2025-12-01,PRD04,LOJ03,215,4,144,False,False,53
EST01319,2025-12-01,PRD05,LOJ03,162,3,0,False,False,54
EST01320,2025-12-01,PRD06,LOJ03,111,2,0,False,False,55
EST01321,2025-12-01,PRD07,LOJ03,101,5,0,False,False,20
EST01322,2025-12-01,PRD08,LOJ03,114,6,0,False,False,19
EST01323,2025-12-01,PRD09,LOJ03,122,5,0,False,False,24
EST01324,2025-12-01,PRD10,LOJ03,207,2,156,False,False,103
EST01325,2025-12-01,PRD11,LOJ03,87,3,0,False,False,29
EST01326,2025-12-01,PRD12,LOJ03,85,5,0,False,False,17
EST01327,2025-12-01,PRD13,LOJ03,156,6,0,False,False,26
EST01328,2025-12-01,PRD14,LOJ03,89,5,0,False,False,17
EST01329,2025-12-01,PRD15,LOJ03,159,1,0,False,False,159
EST01330,2025-12-01,PRD16,LOJ03,134,1,0,False,False,134
EST01331,2025-12-01,PRD17,LOJ03,230,1,123,False,False,230
EST01332,2025-12-01,PRD18,LOJ03,124,0,0,False,False,41
EST01333,2025-12-01,PRD19,LOJ03,116,1,0,False,False,116
EST01334,2025-12-01,PRD20,LOJ03,190,1,0,False,False,190
EST01335,2025-12-01,PRD21,LOJ03,190,4,0,False,False,47
EST01336,2025-12-01,PRD22,LOJ03,57,8,0,False,False,7
EST01337,2025-12-01,PRD23,LOJ03,153,0,0,False,False,51
EST01338,2025-12-01,PRD24,LOJ03,156,2,57,False,False,78
EST01339,2025-12-01,PRD25,LOJ03,279,5,115,False,False,55
EST01340,2025-12-01,PRD01,WEB01,122,1,0,False,False,122
EST01341,2025-12-01,PRD02,WEB01,184,3,62,False,False,61
EST01342,2025-12-01,PRD03,WEB01,42,3,0,False,False,14
EST01343,2025-12-01,PRD04,WEB01,51,4,0,False,False,12
EST01344,2025-12-01,PRD05,WEB01,75,2,0,False,False,37
EST01345,2025-12-01,PRD06,WEB01,230,4,129,False,False,57
EST01346,2025-12-01,PRD07,WEB01,69,5,0,False,False,13
EST01347,2025-12-01,PRD08,WEB01,121,1,0,False,False,121
EST01348,2025-12-01,PRD09,WEB01,153,6,0,False,False,25
EST01349,2025-12-01,PRD10,WEB01,49,4,0,False,False,12
EST01350,2025-12-01,PRD11,WEB01,132,7,0,False,False,18
EST01351,2025-12-01,PRD12,WEB01,190,6,59,False,False,31
EST01352,2025-12-01,PRD13,WEB01,120,2,0,False,False,60
EST01353,2025-12-01,PRD14,WEB01,311,1,127,False,False,311
EST01354,2025-12-01,PRD15,WEB01,285,2,158,False,False,142
EST01355,2025-12-01,PRD16,WEB01,100,1,0,False,False,100
EST01356,2025-12-01,PRD17,WEB01,101,1,0,False,False,101
EST01357,2025-12-01,PRD18,WEB01,43,7,0,False,False,6
EST01358,2025-12-01,PRD19,WEB01,247,2,122,False,False,123
EST01359,2025-12-01,PRD20,WEB01,47,2,0,False,False,23
EST01360,2025-12-01,PRD21,WEB01,92,0,0,False,False,30
EST01361,2025-12-15,PRD01,LOJ01,189,2,0,False,False,94
EST01362,2025-12-15,PRD02,LOJ01,140,7,0,False,False,20
EST01363,2025-12-15,PRD03,LOJ01,101,1,0,False,False,101
EST01364,2025-12-15,PRD04,LOJ01,45,8,0,False,False,5
EST01365,2025-12-15,PRD05,LOJ01,147,8,0,False,False,18
EST01366,2025-12-15,PRD06,LOJ01,29,2,0,False,False,14
EST01367,2025-12-15,PRD07,LOJ01,32,8,0,False,False,4
EST01368,2025-12-15,PRD08,LOJ01,48,4,0,False,False,12
EST01369,2025-12-15,PRD09,LOJ01,116,8,0,False,False,14
EST01370,2025-12-15,PRD10,LOJ01,245,2,81,False,False,122
EST01371,2025-12-15,PRD11,LOJ01,84,7,0,False,False,12
EST01372,2025-12-15,PRD12,LOJ01,101,4,0,False,False,25
EST01373,2025-12-15,PRD13,LOJ01,45,0,0,False,False,15
EST01374,2025-12-15,PRD14,LOJ01,37,2,0,False,False,18
EST01375,2025-12-15,PRD15,LOJ01,61,6,0,False,False,10
EST01376,2025-12-15,PRD16,LOJ01,256,8,147,False,False,32
EST01377,2025-12-15,PRD17,LOJ01,301,2,177,False,False,150
EST01378,2025-12-15,PRD18,LOJ01,91,2,0,False,False,45
EST01379,2025-12-15,PRD19,LOJ01,48,3,0,False,False,16
EST01380,2025-12-15,PRD20,LOJ01,56,6,0,False,False,9
EST01381,2025-12-15,PRD21,LOJ01,119,3,0,False,False,39
EST01382,2025-12-15,PRD22,LOJ01,120,2,0,False,False,60
EST01383,2025-12-15,PRD23,LOJ01,55,3,0,False,False,18
EST01384,2025-12-15,PRD24,LOJ01,177,6,0,False,False,29
EST01385,2025-12-15,PRD25,LOJ01,65,5,0,False,False,13
EST01386,2025-12-15,PRD01,LOJ02,192,8,0,False,False,24
EST01387,2025-12-15,PRD02,LOJ02,292,4,193,False,False,73
EST01388,2025-12-15,PRD03,LOJ02,106,4,0,False,False,26
EST01389,2025-12-15,PRD04,LOJ02,56,8,0,False,False,7
EST01390,2025-12-15,PRD05,LOJ02,161,4,0,False,False,40
EST01391,2025-12-15,PRD06,LOJ02,58,8,0,False,False,7
EST01392,2025-12-15,PRD07,LOJ02,37,5,0,False,False,7
EST01393,2025-12-15,PRD08,LOJ02,59,2,0,False,False,29
EST01394,2025-12-15,PRD09,LOJ02,220,4,139,False,False,55
EST01395,2025-12-15,PRD10,LOJ02,114,4,0,False,False,28
EST01396,2025-12-15,PRD11,LOJ02,111,1,0,False,False,111
EST01397,2025-12-15,PRD12,LOJ02,71,3,0,False,False,23
EST01398,2025-12-15,PRD13,LOJ02,185,0,0,False,False,61
EST01399,2025-12-15,PRD14,LOJ02,190,7,0,False,False,27
EST01400,2025-12-15,PRD15,LOJ02,117,3,0,False,False,39
EST01401,2025-12-15,PRD16,LOJ02,166,6,120,False,False,27
EST01402,2025-12-15,PRD17,LOJ02,151,8,0,False,False,18
EST01403,2025-12-15,PRD18,LOJ02,137,2,0,False,False,68
EST01404,2025-12-15,PRD19,LOJ02,141,6,0,False,False,23
EST01405,2025-12-15,PRD20,LOJ02,148,1,0,False,False,148
EST01406,2025-12-15,PRD21,LOJ02,112,2,0,False,False,56
EST01407,2025-12-15,PRD22,LOJ02,256,1,183,False,False,256
EST01408,2025-12-15,PRD23,LOJ02,161,6,0,False,False,26
EST01409,2025-12-15,PRD24,LOJ02,139,2,0,False,False,69
EST01410,2025-12-15,PRD25,LOJ02,123,8,0,False,False,15
EST01411,2025-12-15,PRD01,LOJ03,169,2,0,False,False,84
EST01412,2025-12-15,PRD02,LOJ03,151,2,0,False,False,75
EST01413,2025-12-15,PRD03,LOJ03,125,0,0,False,False,41
EST01414,2025-12-15,PRD04,LOJ03,89,8,0,False,False,11
EST01415,2025-12-15,PRD05,LOJ03,273,7,170,False,False,39
EST01416,2025-12-15,PRD06,LOJ03,199,1,0,False,False,199
EST01417,2025-12-15,PRD07,LOJ03,135,7,0,False,False,19
EST01418,2025-12-15,PRD08,LOJ03,149,4,0,False,False,37
EST01419,2025-12-15,PRD09,LOJ03,163,1,0,False,False,163
EST01420,2025-12-15,PRD10,LOJ03,63,0,0,False,False,21
EST01421,2025-12-15,PRD11,LOJ03,102,1,65,False,False,102
EST01422,2025-12-15,PRD12,LOJ03,44,1,0,False,False,44
EST01423,2025-12-15,PRD13,LOJ03,28,2,0,False,False,14
EST01424,2025-12-15,PRD14,LOJ03,158,7,0,False,False,22
EST01425,2025-12-15,PRD15,LOJ03,42,3,0,False,False,14
EST01426,2025-12-15,PRD16,LOJ03,35,0,0,False,False,11
EST01427,2025-12-15,PRD17,LOJ03,182,7,0,False,False,26
EST01428,2025-12-15,PRD18,LOJ03,178,6,0,False,False,29
EST01429,2025-12-15,PRD19,LOJ03,185,8,0,False,False,23
EST01430,2025-12-15,PRD20,LOJ03,182,7,0,False,False,26
EST01431,2025-12-15,PRD21,LOJ03,127,3,0,False,False,42
EST01432,2025-12-15,PRD22,LOJ03,164,3,0,False,False,54
EST01433,2025-12-15,PRD23,LOJ03,80,3,0,False,False,26
EST01434,2025-12-15,PRD24,LOJ03,74,6,0,False,False,12
EST01435,2025-12-15,PRD25,LOJ03,319,3,123,False,False,106
EST01436,2025-12-15,PRD01,WEB01,90,4,0,False,False,22
EST01437,2025-12-15,PRD02,WEB01,120,6,0,False,False,20
EST01438,2025-12-15,PRD03,WEB01,120,2,0,False,False,60
EST01439,2025-12-15,PRD04,WEB01,120,1,0,False,False,120
EST01440,2025-12-15,PRD05,WEB01,194,1,0,False,False,194
EST01441,2025-12-15,PRD06,WEB01,29,2,0,False,False,14
EST01442,2025-12-15,PRD07,WEB01,34,2,0,False,False,17
EST01443,2025-12-15,PRD08,WEB01,113,2,0,False,False,56
EST01444,2025-12-15,PRD09,WEB01,158,1,0,False,False,158
EST01445,2025-12-15,PRD10,WEB01,34,2,0,False,False,17
EST01446,2025-12-15,PRD11,WEB01,70,4,0,False,False,17
EST01447,2025-12-15,PRD12,WEB01,168,6,0,False,False,28
EST01448,2025-12-15,PRD13,WEB01,64,6,0,False,False,10
EST01449,2025-12-15,PRD14,WEB01,311,2,170,False,False,155
EST01450,2025-12-15,PRD15,WEB01,125,2,0,False,False,62
EST01451,2025-12-15,PRD16,WEB01,115,4,0,False,False,28
EST01452,2025-12-15,PRD17,WEB01,122,2,0,False,False,61
EST01453,2025-12-15,PRD18,WEB01,146,6,0,False,False,24
EST01454,2025-12-15,PRD19,WEB01,59,8,0,False,False,7
EST01455,2025-12-15,PRD20,WEB01,33,2,0,False,False,16
EST01456,2025-12-15,PRD21,WEB01,183,8,0,False,False,22
EST01457,2026-01-01,PRD01,LOJ01,118,7,0,False,False,16
EST01458,2026-01-01,PRD02,LOJ01,50,3,0,False,False,16
EST01459,2026-01-01,PRD03,LOJ01,61,4,0,False,False,15
EST01460,2026-01-01,PRD04,LOJ01,117,1,0,False,False,117
EST01461,2026-01-01,PRD05,LOJ01,104,3,0,False,False,34
EST01462,2026-01-01,PRD06,LOJ01,84,3,0,False,False,28
EST01463,2026-01-01,PRD07,LOJ01,141,8,0,False,False,17
EST01464,2026-01-01,PRD08,LOJ01,82,1,0,False,False,82
EST01465,2026-01-01,PRD09,LOJ01,140,3,0,False,False,46
EST01466,2026-01-01,PRD10,LOJ01,37,3,0,False,False,12
EST01467,2026-01-01,PRD11,LOJ01,143,1,105,False,False,143
EST01468,2026-01-01,PRD12,LOJ01,208,5,81,False,False,41
EST01469,2026-01-01,PRD13,LOJ01,112,8,0,False,False,14
EST01470,2026-01-01,PRD14,LOJ01,176,7,0,False,False,25
EST01471,2026-01-01,PRD15,LOJ01,170,1,0,False,False,170
EST01472,2026-01-01,PRD16,LOJ01,138,7,0,False,False,19
EST01473,2026-01-01,PRD17,LOJ01,138,3,0,False,False,46
EST01474,2026-01-01,PRD18,LOJ01,130,2,0,False,False,65
EST01475,2026-01-01,PRD19,LOJ01,47,3,0,False,False,15
EST01476,2026-01-01,PRD20,LOJ01,24,6,0,False,False,4
EST01477,2026-01-01,PRD21,LOJ01,176,2,0,False,False,88
EST01478,2026-01-01,PRD22,LOJ01,163,2,95,False,False,81
EST01479,2026-01-01,PRD23,LOJ01,141,8,0,False,False,17
EST01480,2026-01-01,PRD24,LOJ01,255,2,162,False,False,127
EST01481,2026-01-01,PRD25,LOJ01,123,5,0,False,False,24
EST01482,2026-01-01,PRD01,LOJ02,241,0,64,False,False,80
EST01483,2026-01-01,PRD02,LOJ02,54,3,0,False,False,18
EST01484,2026-01-01,PRD03,LOJ02,79,4,0,False,False,19
EST01485,2026-01-01,PRD04,LOJ02,120,7,0,False,False,17
EST01486,2026-01-01,PRD05,LOJ02,68,8,0,False,False,8
EST01487,2026-01-01,PRD06,LOJ02,192,4,0,False,False,48
EST01488,2026-01-01,PRD07,LOJ02,152,0,0,False,False,50
EST01489,2026-01-01,PRD08,LOJ02,100,4,0,False,False,25
EST01490,2026-01-01,PRD09,LOJ02,171,0,0,False,False,57
EST01491,2026-01-01,PRD10,LOJ02,154,3,0,False,False,51
EST01492,2026-01-01,PRD11,LOJ02,70,2,0,False,False,35
EST01493,2026-01-01,PRD12,LOJ02,167,0,0,False,False,55
EST01494,2026-01-01,PRD13,LOJ02,97,5,0,False,False,19
EST01495,2026-01-01,PRD14,LOJ02,91,3,0,False,False,30
EST01496,2026-01-01,PRD15,LOJ02,161,6,0,False,False,26
EST01497,2026-01-01,PRD16,LOJ02,45,2,0,False,False,22
EST01498,2026-01-01,PRD17,LOJ02,328,3,168,False,False,109
EST01499,2026-01-01,PRD18,LOJ02,35,0,0,False,False,11
EST01500,2026-01-01,PRD19,LOJ02,189,5,0,False,False,37
EST01501,2026-01-01,PRD20,LOJ02,94,3,0,False,False,31
EST01502,2026-01-01,PRD21,LOJ02,87,2,0,False,False,43
EST01503,2026-01-01,PRD22,LOJ02,62,2,0,False,False,31
EST01504,2026-01-01,PRD23,LOJ02,41,6,0,False,False,6
EST01505,2026-01-01,PRD24,LOJ02,71,1,0,False,False,71
EST01506,2026-01-01,PRD25,LOJ02,116,4,87,False,False,29
EST01507,2026-01-01,PRD01,LOJ03,84,1,0,False,False,84
EST01508,2026-01-01,PRD02,LOJ03,114,6,0,False,False,19
EST01509,2026-01-01,PRD03,LOJ03,37,8,0,False,False,4
EST01510,2026-01-01,PRD04,LOJ03,89,0,0,False,False,29
EST01511,2026-01-01,PRD05,LOJ03,168,2,0,False,False,84
EST01512,2026-01-01,PRD06,LOJ03,182,0,0,False,False,60
EST01513,2026-01-01,PRD07,LOJ03,67,7,0,False,False,9
EST01514,2026-01-01,PRD08,LOJ03,90,6,0,False,False,15
EST01515,2026-01-01,PRD09,LOJ03,67,6,0,False,False,11
EST01516,2026-01-01,PRD10,LOJ03,139,3,0,False,False,46
EST01517,2026-01-01,PRD11,LOJ03,85,6,0,False,False,14
EST01518,2026-01-01,PRD12,LOJ03,66,3,0,False,False,22
EST01519,2026-01-01,PRD13,LOJ03,168,1,0,False,False,168
EST01520,2026-01-01,PRD14,LOJ03,71,1,0,False,False,71
EST01521,2026-01-01,PRD15,LOJ03,24,7,0,False,False,3
EST01522,2026-01-01,PRD16,LOJ03,43,0,0,False,False,14
EST01523,2026-01-01,PRD17,LOJ03,39,4,0,False,False,9
EST01524,2026-01-01,PRD18,LOJ03,164,4,0,False,False,41
EST01525,2026-01-01,PRD19,LOJ03,321,2,177,False,False,160
EST01526,2026-01-01,PRD20,LOJ03,70,4,0,False,False,17
EST01527,2026-01-01,PRD21,LOJ03,201,8,174,False,False,25
EST01528,2026-01-01,PRD22,LOJ03,125,3,0,False,False,41
EST01529,2026-01-01,PRD23,LOJ03,238,4,190,False,False,59
EST01530,2026-01-01,PRD24,LOJ03,193,0,0,False,False,64
EST01531,2026-01-01,PRD25,LOJ03,41,7,0,False,False,5
EST01532,2026-01-01,PRD01,WEB01,110,5,0,False,False,22
EST01533,2026-01-01,PRD02,WEB01,176,4,0,False,False,44
EST01534,2026-01-01,PRD03,WEB01,130,7,0,False,False,18
EST01535,2026-01-01,PRD04,WEB01,54,4,0,False,False,13
EST01536,2026-01-01,PRD05,WEB01,243,1,87,False,False,243
EST01537,2026-01-01,PRD06,WEB01,141,0,0,False,False,47
EST01538,2026-01-01,PRD07,WEB01,155,7,0,False,False,22
EST01539,2026-01-01,PRD08,WEB01,38,2,0,False,False,19
EST01540,2026-01-01,PRD09,WEB01,188,7,0,False,False,26
EST01541,2026-01-01,PRD10,WEB01,28,3,0,False,False,9
EST01542,2026-01-01,PRD11,WEB01,87,7,0,False,False,12
EST01543,2026-01-01,PRD12,WEB01,195,7,172,False,False,27
EST01544,2026-01-01,PRD13,WEB01,143,5,89,False,False,28
EST01545,2026-01-01,PRD14,WEB01,164,0,0,False,False,54
EST01546,2026-01-01,PRD15,WEB01,92,1,0,False,False,92
EST01547,2026-01-01,PRD16,WEB01,235,5,67,False,False,47
EST01548,2026-01-01,PRD17,WEB01,166,2,0,False,False,83
EST01549,2026-01-01,PRD18,WEB01,152,1,0,False,False,152
EST01550,2026-01-01,PRD19,WEB01,63,1,0,False,False,63
EST01551,2026-01-01,PRD20,WEB01,103,2,0,False,False,51
EST01552,2026-01-01,PRD21,WEB01,68,0,0,False,False,22
EST01553,2026-01-15,PRD01,LOJ01,324,0,175,False,False,108
EST01554,2026-01-15,PRD02,LOJ01,176,6,70,False,False,29
EST01555,2026-01-15,PRD03,LOJ01,34,3,0,False,False,11
EST01556,2026-01-15,PRD04,LOJ01,121,1,0,False,False,121
EST01557,2026-01-15,PRD05,LOJ01,149,8,0,False,False,18
EST01558,2026-01-15,PRD06,LOJ01,138,1,0,False,False,138
EST01559,2026-01-15,PRD07,LOJ01,190,1,0,False,False,190
EST01560,2026-01-15,PRD08,LOJ01,93,3,0,False,False,31
EST01561,2026-01-15,PRD09,LOJ01,91,7,0,False,False,13
EST01562,2026-01-15,PRD10,LOJ01,93,1,0,False,False,93
EST01563,2026-01-15,PRD11,LOJ01,130,7,0,False,False,18
EST01564,2026-01-15,PRD12,LOJ01,165,4,0,False,False,41
EST01565,2026-01-15,PRD13,LOJ01,139,7,0,False,False,19
EST01566,2026-01-15,PRD14,LOJ01,90,2,0,False,False,45
EST01567,2026-01-15,PRD15,LOJ01,66,0,0,False,False,22
EST01568,2026-01-15,PRD16,LOJ01,73,4,0,False,False,18
EST01569,2026-01-15,PRD17,LOJ01,106,1,0,False,False,106
EST01570,2026-01-15,PRD18,LOJ01,183,4,0,False,False,45
EST01571,2026-01-15,PRD19,LOJ01,64,1,0,False,False,64
EST01572,2026-01-15,PRD20,LOJ01,56,6,0,False,False,9
EST01573,2026-01-15,PRD21,LOJ01,54,8,0,False,False,6
EST01574,2026-01-15,PRD22,LOJ01,177,4,0,False,False,44
EST01575,2026-01-15,PRD23,LOJ01,64,0,0,False,False,21
EST01576,2026-01-15,PRD24,LOJ01,174,8,114,False,False,21
EST01577,2026-01-15,PRD25,LOJ01,75,4,0,False,False,18
EST01578,2026-01-15,PRD01,LOJ02,159,1,0,False,False,159
EST01579,2026-01-15,PRD02,LOJ02,74,2,0,False,False,37
EST01580,2026-01-15,PRD03,LOJ02,102,2,0,False,False,51
EST01581,2026-01-15,PRD04,LOJ02,87,6,0,False,False,14
EST01582,2026-01-15,PRD05,LOJ02,60,4,0,False,False,15
EST01583,2026-01-15,PRD06,LOJ02,193,0,61,False,False,64
EST01584,2026-01-15,PRD07,LOJ02,103,5,0,False,False,20
EST01585,2026-01-15,PRD08,LOJ02,183,6,0,False,False,30
EST01586,2026-01-15,PRD09,LOJ02,195,8,171,False,False,24
EST01587,2026-01-15,PRD10,LOJ02,35,3,0,False,False,11
EST01588,2026-01-15,PRD11,LOJ02,320,0,133,False,False,106
EST01589,2026-01-15,PRD12,LOJ02,32,6,0,False,False,5
EST01590,2026-01-15,PRD13,LOJ02,64,1,0,False,False,64
EST01591,2026-01-15,PRD14,LOJ02,270,1,143,False,False,270
EST01592,2026-01-15,PRD15,LOJ02,42,6,0,False,False,7
EST01593,2026-01-15,PRD16,LOJ02,87,0,0,False,False,29
EST01594,2026-01-15,PRD17,LOJ02,212,2,110,False,False,106
EST01595,2026-01-15,PRD18,LOJ02,194,4,57,False,False,48
EST01596,2026-01-15,PRD19,LOJ02,144,3,0,False,False,48
EST01597,2026-01-15,PRD20,LOJ02,83,8,0,False,False,10
EST01598,2026-01-15,PRD21,LOJ02,132,6,0,False,False,22
EST01599,2026-01-15,PRD22,LOJ02,154,4,0,False,False,38
EST01600,2026-01-15,PRD23,LOJ02,76,6,0,False,False,12
EST01601,2026-01-15,PRD24,LOJ02,41,0,0,False,False,13
EST01602,2026-01-15,PRD25,LOJ02,43,8,0,False,False,5
EST01603,2026-01-15,PRD01,LOJ03,32,5,0,False,False,6
EST01604,2026-01-15,PRD02,LOJ03,129,6,0,False,False,21
EST01605,2026-01-15,PRD03,LOJ03,152,1,87,False,False,152
EST01606,2026-01-15,PRD04,LOJ03,111,1,0,False,False,111
EST01607,2026-01-15,PRD05,LOJ03,134,4,0,False,False,33
EST01608,2026-01-15,PRD06,LOJ03,114,4,0,False,False,28
EST01609,2026-01-15,PRD07,LOJ03,126,4,0,False,False,31
EST01610,2026-01-15,PRD08,LOJ03,36,1,0,False,False,36
EST01611,2026-01-15,PRD09,LOJ03,138,3,0,False,False,46
EST01612,2026-01-15,PRD10,LOJ03,165,2,0,False,False,82
EST01613,2026-01-15,PRD11,LOJ03,76,4,0,False,False,19
EST01614,2026-01-15,PRD12,LOJ03,43,3,0,False,False,14
EST01615,2026-01-15,PRD13,LOJ03,228,1,139,False,False,228
EST01616,2026-01-15,PRD14,LOJ03,106,0,76,False,False,35
EST01617,2026-01-15,PRD15,LOJ03,169,0,0,False,False,56
EST01618,2026-01-15,PRD16,LOJ03,192,5,0,False,False,38
EST01619,2026-01-15,PRD17,LOJ03,149,7,113,False,False,21
EST01620,2026-01-15,PRD18,LOJ03,143,8,0,False,False,17
EST01621,2026-01-15,PRD19,LOJ03,93,4,0,False,False,23
EST01622,2026-01-15,PRD20,LOJ03,137,5,0,False,False,27
EST01623,2026-01-15,PRD21,LOJ03,337,1,200,False,False,337
EST01624,2026-01-15,PRD22,LOJ03,49,0,0,False,False,16
EST01625,2026-01-15,PRD23,LOJ03,164,8,0,False,False,20
EST01626,2026-01-15,PRD24,LOJ03,40,2,0,False,False,20
EST01627,2026-01-15,PRD25,LOJ03,177,7,0,False,False,25
EST01628,2026-01-15,PRD01,WEB01,147,8,0,False,False,18
EST01629,2026-01-15,PRD02,WEB01,173,1,0,False,False,173
EST01630,2026-01-15,PRD03,WEB01,93,0,0,False,False,31
EST01631,2026-01-15,PRD04,WEB01,39,1,0,False,False,39
EST01632,2026-01-15,PRD05,WEB01,62,5,0,False,False,12
EST01633,2026-01-15,PRD06,WEB01,181,6,0,False,False,30
EST01634,2026-01-15,PRD07,WEB01,273,4,141,False,False,68
EST01635,2026-01-15,PRD08,WEB01,138,7,0,False,False,19
EST01636,2026-01-15,PRD09,WEB01,85,2,0,False,False,42
EST01637,2026-01-15,PRD10,WEB01,216,3,114,False,False,72
EST01638,2026-01-15,PRD11,WEB01,153,1,0,False,False,153
EST01639,2026-01-15,PRD12,WEB01,268,1,162,False,False,268
EST01640,2026-01-15,PRD13,WEB01,303,8,145,False,False,37
EST01641,2026-01-15,PRD14,WEB01,115,2,76,False,False,57
EST01642,2026-01-15,PRD15,WEB01,206,1,71,False,False,206
EST01643,2026-01-15,PRD16,WEB01,131,6,0,False,False,21
EST01644,2026-01-15,PRD17,WEB01,140,5,0,False,False,28
EST01645,2026-01-15,PRD18,WEB01,93,4,0,False,False,23
EST01646,2026-01-15,PRD19,WEB01,252,4,134,False,False,63
EST01647,2026-01-15,PRD20,WEB01,82,1,0,False,False,82
EST01648,2026-01-15,PRD21,WEB01,81,6,0,False,False,13
EST01649,2026-02-01,PRD01,LOJ01,47,4,0,False,False,11
EST01650,2026-02-01,PRD02,LOJ01,80,8,0,False,False,10
EST01651,2026-02-01,PRD03,LOJ01,33,1,0,False,False,33
EST01652,2026-02-01,PRD04,LOJ01,65,8,0,False,False,8
EST01653,2026-02-01,PRD05,LOJ01,124,8,0,False,False,15
EST01654,2026-02-01,PRD06,LOJ01,98,0,0,False,False,32
EST01655,2026-02-01,PRD07,LOJ01,157,1,0,False,False,157
EST01656,2026-02-01,PRD08,LOJ01,75,8,0,False,False,9
EST01657,2026-02-01,PRD09,LOJ01,35,0,0,False,False,11
EST01658,2026-02-01,PRD10,LOJ01,164,5,0,False,False,32
EST01659,2026-02-01,PRD11,LOJ01,117,7,0,False,False,16
EST01660,2026-02-01,PRD12,LOJ01,137,6,0,False,False,22
EST01661,2026-02-01,PRD13,LOJ01,94,8,0,False,False,11
EST01662,2026-02-01,PRD14,LOJ01,192,8,0,False,False,24
EST01663,2026-02-01,PRD15,LOJ01,86,1,0,False,False,86
EST01664,2026-02-01,PRD16,LOJ01,150,4,0,False,False,37
EST01665,2026-02-01,PRD17,LOJ01,101,7,0,False,False,14
EST01666,2026-02-01,PRD18,LOJ01,127,7,67,False,False,18
EST01667,2026-02-01,PRD19,LOJ01,371,3,174,False,False,123
EST01668,2026-02-01,PRD20,LOJ01,183,1,0,False,False,183
EST01669,2026-02-01,PRD21,LOJ01,104,3,0,False,False,34
EST01670,2026-02-01,PRD22,LOJ01,54,5,0,False,False,10
EST01671,2026-02-01,PRD23,LOJ01,175,0,0,False,False,58
EST01672,2026-02-01,PRD24,LOJ01,104,1,0,False,False,104
EST01673,2026-02-01,PRD25,LOJ01,138,1,0,False,False,138
EST01674,2026-02-01,PRD01,LOJ02,76,4,0,False,False,19
EST01675,2026-02-01,PRD02,LOJ02,199,0,0,False,False,66
EST01676,2026-02-01,PRD03,LOJ02,146,1,0,False,False,146
EST01677,2026-02-01,PRD04,LOJ02,231,6,95,False,False,38
EST01678,2026-02-01,PRD05,LOJ02,53,2,0,False,False,26
EST01679,2026-02-01,PRD06,LOJ02,100,0,0,False,False,33
EST01680,2026-02-01,PRD07,LOJ02,101,6,0,False,False,16
EST01681,2026-02-01,PRD08,LOJ02,196,3,0,False,False,65
EST01682,2026-02-01,PRD09,LOJ02,183,8,0,False,False,22
EST01683,2026-02-01,PRD10,LOJ02,176,5,0,False,False,35
EST01684,2026-02-01,PRD11,LOJ02,74,7,0,False,False,10
EST01685,2026-02-01,PRD12,LOJ02,162,1,82,False,False,162
EST01686,2026-02-01,PRD13,LOJ02,42,4,0,False,False,10
EST01687,2026-02-01,PRD14,LOJ02,119,1,0,False,False,119
EST01688,2026-02-01,PRD15,LOJ02,123,5,0,False,False,24
EST01689,2026-02-01,PRD16,LOJ02,189,3,0,False,False,63
EST01690,2026-02-01,PRD17,LOJ02,65,0,0,False,False,21
EST01691,2026-02-01,PRD18,LOJ02,98,6,0,False,False,16
EST01692,2026-02-01,PRD19,LOJ02,212,3,129,False,False,70
EST01693,2026-02-01,PRD20,LOJ02,215,2,145,False,False,107
EST01694,2026-02-01,PRD21,LOJ02,98,8,0,False,False,12
EST01695,2026-02-01,PRD22,LOJ02,145,5,0,False,False,29
EST01696,2026-02-01,PRD23,LOJ02,142,2,0,False,False,71
EST01697,2026-02-01,PRD24,LOJ02,156,8,0,False,False,19
EST01698,2026-02-01,PRD25,LOJ02,81,4,0,False,False,20
EST01699,2026-02-01,PRD01,LOJ03,115,7,0,False,False,16
EST01700,2026-02-01,PRD02,LOJ03,106,1,0,False,False,106
EST01701,2026-02-01,PRD03,LOJ03,194,5,0,False,False,38
EST01702,2026-02-01,PRD04,LOJ03,58,3,0,False,False,19
EST01703,2026-02-01,PRD05,LOJ03,38,0,0,False,False,12
EST01704,2026-02-01,PRD06,LOJ03,143,4,0,False,False,35
EST01705,2026-02-01,PRD07,LOJ03,258,8,193,False,False,32
EST01706,2026-02-01,PRD08,LOJ03,81,5,0,False,False,16
EST01707,2026-02-01,PRD09,LOJ03,25,8,0,False,False,3
EST01708,2026-02-01,PRD10,LOJ03,64,2,0,False,False,32
EST01709,2026-02-01,PRD11,LOJ03,117,2,0,False,False,58
EST01710,2026-02-01,PRD12,LOJ03,184,4,118,False,False,46
EST01711,2026-02-01,PRD13,LOJ03,134,3,0,False,False,44
EST01712,2026-02-01,PRD14,LOJ03,93,7,0,False,False,13
EST01713,2026-02-01,PRD15,LOJ03,80,6,0,False,False,13
EST01714,2026-02-01,PRD16,LOJ03,358,1,161,False,False,358
EST01715,2026-02-01,PRD17,LOJ03,211,2,169,False,False,105
EST01716,2026-02-01,PRD18,LOJ03,91,6,53,False,False,15
EST01717,2026-02-01,PRD19,LOJ03,156,8,0,False,False,19
EST01718,2026-02-01,PRD20,LOJ03,153,7,0,False,False,21
EST01719,2026-02-01,PRD21,LOJ03,177,5,0,False,False,35
EST01720,2026-02-01,PRD22,LOJ03,105,1,0,False,False,105
EST01721,2026-02-01,PRD23,LOJ03,117,4,0,False,False,29
EST01722,2026-02-01,PRD24,LOJ03,143,8,0,False,False,17
EST01723,2026-02-01,PRD25,LOJ03,126,4,0,False,False,31
EST01724,2026-02-01,PRD01,WEB01,179,6,141,False,False,29
EST01725,2026-02-01,PRD02,WEB01,73,4,0,False,False,18
EST01726,2026-02-01,PRD03,WEB01,138,8,0,False,False,17
EST01727,2026-02-01,PRD04,WEB01,38,4,0,False,False,9
EST01728,2026-02-01,PRD05,WEB01,95,1,0,False,False,95
EST01729,2026-02-01,PRD06,WEB01,75,1,0,False,False,75
EST01730,2026-02-01,PRD07,WEB01,132,7,0,False,False,18
EST01731,2026-02-01,PRD08,WEB01,86,5,0,False,False,17
EST01732,2026-02-01,PRD09,WEB01,103,2,0,False,False,51
EST01733,2026-02-01,PRD10,WEB01,116,0,0,False,False,38
EST01734,2026-02-01,PRD11,WEB01,186,2,0,False,False,93
EST01735,2026-02-01,PRD12,WEB01,138,0,0,False,False,46
EST01736,2026-02-01,PRD13,WEB01,316,1,178,False,False,316
EST01737,2026-02-01,PRD14,WEB01,92,4,0,False,False,23
EST01738,2026-02-01,PRD15,WEB01,290,1,160,False,False,290
EST01739,2026-02-01,PRD16,WEB01,115,5,82,False,False,23
EST01740,2026-02-01,PRD17,WEB01,39,6,0,False,False,6
EST01741,2026-02-01,PRD18,WEB01,124,1,0,False,False,124
EST01742,2026-02-01,PRD19,WEB01,100,6,0,False,False,16
EST01743,2026-02-01,PRD20,WEB01,139,3,0,False,False,46
EST01744,2026-02-01,PRD21,WEB01,32,5,0,False,False,6
EST01745,2026-02-15,PRD01,LOJ01,166,1,0,False,False,166
EST01746,2026-02-15,PRD02,LOJ01,54,3,0,False,False,18
EST01747,2026-02-15,PRD03,LOJ01,136,0,0,False,False,45
EST01748,2026-02-15,PRD04,LOJ01,74,1,0,False,False,74
EST01749,2026-02-15,PRD05,LOJ01,58,0,0,False,False,19
EST01750,2026-02-15,PRD06,LOJ01,63,0,0,False,False,21
EST01751,2026-02-15,PRD07,LOJ01,107,1,0,False,False,107
EST01752,2026-02-15,PRD08,LOJ01,155,8,0,False,False,19
EST01753,2026-02-15,PRD09,LOJ01,164,2,0,False,False,82
EST01754,2026-02-15,PRD10,LOJ01,238,8,60,False,False,29
EST01755,2026-02-15,PRD11,LOJ01,40,6,0,False,False,6
EST01756,2026-02-15,PRD12,LOJ01,170,6,0,False,False,28
EST01757,2026-02-15,PRD13,LOJ01,136,2,106,False,False,68
EST01758,2026-02-15,PRD14,LOJ01,109,6,0,False,False,18
EST01759,2026-02-15,PRD15,LOJ01,184,7,0,False,False,26
EST01760,2026-02-15,PRD16,LOJ01,182,5,149,False,False,36
EST01761,2026-02-15,PRD17,LOJ01,165,7,0,False,False,23
EST01762,2026-02-15,PRD18,LOJ01,354,0,197,False,False,118
EST01763,2026-02-15,PRD19,LOJ01,307,3,114,False,False,102
EST01764,2026-02-15,PRD20,LOJ01,217,2,78,False,False,108
EST01765,2026-02-15,PRD21,LOJ01,148,4,0,False,False,37
EST01766,2026-02-15,PRD22,LOJ01,129,3,0,False,False,43
EST01767,2026-02-15,PRD23,LOJ01,156,8,0,False,False,19
EST01768,2026-02-15,PRD24,LOJ01,127,4,0,False,False,31
EST01769,2026-02-15,PRD25,LOJ01,119,4,0,False,False,29
EST01770,2026-02-15,PRD01,LOJ02,187,7,0,False,False,26
EST01771,2026-02-15,PRD02,LOJ02,33,3,0,False,False,11
EST01772,2026-02-15,PRD03,LOJ02,83,1,0,False,False,83
EST01773,2026-02-15,PRD04,LOJ02,30,0,0,False,False,10
EST01774,2026-02-15,PRD05,LOJ02,81,6,0,False,False,13
EST01775,2026-02-15,PRD06,LOJ02,127,5,0,False,False,25
EST01776,2026-02-15,PRD07,LOJ02,34,0,0,False,False,11
EST01777,2026-02-15,PRD08,LOJ02,137,2,0,False,False,68
EST01778,2026-02-15,PRD09,LOJ02,41,6,0,False,False,6
EST01779,2026-02-15,PRD10,LOJ02,122,4,0,False,False,30
EST01780,2026-02-15,PRD11,LOJ02,116,2,0,False,False,58
EST01781,2026-02-15,PRD12,LOJ02,132,7,0,False,False,18
EST01782,2026-02-15,PRD13,LOJ02,354,1,166,False,False,354
EST01783,2026-02-15,PRD14,LOJ02,133,4,0,False,False,33
EST01784,2026-02-15,PRD15,LOJ02,191,7,0,False,False,27
EST01785,2026-02-15,PRD16,LOJ02,160,5,88,False,False,32
EST01786,2026-02-15,PRD17,LOJ02,39,1,0,False,False,39
EST01787,2026-02-15,PRD18,LOJ02,83,6,0,False,False,13
EST01788,2026-02-15,PRD19,LOJ02,247,2,97,False,False,123
EST01789,2026-02-15,PRD20,LOJ02,44,7,0,False,False,6
EST01790,2026-02-15,PRD21,LOJ02,122,1,0,False,False,122
EST01791,2026-02-15,PRD22,LOJ02,63,5,0,False,False,12
EST01792,2026-02-15,PRD23,LOJ02,192,0,0,False,False,64
EST01793,2026-02-15,PRD24,LOJ02,91,8,0,False,False,11
EST01794,2026-02-15,PRD25,LOJ02,71,3,0,False,False,23
EST01795,2026-02-15,PRD01,LOJ03,80,5,0,False,False,16
EST01796,2026-02-15,PRD02,LOJ03,164,1,0,False,False,164
EST01797,2026-02-15,PRD03,LOJ03,158,5,0,False,False,31
EST01798,2026-02-15,PRD04,LOJ03,97,2,0,False,False,48
EST01799,2026-02-15,PRD05,LOJ03,193,4,0,False,False,48
EST01800,2026-02-15,PRD06,LOJ03,57,2,0,False,False,28
EST01801,2026-02-15,PRD07,LOJ03,91,8,0,False,False,11
EST01802,2026-02-15,PRD08,LOJ03,53,1,0,False,False,53
EST01803,2026-02-15,PRD09,LOJ03,198,1,0,False,False,198
EST01804,2026-02-15,PRD10,LOJ03,134,6,0,False,False,22
EST01805,2026-02-15,PRD11,LOJ03,42,3,0,False,False,14
EST01806,2026-02-15,PRD12,LOJ03,30,0,0,False,False,10
EST01807,2026-02-15,PRD13,LOJ03,56,5,0,False,False,11
EST01808,2026-02-15,PRD14,LOJ03,318,4,131,False,False,79
EST01809,2026-02-15,PRD15,LOJ03,290,8,189,False,False,36
EST01810,2026-02-15,PRD16,LOJ03,100,7,0,False,False,14
EST01811,2026-02-15,PRD17,LOJ03,118,1,0,False,False,118
EST01812,2026-02-15,PRD18,LOJ03,178,8,0,False,False,22
EST01813,2026-02-15,PRD19,LOJ03,153,5,0,False,False,30
EST01814,2026-02-15,PRD20,LOJ03,162,7,0,False,False,23
EST01815,2026-02-15,PRD21,LOJ03,151,5,0,False,False,30
EST01816,2026-02-15,PRD22,LOJ03,180,2,0,False,False,90
EST01817,2026-02-15,PRD23,LOJ03,159,3,118,False,False,53
EST01818,2026-02-15,PRD24,LOJ03,106,0,0,False,False,35
EST01819,2026-02-15,PRD25,LOJ03,144,6,0,False,False,24
EST01820,2026-02-15,PRD01,WEB01,30,2,0,False,False,15
EST01821,2026-02-15,PRD02,WEB01,42,1,0,False,False,42
EST01822,2026-02-15,PRD03,WEB01,126,3,0,False,False,42
EST01823,2026-02-15,PRD04,WEB01,129,3,0,False,False,43
EST01824,2026-02-15,PRD05,WEB01,79,1,0,False,False,79
EST01825,2026-02-15,PRD06,WEB01,156,2,0,False,False,78
EST01826,2026-02-15,PRD07,WEB01,81,5,0,False,False,16
EST01827,2026-02-15,PRD08,WEB01,120,2,0,False,False,60
EST01828,2026-02-15,PRD09,WEB01,125,5,0,False,False,25
EST01829,2026-02-15,PRD10,WEB01,113,7,0,False,False,16
EST01830,2026-02-15,PRD11,WEB01,93,8,0,False,False,11
EST01831,2026-02-15,PRD12,WEB01,99,3,0,False,False,33
EST01832,2026-02-15,PRD13,WEB01,182,3,0,False,False,60
EST01833,2026-02-15,PRD14,WEB01,160,2,0,False,False,80
EST01834,2026-02-15,PRD15,WEB01,127,8,0,False,False,15
EST01835,2026-02-15,PRD16,WEB01,121,8,0,False,False,15
EST01836,2026-02-15,PRD17,WEB01,109,4,0,False,False,27
EST01837,2026-02-15,PRD18,WEB01,58,4,0,False,False,14
EST01838,2026-02-15,PRD19,WEB01,144,3,0,False,False,48
EST01839,2026-02-15,PRD20,WEB01,53,0,0,False,False,17
EST01840,2026-02-15,PRD21,WEB01,127,5,0,False,False,25
EST01841,2026-03-01,PRD01,LOJ01,61,4,0,False,False,15
EST01842,2026-03-01,PRD02,LOJ01,190,0,0,False,False,63
EST01843,2026-03-01,PRD03,LOJ01,190,7,0,False,False,27
EST01844,2026-03-01,PRD04,LOJ01,149,2,0,False,False,74
EST01845,2026-03-01,PRD05,LOJ01,112,6,0,False,False,18
EST01846,2026-03-01,PRD06,LOJ01,171,1,0,False,False,171
EST01847,2026-03-01,PRD07,LOJ01,27,3,0,False,False,9
EST01848,2026-03-01,PRD08,LOJ01,177,7,0,False,False,25
EST01849,2026-03-01,PRD09,LOJ01,119,5,0,False,False,23
EST01850,2026-03-01,PRD10,LOJ01,70,8,0,False,False,8
EST01851,2026-03-01,PRD11,LOJ01,106,1,0,False,False,106
EST01852,2026-03-01,PRD12,LOJ01,47,0,0,False,False,15
EST01853,2026-03-01,PRD13,LOJ01,52,4,0,False,False,13
EST01854,2026-03-01,PRD14,LOJ01,98,4,0,False,False,24
EST01855,2026-03-01,PRD15,LOJ01,370,3,198,False,False,123
EST01856,2026-03-01,PRD16,LOJ01,126,8,0,False,False,15
EST01857,2026-03-01,PRD17,LOJ01,65,2,0,False,False,32
EST01858,2026-03-01,PRD18,LOJ01,54,4,0,False,False,13
EST01859,2026-03-01,PRD19,LOJ01,110,6,0,False,False,18
EST01860,2026-03-01,PRD20,LOJ01,119,7,0,False,False,17
EST01861,2026-03-01,PRD21,LOJ01,52,7,0,False,False,7
EST01862,2026-03-01,PRD22,LOJ01,91,7,60,False,False,13
EST01863,2026-03-01,PRD23,LOJ01,38,8,0,False,False,4
EST01864,2026-03-01,PRD24,LOJ01,65,3,0,False,False,21
EST01865,2026-03-01,PRD25,LOJ01,109,7,0,False,False,15
EST01866,2026-03-01,PRD01,LOJ02,132,8,0,False,False,16
EST01867,2026-03-01,PRD02,LOJ02,113,5,0,False,False,22
EST01868,2026-03-01,PRD03,LOJ02,121,7,0,False,False,17
EST01869,2026-03-01,PRD04,LOJ02,37,2,0,False,False,18
EST01870,2026-03-01,PRD05,LOJ02,61,4,0,False,False,15
EST01871,2026-03-01,PRD06,LOJ02,41,4,0,False,False,10
EST01872,2026-03-01,PRD07,LOJ02,95,1,0,False,False,95
EST01873,2026-03-01,PRD08,LOJ02,75,4,0,False,False,18
EST01874,2026-03-01,PRD09,LOJ02,96,5,0,False,False,19
EST01875,2026-03-01,PRD10,LOJ02,193,7,0,False,False,27
EST01876,2026-03-01,PRD11,LOJ02,129,3,0,False,False,43
EST01877,2026-03-01,PRD12,LOJ02,47,8,0,False,False,5
EST01878,2026-03-01,PRD13,LOJ02,54,3,0,False,False,18
EST01879,2026-03-01,PRD14,LOJ02,63,5,0,False,False,12
EST01880,2026-03-01,PRD15,LOJ02,108,4,0,False,False,27
EST01881,2026-03-01,PRD16,LOJ02,92,6,0,False,False,15
EST01882,2026-03-01,PRD17,LOJ02,36,3,0,False,False,12
EST01883,2026-03-01,PRD18,LOJ02,66,4,0,False,False,16
EST01884,2026-03-01,PRD19,LOJ02,50,8,0,False,False,6
EST01885,2026-03-01,PRD20,LOJ02,74,0,0,False,False,24
EST01886,2026-03-01,PRD21,LOJ02,75,7,0,False,False,10
EST01887,2026-03-01,PRD22,LOJ02,236,4,130,False,False,59
EST01888,2026-03-01,PRD23,LOJ02,93,2,0,False,False,46
EST01889,2026-03-01,PRD24,LOJ02,64,7,0,False,False,9
EST01890,2026-03-01,PRD25,LOJ02,185,2,0,False,False,92
EST01891,2026-03-01,PRD01,LOJ03,169,6,0,False,False,28
EST01892,2026-03-01,PRD02,LOJ03,86,2,0,False,False,43
EST01893,2026-03-01,PRD03,LOJ03,150,5,0,False,False,30
EST01894,2026-03-01,PRD04,LOJ03,54,6,0,False,False,9
EST01895,2026-03-01,PRD05,LOJ03,35,0,0,False,False,11
EST01896,2026-03-01,PRD06,LOJ03,165,3,0,False,False,55
EST01897,2026-03-01,PRD07,LOJ03,155,4,0,False,False,38
EST01898,2026-03-01,PRD08,LOJ03,61,3,0,False,False,20
EST01899,2026-03-01,PRD09,LOJ03,149,2,52,False,False,74
EST01900,2026-03-01,PRD10,LOJ03,160,0,0,False,False,53
EST01901,2026-03-01,PRD11,LOJ03,63,3,0,False,False,21
EST01902,2026-03-01,PRD12,LOJ03,141,1,0,False,False,141
EST01903,2026-03-01,PRD13,LOJ03,48,6,0,False,False,8
EST01904,2026-03-01,PRD14,LOJ03,49,3,0,False,False,16
EST01905,2026-03-01,PRD15,LOJ03,28,6,0,False,False,4
EST01906,2026-03-01,PRD16,LOJ03,46,4,0,False,False,11
EST01907,2026-03-01,PRD17,LOJ03,36,5,0,False,False,7
EST01908,2026-03-01,PRD18,LOJ03,59,0,0,False,False,19
EST01909,2026-03-01,PRD19,LOJ03,184,2,0,False,False,92
EST01910,2026-03-01,PRD20,LOJ03,159,7,0,False,False,22
EST01911,2026-03-01,PRD21,LOJ03,32,6,0,False,False,5
EST01912,2026-03-01,PRD22,LOJ03,63,0,0,False,False,21
EST01913,2026-03-01,PRD23,LOJ03,184,5,0,False,False,36
EST01914,2026-03-01,PRD24,LOJ03,168,6,0,False,False,28
EST01915,2026-03-01,PRD25,LOJ03,168,0,0,False,False,56
EST01916,2026-03-01,PRD01,WEB01,25,8,0,False,False,3
EST01917,2026-03-01,PRD02,WEB01,91,5,0,False,False,18
EST01918,2026-03-01,PRD03,WEB01,46,1,0,False,False,46
EST01919,2026-03-01,PRD04,WEB01,174,6,72,False,False,29
EST01920,2026-03-01,PRD05,WEB01,118,4,0,False,False,29
EST01921,2026-03-01,PRD06,WEB01,181,8,0,False,False,22
EST01922,2026-03-01,PRD07,WEB01,169,4,69,False,False,42
EST01923,2026-03-01,PRD08,WEB01,79,1,0,False,False,79
EST01924,2026-03-01,PRD09,WEB01,40,1,0,False,False,40
EST01925,2026-03-01,PRD10,WEB01,83,1,0,False,False,83
EST01926,2026-03-01,PRD11,WEB01,165,5,59,False,False,33
EST01927,2026-03-01,PRD12,WEB01,75,4,0,False,False,18
EST01928,2026-03-01,PRD13,WEB01,156,5,0,False,False,31
EST01929,2026-03-01,PRD14,WEB01,58,1,0,False,False,58
EST01930,2026-03-01,PRD15,WEB01,41,8,0,False,False,5
EST01931,2026-03-01,PRD16,WEB01,126,0,0,False,False,42
EST01932,2026-03-01,PRD17,WEB01,178,6,0,False,False,29
EST01933,2026-03-01,PRD18,WEB01,27,3,0,False,False,9
EST01934,2026-03-01,PRD19,WEB01,66,4,0,False,False,16
EST01935,2026-03-01,PRD20,WEB01,121,8,0,False,False,15
EST01936,2026-03-01,PRD21,WEB01,66,1,0,False,False,66
EST01937,2026-03-15,PRD01,LOJ01,119,4,0,False,False,29
EST01938,2026-03-15,PRD02,LOJ01,82,7,0,False,False,11
EST01939,2026-03-15,PRD03,LOJ01,66,6,0,False,False,11
EST01940,2026-03-15,PRD04,LOJ01,50,3,0,False,False,16
EST01941,2026-03-15,PRD05,LOJ01,229,1,105,False,False,229
EST01942,2026-03-15,PRD06,LOJ01,108,2,0,False,False,54
EST01943,2026-03-15,PRD07,LOJ01,52,5,0,False,False,10
EST01944,2026-03-15,PRD08,LOJ01,164,6,0,False,False,27
EST01945,2026-03-15,PRD09,LOJ01,191,1,0,False,False,191
EST01946,2026-03-15,PRD10,LOJ01,250,5,153,False,False,50
EST01947,2026-03-15,PRD11,LOJ01,118,6,0,False,False,19
EST01948,2026-03-15,PRD12,LOJ01,161,1,0,False,False,161
EST01949,2026-03-15,PRD13,LOJ01,89,7,0,False,False,12
EST01950,2026-03-15,PRD14,LOJ01,92,7,0,False,False,13
EST01951,2026-03-15,PRD15,LOJ01,130,6,0,False,False,21
EST01952,2026-03-15,PRD16,LOJ01,183,7,0,False,False,26
EST01953,2026-03-15,PRD17,LOJ01,28,4,0,False,False,7
EST01954,2026-03-15,PRD18,LOJ01,293,4,122,False,False,73
EST01955,2026-03-15,PRD19,LOJ01,185,2,0,False,False,92
EST01956,2026-03-15,PRD20,LOJ01,58,6,0,False,False,9
EST01957,2026-03-15,PRD21,LOJ01,44,6,0,False,False,7
EST01958,2026-03-15,PRD22,LOJ01,51,1,0,False,False,51
EST01959,2026-03-15,PRD23,LOJ01,128,2,0,False,False,64
EST01960,2026-03-15,PRD24,LOJ01,33,3,0,False,False,11
EST01961,2026-03-15,PRD25,LOJ01,97,0,0,False,False,32
EST01962,2026-03-15,PRD01,LOJ02,295,1,195,False,False,295
EST01963,2026-03-15,PRD02,LOJ02,68,8,0,False,False,8
EST01964,2026-03-15,PRD03,LOJ02,59,6,0,False,False,9
EST01965,2026-03-15,PRD04,LOJ02,239,8,183,False,False,29
EST01966,2026-03-15,PRD05,LOJ02,115,8,0,False,False,14
EST01967,2026-03-15,PRD06,LOJ02,106,5,0,False,False,21
EST01968,2026-03-15,PRD07,LOJ02,47,7,0,False,False,6
EST01969,2026-03-15,PRD08,LOJ02,148,7,0,False,False,21
EST01970,2026-03-15,PRD09,LOJ02,187,3,0,False,False,62
EST01971,2026-03-15,PRD10,LOJ02,112,4,0,False,False,28
EST01972,2026-03-15,PRD11,LOJ02,124,3,0,False,False,41
EST01973,2026-03-15,PRD12,LOJ02,61,4,0,False,False,15
EST01974,2026-03-15,PRD13,LOJ02,152,2,0,False,False,76
EST01975,2026-03-15,PRD14,LOJ02,109,5,0,False,False,21
EST01976,2026-03-15,PRD15,LOJ02,76,2,0,False,False,38
EST01977,2026-03-15,PRD16,LOJ02,123,1,0,False,False,123
EST01978,2026-03-15,PRD17,LOJ02,180,3,0,False,False,60
EST01979,2026-03-15,PRD18,LOJ02,118,8,0,False,False,14
EST01980,2026-03-15,PRD19,LOJ02,163,3,0,False,False,54
EST01981,2026-03-15,PRD20,LOJ02,177,0,0,False,False,59
EST01982,2026-03-15,PRD21,LOJ02,126,3,0,False,False,42
EST01983,2026-03-15,PRD22,LOJ02,72,6,0,False,False,12
EST01984,2026-03-15,PRD23,LOJ02,106,6,0,False,False,17
EST01985,2026-03-15,PRD24,LOJ02,53,4,0,False,False,13
EST01986,2026-03-15,PRD25,LOJ02,36,5,0,False,False,7
EST01987,2026-03-15,PRD01,LOJ03,238,4,151,False,False,59
EST01988,2026-03-15,PRD02,LOJ03,156,3,0,False,False,52
EST01989,2026-03-15,PRD03,LOJ03,168,3,0,False,False,56
EST01990,2026-03-15,PRD04,LOJ03,174,8,0,False,False,21
EST01991,2026-03-15,PRD05,LOJ03,216,5,139,False,False,43
EST01992,2026-03-15,PRD06,LOJ03,165,5,54,False,False,33
EST01993,2026-03-15,PRD07,LOJ03,79,3,0,False,False,26
EST01994,2026-03-15,PRD08,LOJ03,191,2,0,False,False,95
EST01995,2026-03-15,PRD09,LOJ03,151,3,0,False,False,50
EST01996,2026-03-15,PRD10,LOJ03,91,6,0,False,False,15
EST01997,2026-03-15,PRD11,LOJ03,256,7,151,False,False,36
EST01998,2026-03-15,PRD12,LOJ03,173,3,80,False,False,57
EST01999,2026-03-15,PRD13,LOJ03,125,0,0,False,False,41
EST02000,2026-03-15,PRD14,LOJ03,82,4,0,False,False,20
EST02001,2026-03-15,PRD15,LOJ03,105,3,0,False,False,35
EST02002,2026-03-15,PRD16,LOJ03,180,5,0,False,False,36
EST02003,2026-03-15,PRD17,LOJ03,182,5,0,False,False,36
EST02004,2026-03-15,PRD18,LOJ03,153,7,0,False,False,21
EST02005,2026-03-15,PRD19,LOJ03,249,5,158,False,False,49
EST02006,2026-03-15,PRD20,LOJ03,64,2,0,False,False,32
EST02007,2026-03-15,PRD21,LOJ03,300,1,101,False,False,300
EST02008,2026-03-15,PRD22,LOJ03,45,7,0,False,False,6
EST02009,2026-03-15,PRD23,LOJ03,95,5,0,False,False,19
EST02010,2026-03-15,PRD24,LOJ03,146,6,0,False,False,24
EST02011,2026-03-15,PRD25,LOJ03,127,4,0,False,False,31
EST02012,2026-03-15,PRD01,WEB01,146,1,0,False,False,146
EST02013,2026-03-15,PRD02,WEB01,138,4,0,False,False,34
EST02014,2026-03-15,PRD03,WEB01,113,7,0,False,False,16
EST02015,2026-03-15,PRD04,WEB01,133,1,0,False,False,133
EST02016,2026-03-15,PRD05,WEB01,298,0,118,False,False,99
EST02017,2026-03-15,PRD06,WEB01,80,3,0,False,False,26
EST02018,2026-03-15,PRD07,WEB01,150,4,0,False,False,37
EST02019,2026-03-15,PRD08,WEB01,142,3,0,False,False,47
EST02020,2026-03-15,PRD09,WEB01,246,2,193,False,False,123
EST02021,2026-03-15,PRD10,WEB01,200,0,0,False,False,66
EST02022,2026-03-15,PRD11,WEB01,168,7,0,False,False,24
EST02023,2026-03-15,PRD12,WEB01,90,4,0,False,False,22
EST02024,2026-03-15,PRD13,WEB01,93,1,0,False,False,93
EST02025,2026-03-15,PRD14,WEB01,180,1,0,False,False,180
EST02026,2026-03-15,PRD15,WEB01,60,7,0,False,False,8
EST02027,2026-03-15,PRD16,WEB01,127,4,0,False,False,31
EST02028,2026-03-15,PRD17,WEB01,138,1,0,False,False,138
EST02029,2026-03-15,PRD18,WEB01,103,0,0,False,False,34
EST02030,2026-03-15,PRD19,WEB01,252,1,122,False,False,252
EST02031,2026-03-15,PRD20,WEB01,294,1,179,False,False,294
EST02032,2026-03-15,PRD21,WEB01,55,5,0,False,False,11
EST02033,2026-04-01,PRD01,LOJ01,294,1,154,False,False,294
EST02034,2026-04-01,PRD02,LOJ01,185,1,0,False,False,185
EST02035,2026-04-01,PRD03,LOJ01,310,8,187,False,False,38
EST02036,2026-04-01,PRD04,LOJ01,172,5,0,False,False,34
EST02037,2026-04-01,PRD05,LOJ01,115,3,0,False,False,38
EST02038,2026-04-01,PRD06,LOJ01,190,2,0,False,False,95
EST02039,2026-04-01,PRD07,LOJ01,47,3,0,False,False,15
EST02040,2026-04-01,PRD08,LOJ01,43,3,0,False,False,14
EST02041,2026-04-01,PRD09,LOJ01,86,6,0,False,False,14
EST02042,2026-04-01,PRD10,LOJ01,159,5,0,False,False,31
EST02043,2026-04-01,PRD11,LOJ01,126,4,0,False,False,31
EST02044,2026-04-01,PRD12,LOJ01,48,6,0,False,False,8
EST02045,2026-04-01,PRD13,LOJ01,156,0,0,False,False,52
EST02046,2026-04-01,PRD14,LOJ01,103,5,0,False,False,20
EST02047,2026-04-01,PRD15,LOJ01,76,5,0,False,False,15
EST02048,2026-04-01,PRD16,LOJ01,52,1,0,False,False,52
EST02049,2026-04-01,PRD17,LOJ01,266,4,195,False,False,66
EST02050,2026-04-01,PRD18,LOJ01,79,1,0,False,False,79
EST02051,2026-04-01,PRD19,LOJ01,149,6,0,False,False,24
EST02052,2026-04-01,PRD20,LOJ01,107,4,0,False,False,26
EST02053,2026-04-01,PRD21,LOJ01,32,5,0,False,False,6
EST02054,2026-04-01,PRD22,LOJ01,163,8,0,False,False,20
EST02055,2026-04-01,PRD23,LOJ01,195,1,0,False,False,195
EST02056,2026-04-01,PRD24,LOJ01,138,4,0,False,False,34
EST02057,2026-04-01,PRD25,LOJ01,87,1,0,False,False,87
EST02058,2026-04-01,PRD01,LOJ02,165,0,0,False,False,55
EST02059,2026-04-01,PRD02,LOJ02,113,1,0,False,False,113
EST02060,2026-04-01,PRD03,LOJ02,90,8,0,False,False,11
EST02061,2026-04-01,PRD04,LOJ02,77,8,0,False,False,9
EST02062,2026-04-01,PRD05,LOJ02,88,7,0,False,False,12
EST02063,2026-04-01,PRD06,LOJ02,104,2,0,False,False,52
EST02064,2026-04-01,PRD07,LOJ02,143,0,0,False,False,47
EST02065,2026-04-01,PRD08,LOJ02,41,7,0,False,False,5
EST02066,2026-04-01,PRD09,LOJ02,77,5,0,False,False,15
EST02067,2026-04-01,PRD10,LOJ02,93,8,0,False,False,11
EST02068,2026-04-01,PRD11,LOJ02,203,6,50,False,False,33
EST02069,2026-04-01,PRD12,LOJ02,181,6,0,False,False,30
EST02070,2026-04-01,PRD13,LOJ02,183,5,0,False,False,36
EST02071,2026-04-01,PRD14,LOJ02,36,5,0,False,False,7
EST02072,2026-04-01,PRD15,LOJ02,77,4,0,False,False,19
EST02073,2026-04-01,PRD16,LOJ02,46,0,0,False,False,15
EST02074,2026-04-01,PRD17,LOJ02,76,5,0,False,False,15
EST02075,2026-04-01,PRD18,LOJ02,136,2,0,False,False,68
EST02076,2026-04-01,PRD19,LOJ02,123,2,0,False,False,61
EST02077,2026-04-01,PRD20,LOJ02,135,2,0,False,False,67
EST02078,2026-04-01,PRD21,LOJ02,45,6,0,False,False,7
EST02079,2026-04-01,PRD22,LOJ02,181,7,0,False,False,25
EST02080,2026-04-01,PRD23,LOJ02,110,6,0,False,False,18
EST02081,2026-04-01,PRD24,LOJ02,81,0,0,False,False,27
EST02082,2026-04-01,PRD25,LOJ02,190,6,59,False,False,31
EST02083,2026-04-01,PRD01,LOJ03,68,2,0,False,False,34
EST02084,2026-04-01,PRD02,LOJ03,32,6,0,False,False,5
EST02085,2026-04-01,PRD03,LOJ03,168,3,0,False,False,56
EST02086,2026-04-01,PRD04,LOJ03,44,5,0,False,False,8
EST02087,2026-04-01,PRD05,LOJ03,52,2,0,False,False,26
EST02088,2026-04-01,PRD06,LOJ03,87,4,0,False,False,21
EST02089,2026-04-01,PRD07,LOJ03,57,6,0,False,False,9
EST02090,2026-04-01,PRD08,LOJ03,30,8,0,False,False,3
EST02091,2026-04-01,PRD09,LOJ03,68,5,0,False,False,13
EST02092,2026-04-01,PRD10,LOJ03,78,0,0,False,False,26
EST02093,2026-04-01,PRD11,LOJ03,111,0,0,False,False,37
EST02094,2026-04-01,PRD12,LOJ03,24,7,0,False,False,3
EST02095,2026-04-01,PRD13,LOJ03,51,1,0,False,False,51
EST02096,2026-04-01,PRD14,LOJ03,160,6,0,False,False,26
EST02097,2026-04-01,PRD15,LOJ03,276,7,187,False,False,39
EST02098,2026-04-01,PRD16,LOJ03,185,2,0,False,False,92
EST02099,2026-04-01,PRD17,LOJ03,134,6,0,False,False,22
EST02100,2026-04-01,PRD18,LOJ03,176,0,0,False,False,58
EST02101,2026-04-01,PRD19,LOJ03,44,0,0,False,False,14
EST02102,2026-04-01,PRD20,LOJ03,154,3,0,False,False,51
EST02103,2026-04-01,PRD21,LOJ03,110,7,0,False,False,15
EST02104,2026-04-01,PRD22,LOJ03,31,2,0,False,False,15
EST02105,2026-04-01,PRD23,LOJ03,41,1,0,False,False,41
EST02106,2026-04-01,PRD24,LOJ03,169,1,0,False,False,169
EST02107,2026-04-01,PRD25,LOJ03,125,3,0,False,False,41
EST02108,2026-04-01,PRD01,WEB01,152,8,0,False,False,19
EST02109,2026-04-01,PRD02,WEB01,149,7,0,False,False,21
EST02110,2026-04-01,PRD03,WEB01,161,2,0,False,False,80
EST02111,2026-04-01,PRD04,WEB01,229,8,81,False,False,28
EST02112,2026-04-01,PRD05,WEB01,127,1,0,False,False,127
EST02113,2026-04-01,PRD06,WEB01,126,6,71,False,False,21
EST02114,2026-04-01,PRD07,WEB01,52,1,0,False,False,52
EST02115,2026-04-01,PRD08,WEB01,131,7,0,False,False,18
EST02116,2026-04-01,PRD09,WEB01,82,0,0,False,False,27
EST02117,2026-04-01,PRD10,WEB01,110,4,0,False,False,27
EST02118,2026-04-01,PRD11,WEB01,157,1,0,False,False,157
EST02119,2026-04-01,PRD12,WEB01,47,4,0,False,False,11
EST02120,2026-04-01,PRD13,WEB01,197,5,70,False,False,39
EST02121,2026-04-01,PRD14,WEB01,175,1,0,False,False,175
EST02122,2026-04-01,PRD15,WEB01,244,7,122,False,False,34
EST02123,2026-04-01,PRD16,WEB01,27,3,0,False,False,9
EST02124,2026-04-01,PRD17,WEB01,106,0,0,False,False,35
EST02125,2026-04-01,PRD18,WEB01,70,4,0,False,False,17
EST02126,2026-04-01,PRD19,WEB01,29,4,0,False,False,7
EST02127,2026-04-01,PRD20,WEB01,231,8,102,False,False,28
EST02128,2026-04-01,PRD21,WEB01,43,4,0,False,False,10
EST02129,2026-04-15,PRD01,LOJ01,88,6,0,False,False,14
EST02130,2026-04-15,PRD02,LOJ01,112,6,0,False,False,18
EST02131,2026-04-15,PRD03,LOJ01,45,0,0,False,False,15
EST02132,2026-04-15,PRD04,LOJ01,61,2,0,False,False,30
EST02133,2026-04-15,PRD05,LOJ01,164,3,0,False,False,54
EST02134,2026-04-15,PRD06,LOJ01,161,3,0,False,False,53
EST02135,2026-04-15,PRD07,LOJ01,50,4,0,False,False,12
EST02136,2026-04-15,PRD08,LOJ01,69,1,0,False,False,69
EST02137,2026-04-15,PRD09,LOJ01,167,3,0,False,False,55
EST02138,2026-04-15,PRD10,LOJ01,109,5,0,False,False,21
EST02139,2026-04-15,PRD11,LOJ01,237,8,112,False,False,29
EST02140,2026-04-15,PRD12,LOJ01,70,8,0,False,False,8
EST02141,2026-04-15,PRD13,LOJ01,280,3,157,False,False,93
EST02142,2026-04-15,PRD14,LOJ01,107,7,0,False,False,15
EST02143,2026-04-15,PRD15,LOJ01,65,3,0,False,False,21
EST02144,2026-04-15,PRD16,LOJ01,56,5,0,False,False,11
EST02145,2026-04-15,PRD17,LOJ01,92,4,0,False,False,23
EST02146,2026-04-15,PRD18,LOJ01,92,8,0,False,False,11
EST02147,2026-04-15,PRD19,LOJ01,157,7,0,False,False,22
EST02148,2026-04-15,PRD20,LOJ01,295,6,114,False,False,49
EST02149,2026-04-15,PRD21,LOJ01,36,2,0,False,False,18
EST02150,2026-04-15,PRD22,LOJ01,162,5,0,False,False,32
EST02151,2026-04-15,PRD23,LOJ01,160,2,0,False,False,80
EST02152,2026-04-15,PRD24,LOJ01,89,4,0,False,False,22
EST02153,2026-04-15,PRD25,LOJ01,157,8,0,False,False,19
EST02154,2026-04-15,PRD01,LOJ02,149,5,0,False,False,29
EST02155,2026-04-15,PRD02,LOJ02,43,8,0,False,False,5
EST02156,2026-04-15,PRD03,LOJ02,131,7,0,False,False,18
EST02157,2026-04-15,PRD04,LOJ02,145,4,0,False,False,36
EST02158,2026-04-15,PRD05,LOJ02,155,2,0,False,False,77
EST02159,2026-04-15,PRD06,LOJ02,184,5,0,False,False,36
EST02160,2026-04-15,PRD07,LOJ02,199,0,0,False,False,66
EST02161,2026-04-15,PRD08,LOJ02,181,7,83,False,False,25
EST02162,2026-04-15,PRD09,LOJ02,101,8,0,False,False,12
EST02163,2026-04-15,PRD10,LOJ02,94,4,0,False,False,23
EST02164,2026-04-15,PRD11,LOJ02,208,1,138,False,False,208
EST02165,2026-04-15,PRD12,LOJ02,78,5,0,False,False,15
EST02166,2026-04-15,PRD13,LOJ02,260,8,69,False,False,32
EST02167,2026-04-15,PRD14,LOJ02,189,0,0,False,False,63
EST02168,2026-04-15,PRD15,LOJ02,203,2,138,False,False,101
EST02169,2026-04-15,PRD16,LOJ02,156,4,0,False,False,39
EST02170,2026-04-15,PRD17,LOJ02,194,2,100,False,False,97
EST02171,2026-04-15,PRD18,LOJ02,195,4,0,False,False,48
EST02172,2026-04-15,PRD19,LOJ02,112,3,0,False,False,37
EST02173,2026-04-15,PRD20,LOJ02,66,4,0,False,False,16
EST02174,2026-04-15,PRD21,LOJ02,170,6,0,False,False,28
EST02175,2026-04-15,PRD22,LOJ02,112,5,0,False,False,22
EST02176,2026-04-15,PRD23,LOJ02,49,0,0,False,False,16
EST02177,2026-04-15,PRD24,LOJ02,72,7,0,False,False,10
EST02178,2026-04-15,PRD25,LOJ02,133,2,0,False,False,66
EST02179,2026-04-15,PRD01,LOJ03,190,4,0,False,False,47
EST02180,2026-04-15,PRD02,LOJ03,50,5,0,False,False,10
EST02181,2026-04-15,PRD03,LOJ03,36,5,0,False,False,7
EST02182,2026-04-15,PRD04,LOJ03,91,4,0,False,False,22
EST02183,2026-04-15,PRD05,LOJ03,58,8,0,False,False,7
EST02184,2026-04-15,PRD06,LOJ03,199,8,114,False,False,24
EST02185,2026-04-15,PRD07,LOJ03,257,5,85,False,False,51
EST02186,2026-04-15,PRD08,LOJ03,63,5,0,False,False,12
EST02187,2026-04-15,PRD09,LOJ03,91,7,0,False,False,13
EST02188,2026-04-15,PRD10,LOJ03,38,6,0,False,False,6
EST02189,2026-04-15,PRD11,LOJ03,102,6,0,False,False,17
EST02190,2026-04-15,PRD12,LOJ03,70,8,0,False,False,8
EST02191,2026-04-15,PRD13,LOJ03,50,8,0,False,False,6
EST02192,2026-04-15,PRD14,LOJ03,62,0,0,False,False,20
EST02193,2026-04-15,PRD15,LOJ03,32,5,0,False,False,6
EST02194,2026-04-15,PRD16,LOJ03,180,1,0,False,False,180
EST02195,2026-04-15,PRD17,LOJ03,82,1,0,False,False,82
EST02196,2026-04-15,PRD18,LOJ03,97,3,0,False,False,32
EST02197,2026-04-15,PRD19,LOJ03,40,3,0,False,False,13
EST02198,2026-04-15,PRD20,LOJ03,97,6,0,False,False,16
EST02199,2026-04-15,PRD21,LOJ03,230,5,160,False,False,46
EST02200,2026-04-15,PRD22,LOJ03,131,5,0,False,False,26
EST02201,2026-04-15,PRD23,LOJ03,30,7,0,False,False,4
EST02202,2026-04-15,PRD24,LOJ03,113,4,0,False,False,28
EST02203,2026-04-15,PRD25,LOJ03,197,0,0,False,False,65
EST02204,2026-04-15,PRD01,WEB01,163,3,0,False,False,54
EST02205,2026-04-15,PRD02,WEB01,35,2,0,False,False,17
EST02206,2026-04-15,PRD03,WEB01,136,5,0,False,False,27
EST02207,2026-04-15,PRD04,WEB01,51,1,0,False,False,51
EST02208,2026-04-15,PRD05,WEB01,48,2,0,False,False,24
EST02209,2026-04-15,PRD06,WEB01,162,5,0,False,False,32
EST02210,2026-04-15,PRD07,WEB01,270,2,76,False,False,135
EST02211,2026-04-15,PRD08,WEB01,61,2,0,False,False,30
EST02212,2026-04-15,PRD09,WEB01,117,3,0,False,False,39
EST02213,2026-04-15,PRD10,WEB01,110,3,0,False,False,36
EST02214,2026-04-15,PRD11,WEB01,179,2,0,False,False,89
EST02215,2026-04-15,PRD12,WEB01,175,1,52,False,False,175
EST02216,2026-04-15,PRD13,WEB01,224,4,167,False,False,56
EST02217,2026-04-15,PRD14,WEB01,182,0,0,False,False,60
EST02218,2026-04-15,PRD15,WEB01,194,5,0,False,False,38
EST02219,2026-04-15,PRD16,WEB01,118,0,0,False,False,39
EST02220,2026-04-15,PRD17,WEB01,186,0,0,False,False,62
EST02221,2026-04-15,PRD18,WEB01,177,7,0,False,False,25
EST02222,2026-04-15,PRD19,WEB01,154,1,0,False,False,154
EST02223,2026-04-15,PRD20,WEB01,49,0,0,False,False,16
EST02224,2026-04-15,PRD21,WEB01,192,0,0,False,False,64
EST02225,2026-05-01,PRD01,LOJ01,179,6,0,False,False,29
EST02226,2026-05-01,PRD02,LOJ01,242,1,108,False,False,242
EST02227,2026-05-01,PRD03,LOJ01,100,1,0,False,False,100
EST02228,2026-05-01,PRD04,LOJ01,134,7,0,False,False,19
EST02229,2026-05-01,PRD05,LOJ01,118,3,0,False,False,39
EST02230,2026-05-01,PRD06,LOJ01,85,3,0,False,False,28
EST02231,2026-05-01,PRD07,LOJ01,64,3,0,False,False,21
EST02232,2026-05-01,PRD08,LOJ01,154,1,0,False,False,154
EST02233,2026-05-01,PRD09,LOJ01,105,6,0,False,False,17
EST02234,2026-05-01,PRD10,LOJ01,188,7,67,False,False,26
EST02235,2026-05-01,PRD11,LOJ01,182,2,0,False,False,91
EST02236,2026-05-01,PRD12,LOJ01,145,6,0,False,False,24
EST02237,2026-05-01,PRD13,LOJ01,72,3,0,False,False,24
EST02238,2026-05-01,PRD14,LOJ01,29,6,0,False,False,4
EST02239,2026-05-01,PRD15,LOJ01,205,8,145,False,False,25
EST02240,2026-05-01,PRD16,LOJ01,80,1,0,False,False,80
EST02241,2026-05-01,PRD17,LOJ01,141,2,0,False,False,70
EST02242,2026-05-01,PRD18,LOJ01,178,3,0,False,False,59
EST02243,2026-05-01,PRD19,LOJ01,233,8,151,False,False,29
EST02244,2026-05-01,PRD20,LOJ01,161,0,0,False,False,53
EST02245,2026-05-01,PRD21,LOJ01,85,5,0,False,False,17
EST02246,2026-05-01,PRD22,LOJ01,191,7,0,False,False,27
EST02247,2026-05-01,PRD23,LOJ01,212,3,172,False,False,70
EST02248,2026-05-01,PRD24,LOJ01,80,8,0,False,False,10
EST02249,2026-05-01,PRD25,LOJ01,296,2,178,False,False,148
EST02250,2026-05-01,PRD01,LOJ02,184,4,103,False,False,46
EST02251,2026-05-01,PRD02,LOJ02,107,7,0,False,False,15
EST02252,2026-05-01,PRD03,LOJ02,259,2,89,False,False,129
EST02253,2026-05-01,PRD04,LOJ02,147,8,0,False,False,18
EST02254,2026-05-01,PRD05,LOJ02,184,6,0,False,False,30
EST02255,2026-05-01,PRD06,LOJ02,86,3,0,False,False,28
EST02256,2026-05-01,PRD07,LOJ02,139,8,0,False,False,17
EST02257,2026-05-01,PRD08,LOJ02,142,7,0,False,False,20
EST02258,2026-05-01,PRD09,LOJ02,221,5,135,False,False,44
EST02259,2026-05-01,PRD10,LOJ02,121,7,0,False,False,17
EST02260,2026-05-01,PRD11,LOJ02,98,6,0,False,False,16
EST02261,2026-05-01,PRD12,LOJ02,330,6,172,False,False,55
EST02262,2026-05-01,PRD13,LOJ02,29,6,0,False,False,4
EST02263,2026-05-01,PRD14,LOJ02,40,3,0,False,False,13
EST02264,2026-05-01,PRD15,LOJ02,98,6,0,False,False,16
EST02265,2026-05-01,PRD16,LOJ02,60,0,0,False,False,20
EST02266,2026-05-01,PRD17,LOJ02,45,7,0,False,False,6
EST02267,2026-05-01,PRD18,LOJ02,101,8,0,False,False,12
EST02268,2026-05-01,PRD19,LOJ02,187,7,0,False,False,26
EST02269,2026-05-01,PRD20,LOJ02,177,5,0,False,False,35
EST02270,2026-05-01,PRD21,LOJ02,193,0,0,False,False,64
EST02271,2026-05-01,PRD22,LOJ02,185,3,112,False,False,61
EST02272,2026-05-01,PRD23,LOJ02,109,2,0,False,False,54
EST02273,2026-05-01,PRD24,LOJ02,45,1,0,False,False,45
EST02274,2026-05-01,PRD25,LOJ02,195,4,0,False,False,48
EST02275,2026-05-01,PRD01,LOJ03,205,5,100,False,False,41
EST02276,2026-05-01,PRD02,LOJ03,172,8,0,False,False,21
EST02277,2026-05-01,PRD03,LOJ03,160,2,0,False,False,80
EST02278,2026-05-01,PRD04,LOJ03,158,5,0,False,False,31
EST02279,2026-05-01,PRD05,LOJ03,113,0,80,False,False,37
EST02280,2026-05-01,PRD06,LOJ03,163,5,0,False,False,32
EST02281,2026-05-01,PRD07,LOJ03,155,1,0,False,False,155
EST02282,2026-05-01,PRD08,LOJ03,29,4,0,False,False,7
EST02283,2026-05-01,PRD09,LOJ03,255,3,198,False,False,85
EST02284,2026-05-01,PRD10,LOJ03,244,3,83,False,False,81
EST02285,2026-05-01,PRD11,LOJ03,148,1,0,False,False,148
EST02286,2026-05-01,PRD12,LOJ03,64,3,0,False,False,21
EST02287,2026-05-01,PRD13,LOJ03,90,1,0,False,False,90
EST02288,2026-05-01,PRD14,LOJ03,87,5,0,False,False,17
EST02289,2026-05-01,PRD15,LOJ03,73,4,0,False,False,18
EST02290,2026-05-01,PRD16,LOJ03,174,6,0,False,False,29
EST02291,2026-05-01,PRD17,LOJ03,104,7,0,False,False,14
EST02292,2026-05-01,PRD18,LOJ03,83,0,0,False,False,27
EST02293,2026-05-01,PRD19,LOJ03,38,3,0,False,False,12
EST02294,2026-05-01,PRD20,LOJ03,192,4,0,False,False,48
EST02295,2026-05-01,PRD21,LOJ03,348,0,195,False,False,116
EST02296,2026-05-01,PRD22,LOJ03,41,1,0,False,False,41
EST02297,2026-05-01,PRD23,LOJ03,36,3,0,False,False,12
EST02298,2026-05-01,PRD24,LOJ03,120,1,0,False,False,120
EST02299,2026-05-01,PRD25,LOJ03,68,7,0,False,False,9
EST02300,2026-05-01,PRD01,WEB01,117,5,0,False,False,23
EST02301,2026-05-01,PRD02,WEB01,182,1,0,False,False,182
EST02302,2026-05-01,PRD03,WEB01,157,4,0,False,False,39
EST02303,2026-05-01,PRD04,WEB01,63,7,0,False,False,9
EST02304,2026-05-01,PRD05,WEB01,136,0,0,False,False,45
EST02305,2026-05-01,PRD06,WEB01,185,4,149,False,False,46
EST02306,2026-05-01,PRD07,WEB01,117,2,0,False,False,58
EST02307,2026-05-01,PRD08,WEB01,173,4,0,False,False,43
EST02308,2026-05-01,PRD09,WEB01,58,5,0,False,False,11
EST02309,2026-05-01,PRD10,WEB01,189,7,0,False,False,27
EST02310,2026-05-01,PRD11,WEB01,105,1,0,False,False,105
EST02311,2026-05-01,PRD12,WEB01,143,4,0,False,False,35
EST02312,2026-05-01,PRD13,WEB01,139,5,0,False,False,27
EST02313,2026-05-01,PRD14,WEB01,133,8,0,False,False,16
EST02314,2026-05-01,PRD15,WEB01,100,6,0,False,False,16
EST02315,2026-05-01,PRD16,WEB01,238,4,191,False,False,59
EST02316,2026-05-01,PRD17,WEB01,108,4,0,False,False,27
EST02317,2026-05-01,PRD18,WEB01,264,1,142,False,False,264
EST02318,2026-05-01,PRD19,WEB01,157,7,0,False,False,22
EST02319,2026-05-01,PRD20,WEB01,134,2,0,False,False,67
EST02320,2026-05-01,PRD21,WEB01,70,0,0,False,False,23
EST02321,2026-05-15,PRD01,LOJ01,113,8,0,False,False,14
EST02322,2026-05-15,PRD02,LOJ01,246,2,125,False,False,123
EST02323,2026-05-15,PRD03,LOJ01,173,7,0,False,False,24
EST02324,2026-05-15,PRD04,LOJ01,193,2,0,False,False,96
EST02325,2026-05-15,PRD05,LOJ01,134,3,0,False,False,44
EST02326,2026-05-15,PRD06,LOJ01,131,1,0,False,False,131
EST02327,2026-05-15,PRD07,LOJ01,261,0,109,False,False,87
EST02328,2026-05-15,PRD08,LOJ01,109,4,0,False,False,27
EST02329,2026-05-15,PRD09,LOJ01,139,2,0,False,False,69
EST02330,2026-05-15,PRD10,LOJ01,268,1,191,False,False,268
EST02331,2026-05-15,PRD11,LOJ01,169,0,0,False,False,56
EST02332,2026-05-15,PRD12,LOJ01,232,0,136,False,False,77
EST02333,2026-05-15,PRD13,LOJ01,123,2,0,False,False,61
EST02334,2026-05-15,PRD14,LOJ01,174,5,0,False,False,34
EST02335,2026-05-15,PRD15,LOJ01,124,0,0,False,False,41
EST02336,2026-05-15,PRD16,LOJ01,189,2,0,False,False,94
EST02337,2026-05-15,PRD17,LOJ01,160,8,0,False,False,20
EST02338,2026-05-15,PRD18,LOJ01,136,6,0,False,False,22
EST02339,2026-05-15,PRD19,LOJ01,168,5,0,False,False,33
EST02340,2026-05-15,PRD20,LOJ01,53,1,0,False,False,53
EST02341,2026-05-15,PRD21,LOJ01,257,8,115,False,False,32
EST02342,2026-05-15,PRD22,LOJ01,77,1,0,False,False,77
EST02343,2026-05-15,PRD23,LOJ01,103,4,0,False,False,25
EST02344,2026-05-15,PRD24,LOJ01,193,0,68,False,False,64
EST02345,2026-05-15,PRD25,LOJ01,62,4,0,False,False,15
EST02346,2026-05-15,PRD01,LOJ02,183,3,0,False,False,61
EST02347,2026-05-15,PRD02,LOJ02,168,5,0,False,False,33
EST02348,2026-05-15,PRD03,LOJ02,219,2,165,False,False,109
EST02349,2026-05-15,PRD04,LOJ02,135,3,0,False,False,45
EST02350,2026-05-15,PRD05,LOJ02,37,1,0,False,False,37
EST02351,2026-05-15,PRD06,LOJ02,179,6,0,False,False,29
EST02352,2026-05-15,PRD07,LOJ02,139,3,0,False,False,46
EST02353,2026-05-15,PRD08,LOJ02,145,4,0,False,False,36
EST02354,2026-05-15,PRD09,LOJ02,120,0,0,False,False,40
EST02355,2026-05-15,PRD10,LOJ02,167,0,0,False,False,55
EST02356,2026-05-15,PRD11,LOJ02,127,6,0,False,False,21
EST02357,2026-05-15,PRD12,LOJ02,170,1,0,False,False,170
EST02358,2026-05-15,PRD13,LOJ02,170,0,0,False,False,56
EST02359,2026-05-15,PRD14,LOJ02,242,5,139,False,False,48
EST02360,2026-05-15,PRD15,LOJ02,83,1,0,False,False,83
EST02361,2026-05-15,PRD16,LOJ02,262,0,164,False,False,87
EST02362,2026-05-15,PRD17,LOJ02,126,5,0,False,False,25
EST02363,2026-05-15,PRD18,LOJ02,234,4,154,False,False,58
EST02364,2026-05-15,PRD19,LOJ02,195,3,0,False,False,65
EST02365,2026-05-15,PRD20,LOJ02,371,1,194,False,False,371
EST02366,2026-05-15,PRD21,LOJ02,165,7,0,False,False,23
EST02367,2026-05-15,PRD22,LOJ02,196,4,0,False,False,49
EST02368,2026-05-15,PRD23,LOJ02,161,2,0,False,False,80
EST02369,2026-05-15,PRD24,LOJ02,102,1,0,False,False,102
EST02370,2026-05-15,PRD25,LOJ02,113,6,0,False,False,18
EST02371,2026-05-15,PRD01,LOJ03,185,1,0,False,False,185
EST02372,2026-05-15,PRD02,LOJ03,104,3,0,False,False,34
EST02373,2026-05-15,PRD03,LOJ03,102,1,0,False,False,102
EST02374,2026-05-15,PRD04,LOJ03,158,8,0,False,False,19
EST02375,2026-05-15,PRD05,LOJ03,129,3,0,False,False,43
EST02376,2026-05-15,PRD06,LOJ03,80,7,0,False,False,11
EST02377,2026-05-15,PRD07,LOJ03,69,1,0,False,False,69
EST02378,2026-05-15,PRD08,LOJ03,29,3,0,False,False,9
EST02379,2026-05-15,PRD09,LOJ03,201,7,127,False,False,28
EST02380,2026-05-15,PRD10,LOJ03,66,1,0,False,False,66
EST02381,2026-05-15,PRD11,LOJ03,140,4,0,False,False,35
EST02382,2026-05-15,PRD12,LOJ03,162,1,0,False,False,162
EST02383,2026-05-15,PRD13,LOJ03,210,1,168,False,False,210
EST02384,2026-05-15,PRD14,LOJ03,197,3,0,False,False,65
EST02385,2026-05-15,PRD15,LOJ03,110,5,0,False,False,22
EST02386,2026-05-15,PRD16,LOJ03,117,4,0,False,False,29
EST02387,2026-05-15,PRD17,LOJ03,223,1,160,False,False,223
EST02388,2026-05-15,PRD18,LOJ03,197,1,0,False,False,197
EST02389,2026-05-15,PRD19,LOJ03,154,7,0,False,False,22
EST02390,2026-05-15,PRD20,LOJ03,92,3,0,False,False,30
EST02391,2026-05-15,PRD21,LOJ03,89,1,0,False,False,89
EST02392,2026-05-15,PRD22,LOJ03,99,4,0,False,False,24
EST02393,2026-05-15,PRD23,LOJ03,133,8,0,False,False,16
EST02394,2026-05-15,PRD24,LOJ03,175,2,0,False,False,87
EST02395,2026-05-15,PRD25,LOJ03,164,4,0,False,False,41
EST02396,2026-05-15,PRD01,WEB01,185,2,0,False,False,92
EST02397,2026-05-15,PRD02,WEB01,250,1,158,False,False,250
EST02398,2026-05-15,PRD03,WEB01,33,3,0,False,False,11
EST02399,2026-05-15,PRD04,WEB01,77,2,0,False,False,38
EST02400,2026-05-15,PRD05,WEB01,111,3,0,False,False,37
EST02401,2026-05-15,PRD06,WEB01,126,5,0,False,False,25
EST02402,2026-05-15,PRD07,WEB01,162,3,0,False,False,54
EST02403,2026-05-15,PRD08,WEB01,196,3,0,False,False,65
EST02404,2026-05-15,PRD09,WEB01,127,5,80,False,False,25
EST02405,2026-05-15,PRD10,WEB01,57,2,0,False,False,28
EST02406,2026-05-15,PRD11,WEB01,149,1,0,False,False,149
EST02407,2026-05-15,PRD12,WEB01,120,1,0,False,False,120
EST02408,2026-05-15,PRD13,WEB01,51,1,0,False,False,51
EST02409,2026-05-15,PRD14,WEB01,80,1,0,False,False,80
EST02410,2026-05-15,PRD15,WEB01,163,4,0,False,False,40
EST02411,2026-05-15,PRD16,WEB01,97,8,0,False,False,12
EST02412,2026-05-15,PRD17,WEB01,51,5,0,False,False,10
EST02413,2026-05-15,PRD18,WEB01,54,1,0,False,False,54
EST02414,2026-05-15,PRD19,WEB01,244,7,191,False,False,34
EST02415,2026-05-15,PRD20,WEB01,180,1,95,False,False,180
EST02416,2026-05-15,PRD21,WEB01,76,8,0,False,False,9
EST02417,2026-06-01,PRD01,LOJ01,105,6,0,False,False,17
EST02418,2026-06-01,PRD02,LOJ01,127,2,0,False,False,63
EST02419,2026-06-01,PRD03,LOJ01,108,5,0,False,False,21
EST02420,2026-06-01,PRD04,LOJ01,59,3,0,False,False,19
EST02421,2026-06-01,PRD05,LOJ01,52,3,0,False,False,17
EST02422,2026-06-01,PRD06,LOJ01,189,0,0,False,False,63
EST02423,2026-06-01,PRD07,LOJ01,160,4,0,False,False,40
EST02424,2026-06-01,PRD08,LOJ01,157,7,0,False,False,22
EST02425,2026-06-01,PRD09,LOJ01,178,5,0,False,False,35
EST02426,2026-06-01,PRD10,LOJ01,61,5,0,False,False,12
EST02427,2026-06-01,PRD11,LOJ01,166,0,0,False,False,55
EST02428,2026-06-01,PRD12,LOJ01,305,7,161,False,False,43
EST02429,2026-06-01,PRD13,LOJ01,152,8,0,False,False,19
EST02430,2026-06-01,PRD14,LOJ01,42,4,0,False,False,10
EST02431,2026-06-01,PRD15,LOJ01,96,7,0,False,False,13
EST02432,2026-06-01,PRD16,LOJ01,178,0,0,False,False,59
EST02433,2026-06-01,PRD17,LOJ01,164,2,0,False,False,82
EST02434,2026-06-01,PRD18,LOJ01,289,2,98,False,False,144
EST02435,2026-06-01,PRD19,LOJ01,143,0,0,False,False,47
EST02436,2026-06-01,PRD20,LOJ01,175,7,0,False,False,25
EST02437,2026-06-01,PRD21,LOJ01,185,5,0,False,False,37
EST02438,2026-06-01,PRD22,LOJ01,43,2,0,False,False,21
EST02439,2026-06-01,PRD23,LOJ01,325,2,183,False,False,162
EST02440,2026-06-01,PRD24,LOJ01,70,2,0,False,False,35
EST02441,2026-06-01,PRD25,LOJ01,157,0,0,False,False,52
EST02442,2026-06-01,PRD01,LOJ02,79,1,0,False,False,79
EST02443,2026-06-01,PRD02,LOJ02,147,1,0,False,False,147
EST02444,2026-06-01,PRD03,LOJ02,374,4,195,False,False,93
EST02445,2026-06-01,PRD04,LOJ02,292,6,181,False,False,48
EST02446,2026-06-01,PRD05,LOJ02,126,7,0,False,False,18
EST02447,2026-06-01,PRD06,LOJ02,322,2,183,False,False,161
EST02448,2026-06-01,PRD07,LOJ02,292,7,141,False,False,41
EST02449,2026-06-01,PRD08,LOJ02,135,1,0,False,False,135
EST02450,2026-06-01,PRD09,LOJ02,190,7,0,False,False,27
EST02451,2026-06-01,PRD10,LOJ02,152,3,0,False,False,50
EST02452,2026-06-01,PRD11,LOJ02,192,7,0,False,False,27
EST02453,2026-06-01,PRD12,LOJ02,127,2,0,False,False,63
EST02454,2026-06-01,PRD13,LOJ02,180,1,0,False,False,180
EST02455,2026-06-01,PRD14,LOJ02,194,4,0,False,False,48
EST02456,2026-06-01,PRD15,LOJ02,187,3,0,False,False,62
EST02457,2026-06-01,PRD16,LOJ02,243,4,77,False,False,60
EST02458,2026-06-01,PRD17,LOJ02,188,6,0,False,False,31
EST02459,2026-06-01,PRD18,LOJ02,106,3,0,False,False,35
EST02460,2026-06-01,PRD19,LOJ02,151,6,0,False,False,25
EST02461,2026-06-01,PRD20,LOJ02,159,8,0,False,False,19
EST02462,2026-06-01,PRD21,LOJ02,108,1,0,False,False,108
EST02463,2026-06-01,PRD22,LOJ02,129,2,0,False,False,64
EST02464,2026-06-01,PRD23,LOJ02,292,6,161,False,False,48
EST02465,2026-06-01,PRD24,LOJ02,161,6,0,False,False,26
EST02466,2026-06-01,PRD25,LOJ02,218,0,138,False,False,72
EST02467,2026-06-01,PRD01,LOJ03,95,2,0,False,False,47
EST02468,2026-06-01,PRD02,LOJ03,75,6,0,False,False,12
EST02469,2026-06-01,PRD03,LOJ03,117,3,0,False,False,39
EST02470,2026-06-01,PRD04,LOJ03,152,1,0,False,False,152
EST02471,2026-06-01,PRD05,LOJ03,82,6,0,False,False,13
EST02472,2026-06-01,PRD06,LOJ03,74,0,0,False,False,24
EST02473,2026-06-01,PRD07,LOJ03,147,7,0,False,False,21
EST02474,2026-06-01,PRD08,LOJ03,117,2,0,False,False,58
EST02475,2026-06-01,PRD09,LOJ03,131,8,0,False,False,16
EST02476,2026-06-01,PRD10,LOJ03,174,4,0,False,False,43
EST02477,2026-06-01,PRD11,LOJ03,57,7,0,False,False,8
EST02478,2026-06-01,PRD12,LOJ03,110,6,0,False,False,18
EST02479,2026-06-01,PRD13,LOJ03,107,4,0,False,False,26
EST02480,2026-06-01,PRD14,LOJ03,257,4,129,False,False,64
EST02481,2026-06-01,PRD15,LOJ03,77,2,0,False,False,38
EST02482,2026-06-01,PRD16,LOJ03,153,2,0,False,False,76
EST02483,2026-06-01,PRD17,LOJ03,116,7,0,False,False,16
EST02484,2026-06-01,PRD18,LOJ03,247,2,152,False,False,123
EST02485,2026-06-01,PRD19,LOJ03,53,4,0,False,False,13
EST02486,2026-06-01,PRD20,LOJ03,164,1,0,False,False,164
EST02487,2026-06-01,PRD21,LOJ03,186,0,0,False,False,62
EST02488,2026-06-01,PRD22,LOJ03,136,5,0,False,False,27
EST02489,2026-06-01,PRD23,LOJ03,61,1,0,False,False,61
EST02490,2026-06-01,PRD24,LOJ03,277,0,121,False,False,92
EST02491,2026-06-01,PRD25,LOJ03,184,6,0,False,False,30
EST02492,2026-06-01,PRD01,WEB01,96,3,0,False,False,32
EST02493,2026-06-01,PRD02,WEB01,178,1,0,False,False,178
EST02494,2026-06-01,PRD03,WEB01,186,7,0,False,False,26
EST02495,2026-06-01,PRD04,WEB01,173,3,0,False,False,57
EST02496,2026-06-01,PRD05,WEB01,267,2,195,False,False,133
EST02497,2026-06-01,PRD06,WEB01,177,2,0,False,False,88
EST02498,2026-06-01,PRD07,WEB01,239,6,158,False,False,39
EST02499,2026-06-01,PRD08,WEB01,145,2,0,False,False,72
EST02500,2026-06-01,PRD09,WEB01,181,3,0,False,False,60
EST02501,2026-06-01,PRD10,WEB01,170,2,0,False,False,85
EST02502,2026-06-01,PRD11,WEB01,117,0,0,False,False,39
EST02503,2026-06-01,PRD12,WEB01,187,1,0,False,False,187
EST02504,2026-06-01,PRD13,WEB01,289,6,185,False,False,48
EST02505,2026-06-01,PRD14,WEB01,57,5,0,False,False,11
EST02506,2026-06-01,PRD15,WEB01,194,3,151,False,False,64
EST02507,2026-06-01,PRD16,WEB01,180,0,0,False,False,60
EST02508,2026-06-01,PRD17,WEB01,129,5,0,False,False,25
EST02509,2026-06-01,PRD18,WEB01,54,1,0,False,False,54
EST02510,2026-06-01,PRD19,WEB01,122,2,0,False,False,61
EST02511,2026-06-01,PRD20,WEB01,128,2,0,False,False,64
EST02512,2026-06-01,PRD21,WEB01,309,1,111,False,False,309
EST02513,2026-06-15,PRD01,LOJ01,251,2,83,False,False,125
EST02514,2026-06-15,PRD02,LOJ01,225,7,191,False,False,32
EST02515,2026-06-15,PRD03,LOJ01,61,5,0,False,False,12
EST02516,2026-06-15,PRD04,LOJ01,96,5,0,False,False,19
EST02517,2026-06-15,PRD05,LOJ01,171,4,0,False,False,42
EST02518,2026-06-15,PRD06,LOJ01,147,7,0,False,False,21
EST02519,2026-06-15,PRD07,LOJ01,175,2,96,False,False,87
EST02520,2026-06-15,PRD08,LOJ01,267,3,153,False,False,89
EST02521,2026-06-15,PRD09,LOJ01,69,1,0,False,False,69
EST02522,2026-06-15,PRD10,LOJ01,34,4,0,False,False,8
EST02523,2026-06-15,PRD11,LOJ01,124,6,0,False,False,20
EST02524,2026-06-15,PRD12,LOJ01,181,1,0,False,False,181
EST02525,2026-06-15,PRD13,LOJ01,249,5,128,False,False,49
EST02526,2026-06-15,PRD14,LOJ01,49,6,0,False,False,8
EST02527,2026-06-15,PRD15,LOJ01,123,8,0,False,False,15
EST02528,2026-06-15,PRD16,LOJ01,31,3,0,False,False,10
EST02529,2026-06-15,PRD17,LOJ01,284,8,119,False,False,35
EST02530,2026-06-15,PRD18,LOJ01,45,0,0,False,False,15
EST02531,2026-06-15,PRD19,LOJ01,129,4,0,False,False,32
EST02532,2026-06-15,PRD20,LOJ01,70,3,0,False,False,23
EST02533,2026-06-15,PRD21,LOJ01,115,2,0,False,False,57
EST02534,2026-06-15,PRD22,LOJ01,148,8,0,False,False,18
EST02535,2026-06-15,PRD23,LOJ01,59,1,0,False,False,59
EST02536,2026-06-15,PRD24,LOJ01,152,6,0,False,False,25
EST02537,2026-06-15,PRD25,LOJ01,150,8,0,False,False,18
EST02538,2026-06-15,PRD01,LOJ02,211,1,144,False,False,211
EST02539,2026-06-15,PRD02,LOJ02,186,7,0,False,False,26
EST02540,2026-06-15,PRD03,LOJ02,143,0,0,False,False,47
EST02541,2026-06-15,PRD04,LOJ02,184,0,0,False,False,61
EST02542,2026-06-15,PRD05,LOJ02,136,1,0,False,False,136
EST02543,2026-06-15,PRD06,LOJ02,167,0,0,False,False,55
EST02544,2026-06-15,PRD07,LOJ02,176,3,0,False,False,58
EST02545,2026-06-15,PRD08,LOJ02,88,6,0,False,False,14
EST02546,2026-06-15,PRD09,LOJ02,79,8,0,False,False,9
EST02547,2026-06-15,PRD10,LOJ02,83,6,0,False,False,13
EST02548,2026-06-15,PRD11,LOJ02,98,8,0,False,False,12
EST02549,2026-06-15,PRD12,LOJ02,144,0,0,False,False,48
EST02550,2026-06-15,PRD13,LOJ02,108,5,0,False,False,21
EST02551,2026-06-15,PRD14,LOJ02,161,3,0,False,False,53
EST02552,2026-06-15,PRD15,LOJ02,139,8,0,False,False,17
EST02553,2026-06-15,PRD16,LOJ02,45,0,0,False,False,15
EST02554,2026-06-15,PRD17,LOJ02,231,1,97,False,False,231
EST02555,2026-06-15,PRD18,LOJ02,178,7,0,False,False,25
EST02556,2026-06-15,PRD19,LOJ02,136,7,0,False,False,19
EST02557,2026-06-15,PRD20,LOJ02,270,0,92,False,False,90
EST02558,2026-06-15,PRD21,LOJ02,171,7,0,False,False,24
EST02559,2026-06-15,PRD22,LOJ02,46,6,0,False,False,7
EST02560,2026-06-15,PRD23,LOJ02,101,6,0,False,False,16
EST02561,2026-06-15,PRD24,LOJ02,121,0,0,False,False,40
EST02562,2026-06-15,PRD25,LOJ02,93,2,0,False,False,46
EST02563,2026-06-15,PRD01,LOJ03,143,6,0,False,False,23
EST02564,2026-06-15,PRD02,LOJ03,129,0,0,False,False,43
EST02565,2026-06-15,PRD03,LOJ03,165,1,0,False,False,165
EST02566,2026-06-15,PRD04,LOJ03,64,8,0,False,False,8
EST02567,2026-06-15,PRD05,LOJ03,152,5,0,False,False,30
EST02568,2026-06-15,PRD06,LOJ03,180,2,0,False,False,90
EST02569,2026-06-15,PRD07,LOJ03,89,6,0,False,False,14
EST02570,2026-06-15,PRD08,LOJ03,36,4,0,False,False,9
EST02571,2026-06-15,PRD09,LOJ03,34,6,0,False,False,5
EST02572,2026-06-15,PRD10,LOJ03,124,6,0,False,False,20
EST02573,2026-06-15,PRD11,LOJ03,130,8,0,False,False,16
EST02574,2026-06-15,PRD12,LOJ03,47,8,0,False,False,5
EST02575,2026-06-15,PRD13,LOJ03,249,8,172,False,False,31
EST02576,2026-06-15,PRD14,LOJ03,269,0,181,False,False,89
EST02577,2026-06-15,PRD15,LOJ03,132,0,0,False,False,44
EST02578,2026-06-15,PRD16,LOJ03,181,4,0,False,False,45
EST02579,2026-06-15,PRD17,LOJ03,145,6,0,False,False,24
EST02580,2026-06-15,PRD18,LOJ03,121,8,0,False,False,15
EST02581,2026-06-15,PRD19,LOJ03,143,2,0,False,False,71
EST02582,2026-06-15,PRD20,LOJ03,248,5,120,False,False,49
EST02583,2026-06-15,PRD21,LOJ03,155,8,0,False,False,19
EST02584,2026-06-15,PRD22,LOJ03,127,8,0,False,False,15
EST02585,2026-06-15,PRD23,LOJ03,126,2,0,False,False,63
EST02586,2026-06-15,PRD24,LOJ03,178,2,128,False,False,89
EST02587,2026-06-15,PRD25,LOJ03,38,4,0,False,False,9
EST02588,2026-06-15,PRD01,WEB01,101,5,0,False,False,20
EST02589,2026-06-15,PRD02,WEB01,153,3,0,False,False,51
EST02590,2026-06-15,PRD03,WEB01,34,3,0,False,False,11
EST02591,2026-06-15,PRD04,WEB01,196,3,0,False,False,65
EST02592,2026-06-15,PRD05,WEB01,163,4,0,False,False,40
EST02593,2026-06-15,PRD06,WEB01,143,2,0,False,False,71
EST02594,2026-06-15,PRD07,WEB01,285,1,114,False,False,285
EST02595,2026-06-15,PRD08,WEB01,178,1,0,False,False,178
EST02596,2026-06-15,PRD09,WEB01,36,1,0,False,False,36
EST02597,2026-06-15,PRD10,WEB01,50,2,0,False,False,25
EST02598,2026-06-15,PRD11,WEB01,141,4,60,False,False,35
EST02599,2026-06-15,PRD12,WEB01,382,1,185,False,False,382
EST02600,2026-06-15,PRD13,WEB01,184,3,117,False,False,61
EST02601,2026-06-15,PRD14,WEB01,183,1,0,False,False,183
EST02602,2026-06-15,PRD15,WEB01,30,1,0,False,False,30
EST02603,2026-06-15,PRD16,WEB01,369,3,187,False,False,123
EST02604,2026-06-15,PRD17,WEB01,199,1,0,False,False,199
EST02605,2026-06-15,PRD18,WEB01,39,4,0,False,False,9
EST02606,2026-06-15,PRD19,WEB01,82,2,0,False,False,41
EST02607,2026-06-15,PRD20,WEB01,155,1,0,False,False,155
EST02608,2026-06-15,PRD21,WEB01,152,6,0,False,False,25
EST02609,2026-07-01,PRD01,LOJ01,248,7,140,False,False,35
EST02610,2026-07-01,PRD02,LOJ01,98,8,0,False,False,12
EST02611,2026-07-01,PRD03,LOJ01,171,3,0,False,False,57
EST02612,2026-07-01,PRD04,LOJ01,243,8,181,False,False,30
EST02613,2026-07-01,PRD05,LOJ01,48,1,0,False,False,48
EST02614,2026-07-01,PRD06,LOJ01,165,5,102,False,False,33
EST02615,2026-07-01,PRD07,LOJ01,65,4,0,False,False,16
EST02616,2026-07-01,PRD08,LOJ01,187,4,0,False,False,46
EST02617,2026-07-01,PRD09,LOJ01,197,2,0,False,False,98
EST02618,2026-07-01,PRD10,LOJ01,181,2,0,False,False,90
EST02619,2026-07-01,PRD11,LOJ01,191,8,0,False,False,23
EST02620,2026-07-01,PRD12,LOJ01,52,0,0,False,False,17
EST02621,2026-07-01,PRD13,LOJ01,31,4,0,False,False,7
EST02622,2026-07-01,PRD14,LOJ01,37,3,0,False,False,12
EST02623,2026-07-01,PRD15,LOJ01,28,4,0,False,False,7
EST02624,2026-07-01,PRD16,LOJ01,115,2,0,False,False,57
EST02625,2026-07-01,PRD17,LOJ01,75,5,0,False,False,15
EST02626,2026-07-01,PRD18,LOJ01,119,3,0,False,False,39
EST02627,2026-07-01,PRD19,LOJ01,124,7,0,False,False,17
EST02628,2026-07-01,PRD20,LOJ01,60,3,0,False,False,20
EST02629,2026-07-01,PRD21,LOJ01,153,8,0,False,False,19
EST02630,2026-07-01,PRD22,LOJ01,110,6,0,False,False,18
EST02631,2026-07-01,PRD23,LOJ01,125,1,0,False,False,125
EST02632,2026-07-01,PRD24,LOJ01,41,1,0,False,False,41
EST02633,2026-07-01,PRD25,LOJ01,68,5,0,False,False,13
EST02634,2026-07-01,PRD01,LOJ02,69,6,0,False,False,11
EST02635,2026-07-01,PRD02,LOJ02,112,1,0,False,False,112
EST02636,2026-07-01,PRD03,LOJ02,191,0,0,False,False,63
EST02637,2026-07-01,PRD04,LOJ02,253,4,104,False,False,63
EST02638,2026-07-01,PRD05,LOJ02,33,8,0,False,False,4
EST02639,2026-07-01,PRD06,LOJ02,50,1,0,False,False,50
EST02640,2026-07-01,PRD07,LOJ02,66,4,0,False,False,16
EST02641,2026-07-01,PRD08,LOJ02,60,1,0,False,False,60
EST02642,2026-07-01,PRD09,LOJ02,100,4,0,False,False,25
EST02643,2026-07-01,PRD10,LOJ02,183,2,0,False,False,91
EST02644,2026-07-01,PRD11,LOJ02,138,5,0,False,False,27
EST02645,2026-07-01,PRD12,LOJ02,325,4,137,False,False,81
EST02646,2026-07-01,PRD13,LOJ02,47,1,0,False,False,47
EST02647,2026-07-01,PRD14,LOJ02,256,4,92,False,False,64
EST02648,2026-07-01,PRD15,LOJ02,34,6,0,False,False,5
EST02649,2026-07-01,PRD16,LOJ02,114,6,0,False,False,19
EST02650,2026-07-01,PRD17,LOJ02,46,8,0,False,False,5
EST02651,2026-07-01,PRD18,LOJ02,52,1,0,False,False,52
EST02652,2026-07-01,PRD19,LOJ02,174,1,0,False,False,174
EST02653,2026-07-01,PRD20,LOJ02,100,2,0,False,False,50
EST02654,2026-07-01,PRD21,LOJ02,29,1,0,False,False,29
EST02655,2026-07-01,PRD22,LOJ02,136,4,0,False,False,34
EST02656,2026-07-01,PRD23,LOJ02,101,0,0,False,False,33
EST02657,2026-07-01,PRD24,LOJ02,75,1,0,False,False,75
EST02658,2026-07-01,PRD25,LOJ02,182,4,0,False,False,45
EST02659,2026-07-01,PRD01,LOJ03,193,6,0,False,False,32
EST02660,2026-07-01,PRD02,LOJ03,266,1,137,False,False,266
EST02661,2026-07-01,PRD03,LOJ03,41,4,0,False,False,10
EST02662,2026-07-01,PRD04,LOJ03,158,0,0,False,False,52
EST02663,2026-07-01,PRD05,LOJ03,74,7,0,False,False,10
EST02664,2026-07-01,PRD06,LOJ03,97,4,0,False,False,24
EST02665,2026-07-01,PRD07,LOJ03,160,2,74,False,False,80
EST02666,2026-07-01,PRD08,LOJ03,190,4,0,False,False,47
EST02667,2026-07-01,PRD09,LOJ03,69,4,0,False,False,17
EST02668,2026-07-01,PRD10,LOJ03,27,7,0,False,False,3
EST02669,2026-07-01,PRD11,LOJ03,110,2,0,False,False,55
EST02670,2026-07-01,PRD12,LOJ03,100,1,0,False,False,100
EST02671,2026-07-01,PRD13,LOJ03,41,5,0,False,False,8
EST02672,2026-07-01,PRD14,LOJ03,193,7,0,False,False,27
EST02673,2026-07-01,PRD15,LOJ03,221,3,55,False,False,73
EST02674,2026-07-01,PRD16,LOJ03,85,1,0,False,False,85
EST02675,2026-07-01,PRD17,LOJ03,118,7,0,False,False,16
EST02676,2026-07-01,PRD18,LOJ03,52,0,0,False,False,17
EST02677,2026-07-01,PRD19,LOJ03,349,6,193,False,False,58
EST02678,2026-07-01,PRD20,LOJ03,70,4,0,False,False,17
EST02679,2026-07-01,PRD21,LOJ03,80,6,0,False,False,13
EST02680,2026-07-01,PRD22,LOJ03,106,1,0,False,False,106
EST02681,2026-07-01,PRD23,LOJ03,30,5,0,False,False,6
EST02682,2026-07-01,PRD24,LOJ03,47,7,0,False,False,6
EST02683,2026-07-01,PRD25,LOJ03,62,3,0,False,False,20
EST02684,2026-07-01,PRD01,WEB01,94,6,0,False,False,15
EST02685,2026-07-01,PRD02,WEB01,189,7,0,False,False,27
EST02686,2026-07-01,PRD03,WEB01,51,4,0,False,False,12
EST02687,2026-07-01,PRD04,WEB01,196,2,0,False,False,98
EST02688,2026-07-01,PRD05,WEB01,92,3,0,False,False,30
EST02689,2026-07-01,PRD06,WEB01,137,1,0,False,False,137
EST02690,2026-07-01,PRD07,WEB01,47,6,0,False,False,7
EST02691,2026-07-01,PRD08,WEB01,97,5,0,False,False,19
EST02692,2026-07-01,PRD09,WEB01,120,7,0,False,False,17
EST02693,2026-07-01,PRD10,WEB01,91,4,0,False,False,22
EST02694,2026-07-01,PRD11,WEB01,32,1,0,False,False,32
EST02695,2026-07-01,PRD12,WEB01,78,2,0,False,False,39
EST02696,2026-07-01,PRD13,WEB01,48,5,0,False,False,9
EST02697,2026-07-01,PRD14,WEB01,52,7,0,False,False,7
EST02698,2026-07-01,PRD15,WEB01,101,1,0,False,False,101
EST02699,2026-07-01,PRD16,WEB01,201,6,160,False,False,33
EST02700,2026-07-01,PRD17,WEB01,27,5,0,False,False,5
EST02701,2026-07-01,PRD18,WEB01,314,7,139,False,False,44
EST02702,2026-07-01,PRD19,WEB01,144,1,0,False,False,144
EST02703,2026-07-01,PRD20,WEB01,194,2,128,False,False,97
EST02704,2026-07-01,PRD21,WEB01,218,2,121,False,False,109
EST02705,2026-07-15,PRD01,LOJ01,104,2,0,False,False,52
EST02706,2026-07-15,PRD02,LOJ01,66,5,0,False,False,13
EST02707,2026-07-15,PRD03,LOJ01,192,8,0,False,False,24
EST02708,2026-07-15,PRD04,LOJ01,107,7,0,False,False,15
EST02709,2026-07-15,PRD05,LOJ01,69,6,0,False,False,11
EST02710,2026-07-15,PRD06,LOJ01,243,2,91,False,False,121
EST02711,2026-07-15,PRD07,LOJ01,170,5,0,False,False,34
EST02712,2026-07-15,PRD08,LOJ01,300,0,106,False,False,100
EST02713,2026-07-15,PRD09,LOJ01,181,5,0,False,False,36
EST02714,2026-07-15,PRD10,LOJ01,367,0,185,False,False,122
EST02715,2026-07-15,PRD11,LOJ01,139,6,0,False,False,23
EST02716,2026-07-15,PRD12,LOJ01,28,3,0,False,False,9
EST02717,2026-07-15,PRD13,LOJ01,139,5,0,False,False,27
EST02718,2026-07-15,PRD14,LOJ01,40,7,0,False,False,5
EST02719,2026-07-15,PRD15,LOJ01,89,0,0,False,False,29
EST02720,2026-07-15,PRD16,LOJ01,35,1,0,False,False,35
EST02721,2026-07-15,PRD17,LOJ01,35,3,0,False,False,11
EST02722,2026-07-15,PRD18,LOJ01,47,8,0,False,False,5
EST02723,2026-07-15,PRD19,LOJ01,56,4,0,False,False,14
EST02724,2026-07-15,PRD20,LOJ01,93,6,0,False,False,15
EST02725,2026-07-15,PRD21,LOJ01,149,1,0,False,False,149
EST02726,2026-07-15,PRD22,LOJ01,167,0,0,False,False,55
EST02727,2026-07-15,PRD23,LOJ01,45,1,0,False,False,45
EST02728,2026-07-15,PRD24,LOJ01,161,1,0,False,False,161
EST02729,2026-07-15,PRD25,LOJ01,59,2,0,False,False,29
EST02730,2026-07-15,PRD01,LOJ02,30,3,0,False,False,10
EST02731,2026-07-15,PRD02,LOJ02,57,7,0,False,False,8
EST02732,2026-07-15,PRD03,LOJ02,135,0,0,False,False,45
EST02733,2026-07-15,PRD04,LOJ02,85,1,0,False,False,85
EST02734,2026-07-15,PRD05,LOJ02,184,3,0,False,False,61
EST02735,2026-07-15,PRD06,LOJ02,243,6,94,False,False,40
EST02736,2026-07-15,PRD07,LOJ02,117,4,0,False,False,29
EST02737,2026-07-15,PRD08,LOJ02,185,1,0,False,False,185
EST02738,2026-07-15,PRD09,LOJ02,142,1,0,False,False,142
EST02739,2026-07-15,PRD10,LOJ02,35,6,0,False,False,5
EST02740,2026-07-15,PRD11,LOJ02,47,3,0,False,False,15
EST02741,2026-07-15,PRD12,LOJ02,29,4,0,False,False,7
EST02742,2026-07-15,PRD13,LOJ02,153,0,0,False,False,51
EST02743,2026-07-15,PRD14,LOJ02,135,6,0,False,False,22
EST02744,2026-07-15,PRD15,LOJ02,108,8,0,False,False,13
EST02745,2026-07-15,PRD16,LOJ02,357,3,162,False,False,119
EST02746,2026-07-15,PRD17,LOJ02,119,3,0,False,False,39
EST02747,2026-07-15,PRD18,LOJ02,59,5,0,False,False,11
EST02748,2026-07-15,PRD19,LOJ02,118,0,0,False,False,39
EST02749,2026-07-15,PRD20,LOJ02,130,2,0,False,False,65
EST02750,2026-07-15,PRD21,LOJ02,375,4,190,False,False,93
EST02751,2026-07-15,PRD22,LOJ02,54,2,0,False,False,27
EST02752,2026-07-15,PRD23,LOJ02,43,4,0,False,False,10
EST02753,2026-07-15,PRD24,LOJ02,86,3,0,False,False,28
EST02754,2026-07-15,PRD25,LOJ02,152,1,61,False,False,152
EST02755,2026-07-15,PRD01,LOJ03,178,1,0,False,False,178
EST02756,2026-07-15,PRD02,LOJ03,256,1,102,False,False,256
EST02757,2026-07-15,PRD03,LOJ03,104,0,64,False,False,34
EST02758,2026-07-15,PRD04,LOJ03,225,8,172,False,False,28
EST02759,2026-07-15,PRD05,LOJ03,123,4,0,False,False,30
EST02760,2026-07-15,PRD06,LOJ03,114,0,0,False,False,38
EST02761,2026-07-15,PRD07,LOJ03,192,0,0,False,False,64
EST02762,2026-07-15,PRD08,LOJ03,382,1,186,False,False,382
EST02763,2026-07-15,PRD09,LOJ03,169,1,0,False,False,169
EST02764,2026-07-15,PRD10,LOJ03,143,7,0,False,False,20
EST02765,2026-07-15,PRD11,LOJ03,67,8,0,False,False,8
EST02766,2026-07-15,PRD12,LOJ03,119,5,0,False,False,23
EST02767,2026-07-15,PRD13,LOJ03,186,8,73,False,False,23
EST02768,2026-07-15,PRD14,LOJ03,191,8,0,False,False,23
EST02769,2026-07-15,PRD15,LOJ03,196,3,125,False,False,65
EST02770,2026-07-15,PRD16,LOJ03,132,7,0,False,False,18
EST02771,2026-07-15,PRD17,LOJ03,192,8,0,False,False,24
EST02772,2026-07-15,PRD18,LOJ03,101,6,0,False,False,16
EST02773,2026-07-15,PRD19,LOJ03,42,5,0,False,False,8
EST02774,2026-07-15,PRD20,LOJ03,32,5,0,False,False,6
EST02775,2026-07-15,PRD21,LOJ03,74,7,0,False,False,10
EST02776,2026-07-15,PRD22,LOJ03,115,3,0,False,False,38
EST02777,2026-07-15,PRD23,LOJ03,225,2,181,False,False,112
EST02778,2026-07-15,PRD24,LOJ03,32,3,0,False,False,10
EST02779,2026-07-15,PRD25,LOJ03,158,3,0,False,False,52
EST02780,2026-07-15,PRD01,WEB01,70,8,0,False,False,8
EST02781,2026-07-15,PRD02,WEB01,352,3,170,False,False,117
EST02782,2026-07-15,PRD03,WEB01,199,1,0,False,False,199
EST02783,2026-07-15,PRD04,WEB01,182,4,0,False,False,45
EST02784,2026-07-15,PRD05,WEB01,314,1,152,False,False,314
EST02785,2026-07-15,PRD06,WEB01,88,3,0,False,False,29
EST02786,2026-07-15,PRD07,WEB01,69,3,0,False,False,23
EST02787,2026-07-15,PRD08,WEB01,90,8,0,False,False,11
EST02788,2026-07-15,PRD09,WEB01,170,3,0,False,False,56
EST02789,2026-07-15,PRD10,WEB01,141,1,0,False,False,141
EST02790,2026-07-15,PRD11,WEB01,42,0,0,False,False,14
EST02791,2026-07-15,PRD12,WEB01,29,4,0,False,False,7
EST02792,2026-07-15,PRD13,WEB01,154,7,0,False,False,22
EST02793,2026-07-15,PRD14,WEB01,180,1,0,False,False,180
EST02794,2026-07-15,PRD15,WEB01,150,0,0,False,False,50
EST02795,2026-07-15,PRD16,WEB01,59,3,0,False,False,19
EST02796,2026-07-15,PRD17,WEB01,286,1,193,False,False,286
EST02797,2026-07-15,PRD18,WEB01,141,0,94,False,False,47
EST02798,2026-07-15,PRD19,WEB01,353,8,181,False,False,44
EST02799,2026-07-15,PRD20,WEB01,37,2,0,False,False,18
EST02800,2026-07-15,PRD21,WEB01,158,0,0,False,False,52
EST02801,2026-08-01,PRD01,LOJ01,58,4,0,False,False,14
EST02802,2026-08-01,PRD02,LOJ01,62,8,0,False,False,7
EST02803,2026-08-01,PRD03,LOJ01,171,2,0,False,False,85
EST02804,2026-08-01,PRD04,LOJ01,62,4,0,False,False,15
EST02805,2026-08-01,PRD05,LOJ01,106,0,0,False,False,35
EST02806,2026-08-01,PRD06,LOJ01,169,3,0,False,False,56
EST02807,2026-08-01,PRD07,LOJ01,103,6,0,False,False,17
EST02808,2026-08-01,PRD08,LOJ01,45,2,0,False,False,22
EST02809,2026-08-01,PRD09,LOJ01,145,8,0,False,False,18
EST02810,2026-08-01,PRD10,LOJ01,123,7,0,False,False,17
EST02811,2026-08-01,PRD11,LOJ01,80,8,0,False,False,10
EST02812,2026-08-01,PRD12,LOJ01,112,1,0,False,False,112
EST02813,2026-08-01,PRD13,LOJ01,55,2,0,False,False,27
EST02814,2026-08-01,PRD14,LOJ01,171,1,0,False,False,171
EST02815,2026-08-01,PRD15,LOJ01,268,0,128,False,False,89
EST02816,2026-08-01,PRD16,LOJ01,138,4,0,False,False,34
EST02817,2026-08-01,PRD17,LOJ01,130,4,0,False,False,32
EST02818,2026-08-01,PRD18,LOJ01,191,2,0,False,False,95
EST02819,2026-08-01,PRD19,LOJ01,195,0,0,False,False,65
EST02820,2026-08-01,PRD20,LOJ01,39,5,0,False,False,7
EST02821,2026-08-01,PRD21,LOJ01,139,3,0,False,False,46
EST02822,2026-08-01,PRD22,LOJ01,155,4,0,False,False,38
EST02823,2026-08-01,PRD23,LOJ01,34,3,0,False,False,11
EST02824,2026-08-01,PRD24,LOJ01,74,1,0,False,False,74
EST02825,2026-08-01,PRD25,LOJ01,53,5,0,False,False,10
EST02826,2026-08-01,PRD01,LOJ02,170,7,0,False,False,24
EST02827,2026-08-01,PRD02,LOJ02,177,0,0,False,False,59
EST02828,2026-08-01,PRD03,LOJ02,177,0,96,False,False,59
EST02829,2026-08-01,PRD04,LOJ02,280,1,196,False,False,280
EST02830,2026-08-01,PRD05,LOJ02,182,2,0,False,False,91
EST02831,2026-08-01,PRD06,LOJ02,156,7,0,False,False,22
EST02832,2026-08-01,PRD07,LOJ02,29,4,0,False,False,7
EST02833,2026-08-01,PRD08,LOJ02,116,6,0,False,False,19
EST02834,2026-08-01,PRD09,LOJ02,38,6,0,False,False,6
EST02835,2026-08-01,PRD10,LOJ02,196,4,0,False,False,49
EST02836,2026-08-01,PRD11,LOJ02,123,6,0,False,False,20
EST02837,2026-08-01,PRD12,LOJ02,45,8,0,False,False,5
EST02838,2026-08-01,PRD13,LOJ02,184,1,0,False,False,184
EST02839,2026-08-01,PRD14,LOJ02,136,2,0,False,False,68
EST02840,2026-08-01,PRD15,LOJ02,27,4,0,False,False,6
EST02841,2026-08-01,PRD16,LOJ02,89,5,0,False,False,17
EST02842,2026-08-01,PRD17,LOJ02,62,4,0,False,False,15
EST02843,2026-08-01,PRD18,LOJ02,59,0,0,False,False,19
EST02844,2026-08-01,PRD19,LOJ02,191,6,0,False,False,31
EST02845,2026-08-01,PRD20,LOJ02,112,7,0,False,False,16
EST02846,2026-08-01,PRD21,LOJ02,91,1,0,False,False,91
EST02847,2026-08-01,PRD22,LOJ02,32,6,0,False,False,5
EST02848,2026-08-01,PRD23,LOJ02,163,6,113,False,False,27
EST02849,2026-08-01,PRD24,LOJ02,162,0,0,False,False,54
EST02850,2026-08-01,PRD25,LOJ02,310,1,181,False,False,310
EST02851,2026-08-01,PRD01,LOJ03,92,7,0,False,False,13
EST02852,2026-08-01,PRD02,LOJ03,170,7,142,False,False,24
EST02853,2026-08-01,PRD03,LOJ03,106,2,0,False,False,53
EST02854,2026-08-01,PRD04,LOJ03,29,3,0,False,False,9
EST02855,2026-08-01,PRD05,LOJ03,139,4,0,False,False,34
EST02856,2026-08-01,PRD06,LOJ03,84,2,0,False,False,42
EST02857,2026-08-01,PRD07,LOJ03,114,3,0,False,False,38
EST02858,2026-08-01,PRD08,LOJ03,147,1,0,False,False,147
EST02859,2026-08-01,PRD09,LOJ03,41,5,0,False,False,8
EST02860,2026-08-01,PRD10,LOJ03,144,1,0,False,False,144
EST02861,2026-08-01,PRD11,LOJ03,155,7,0,False,False,22
EST02862,2026-08-01,PRD12,LOJ03,100,2,0,False,False,50
EST02863,2026-08-01,PRD13,LOJ03,187,6,0,False,False,31
EST02864,2026-08-01,PRD14,LOJ03,55,0,0,False,False,18
EST02865,2026-08-01,PRD15,LOJ03,129,1,0,False,False,129
EST02866,2026-08-01,PRD16,LOJ03,46,5,0,False,False,9
EST02867,2026-08-01,PRD17,LOJ03,194,2,0,False,False,97
EST02868,2026-08-01,PRD18,LOJ03,131,4,0,False,False,32
EST02869,2026-08-01,PRD19,LOJ03,234,3,148,False,False,78
EST02870,2026-08-01,PRD20,LOJ03,40,7,0,False,False,5
EST02871,2026-08-01,PRD21,LOJ03,45,1,0,False,False,45
EST02872,2026-08-01,PRD22,LOJ03,186,2,0,False,False,93
EST02873,2026-08-01,PRD23,LOJ03,172,7,75,False,False,24
EST02874,2026-08-01,PRD24,LOJ03,63,3,0,False,False,21
EST02875,2026-08-01,PRD25,LOJ03,132,6,0,False,False,22
EST02876,2026-08-01,PRD01,WEB01,45,7,0,False,False,6
EST02877,2026-08-01,PRD02,WEB01,164,1,0,False,False,164
EST02878,2026-08-01,PRD03,WEB01,182,3,0,False,False,60
EST02879,2026-08-01,PRD04,WEB01,114,1,0,False,False,114
EST02880,2026-08-01,PRD05,WEB01,152,6,0,False,False,25
EST02881,2026-08-01,PRD06,WEB01,143,4,0,False,False,35
EST02882,2026-08-01,PRD07,WEB01,42,8,0,False,False,5
EST02883,2026-08-01,PRD08,WEB01,265,2,106,False,False,132
EST02884,2026-08-01,PRD09,WEB01,57,3,0,False,False,19
EST02885,2026-08-01,PRD10,WEB01,69,0,0,False,False,23
EST02886,2026-08-01,PRD11,WEB01,125,1,0,False,False,125
EST02887,2026-08-01,PRD12,WEB01,67,5,0,False,False,13
EST02888,2026-08-01,PRD13,WEB01,56,1,0,False,False,56
EST02889,2026-08-01,PRD14,WEB01,131,7,0,False,False,18
EST02890,2026-08-01,PRD15,WEB01,140,3,0,False,False,46
EST02891,2026-08-01,PRD16,WEB01,278,7,176,False,False,39
EST02892,2026-08-01,PRD17,WEB01,121,1,0,False,False,121
EST02893,2026-08-01,PRD18,WEB01,168,5,0,False,False,33
EST02894,2026-08-01,PRD19,WEB01,33,1,0,False,False,33
EST02895,2026-08-01,PRD20,WEB01,167,4,0,False,False,41
EST02896,2026-08-01,PRD21,WEB01,74,1,0,False,False,74
EST02897,2026-08-15,PRD01,LOJ01,55,2,0,False,False,27
EST02898,2026-08-15,PRD02,LOJ01,198,2,0,False,False,99
EST02899,2026-08-15,PRD03,LOJ01,126,8,0,False,False,15
EST02900,2026-08-15,PRD04,LOJ01,149,8,0,False,False,18
EST02901,2026-08-15,PRD05,LOJ01,131,2,0,False,False,65
EST02902,2026-08-15,PRD06,LOJ01,105,6,66,False,False,17
EST02903,2026-08-15,PRD07,LOJ01,81,1,0,False,False,81
EST02904,2026-08-15,PRD08,LOJ01,232,2,157,False,False,116
EST02905,2026-08-15,PRD09,LOJ01,187,1,0,False,False,187
EST02906,2026-08-15,PRD10,LOJ01,58,1,0,False,False,58
EST02907,2026-08-15,PRD11,LOJ01,37,4,0,False,False,9
EST02908,2026-08-15,PRD12,LOJ01,29,1,0,False,False,29
EST02909,2026-08-15,PRD13,LOJ01,79,8,0,False,False,9
EST02910,2026-08-15,PRD14,LOJ01,84,8,0,False,False,10
EST02911,2026-08-15,PRD15,LOJ01,89,3,0,False,False,29
EST02912,2026-08-15,PRD16,LOJ01,104,1,0,False,False,104
EST02913,2026-08-15,PRD17,LOJ01,261,5,123,False,False,52
EST02914,2026-08-15,PRD18,LOJ01,80,5,0,False,False,16
EST02915,2026-08-15,PRD19,LOJ01,150,1,0,False,False,150
EST02916,2026-08-15,PRD20,LOJ01,59,1,0,False,False,59
EST02917,2026-08-15,PRD21,LOJ01,36,1,0,False,False,36
EST02918,2026-08-15,PRD22,LOJ01,98,1,0,False,False,98
EST02919,2026-08-15,PRD23,LOJ01,139,2,0,False,False,69
EST02920,2026-08-15,PRD24,LOJ01,183,2,0,False,False,91
EST02921,2026-08-15,PRD25,LOJ01,32,1,0,False,False,32
EST02922,2026-08-15,PRD01,LOJ02,147,4,0,False,False,36
EST02923,2026-08-15,PRD02,LOJ02,175,2,119,False,False,87
EST02924,2026-08-15,PRD03,LOJ02,165,6,0,False,False,27
EST02925,2026-08-15,PRD04,LOJ02,184,1,0,False,False,184
EST02926,2026-08-15,PRD05,LOJ02,181,5,122,False,False,36
EST02927,2026-08-15,PRD06,LOJ02,254,2,170,False,False,127
EST02928,2026-08-15,PRD07,LOJ02,133,3,0,False,False,44
EST02929,2026-08-15,PRD08,LOJ02,105,7,0,False,False,15
EST02930,2026-08-15,PRD09,LOJ02,162,7,0,False,False,23
EST02931,2026-08-15,PRD10,LOJ02,62,1,0,False,False,62
EST02932,2026-08-15,PRD11,LOJ02,261,0,139,False,False,87
EST02933,2026-08-15,PRD12,LOJ02,193,6,0,False,False,32
EST02934,2026-08-15,PRD13,LOJ02,174,6,0,False,False,29
EST02935,2026-08-15,PRD14,LOJ02,315,7,129,False,False,45
EST02936,2026-08-15,PRD15,LOJ02,174,8,0,False,False,21
EST02937,2026-08-15,PRD16,LOJ02,128,3,0,False,False,42
EST02938,2026-08-15,PRD17,LOJ02,150,6,0,False,False,25
EST02939,2026-08-15,PRD18,LOJ02,116,6,0,False,False,19
EST02940,2026-08-15,PRD19,LOJ02,158,2,112,False,False,79
EST02941,2026-08-15,PRD20,LOJ02,342,7,189,False,False,48
EST02942,2026-08-15,PRD21,LOJ02,253,7,99,False,False,36
EST02943,2026-08-15,PRD22,LOJ02,101,4,0,False,False,25
EST02944,2026-08-15,PRD23,LOJ02,156,7,80,False,False,22
EST02945,2026-08-15,PRD24,LOJ02,181,6,0,False,False,30
EST02946,2026-08-15,PRD25,LOJ02,182,5,0,False,False,36
EST02947,2026-08-15,PRD01,LOJ03,48,3,0,False,False,16
EST02948,2026-08-15,PRD02,LOJ03,243,4,104,False,False,60
EST02949,2026-08-15,PRD03,LOJ03,158,6,74,False,False,26
EST02950,2026-08-15,PRD04,LOJ03,193,4,0,False,False,48
EST02951,2026-08-15,PRD05,LOJ03,176,4,0,False,False,44
EST02952,2026-08-15,PRD06,LOJ03,111,5,0,False,False,22
EST02953,2026-08-15,PRD07,LOJ03,300,4,121,False,False,75
EST02954,2026-08-15,PRD08,LOJ03,228,8,177,False,False,28
EST02955,2026-08-15,PRD09,LOJ03,108,0,78,False,False,36
EST02956,2026-08-15,PRD10,LOJ03,171,6,101,False,False,28
EST02957,2026-08-15,PRD11,LOJ03,99,4,0,False,False,24
EST02958,2026-08-15,PRD12,LOJ03,90,1,0,False,False,90
EST02959,2026-08-15,PRD13,LOJ03,325,2,134,False,False,162
EST02960,2026-08-15,PRD14,LOJ03,119,8,0,False,False,14
EST02961,2026-08-15,PRD15,LOJ03,80,8,0,False,False,10
EST02962,2026-08-15,PRD16,LOJ03,110,0,0,False,False,36
EST02963,2026-08-15,PRD17,LOJ03,45,5,0,False,False,9
EST02964,2026-08-15,PRD18,LOJ03,146,6,100,False,False,24
EST02965,2026-08-15,PRD19,LOJ03,136,0,0,False,False,45
EST02966,2026-08-15,PRD20,LOJ03,140,7,0,False,False,20
EST02967,2026-08-15,PRD21,LOJ03,94,8,0,False,False,11
EST02968,2026-08-15,PRD22,LOJ03,72,1,0,False,False,72
EST02969,2026-08-15,PRD23,LOJ03,264,7,138,False,False,37
EST02970,2026-08-15,PRD24,LOJ03,93,2,0,False,False,46
EST02971,2026-08-15,PRD25,LOJ03,162,4,0,False,False,40
EST02972,2026-08-15,PRD01,WEB01,142,4,0,False,False,35
EST02973,2026-08-15,PRD02,WEB01,171,2,0,False,False,85
EST02974,2026-08-15,PRD03,WEB01,77,1,0,False,False,77
EST02975,2026-08-15,PRD04,WEB01,172,1,121,False,False,172
EST02976,2026-08-15,PRD05,WEB01,34,3,0,False,False,11
EST02977,2026-08-15,PRD06,WEB01,116,6,0,False,False,19
EST02978,2026-08-15,PRD07,WEB01,130,3,0,False,False,43
EST02979,2026-08-15,PRD08,WEB01,65,8,0,False,False,8
EST02980,2026-08-15,PRD09,WEB01,154,5,0,False,False,30
EST02981,2026-08-15,PRD10,WEB01,143,3,0,False,False,47
EST02982,2026-08-15,PRD11,WEB01,156,3,0,False,False,52
EST02983,2026-08-15,PRD12,WEB01,117,4,0,False,False,29
EST02984,2026-08-15,PRD13,WEB01,284,3,144,False,False,94
EST02985,2026-08-15,PRD14,WEB01,61,7,0,False,False,8
EST02986,2026-08-15,PRD15,WEB01,29,2,0,False,False,14
EST02987,2026-08-15,PRD16,WEB01,323,0,153,False,False,107
EST02988,2026-08-15,PRD17,WEB01,67,2,0,False,False,33
EST02989,2026-08-15,PRD18,WEB01,75,5,0,False,False,15
EST02990,2026-08-15,PRD19,WEB01,80,5,0,False,False,16
EST02991,2026-08-15,PRD20,WEB01,191,1,0,False,False,191
EST02992,2026-08-15,PRD21,WEB01,189,3,0,False,False,63
EST02993,2026-09-01,PRD01,LOJ01,196,4,132,False,False,49
EST02994,2026-09-01,PRD02,LOJ01,160,8,0,False,False,20
EST02995,2026-09-01,PRD03,LOJ01,61,2,0,False,False,30
EST02996,2026-09-01,PRD04,LOJ01,295,4,188,False,False,73
EST02997,2026-09-01,PRD05,LOJ01,141,0,0,False,False,47
EST02998,2026-09-01,PRD06,LOJ01,174,2,0,False,False,87
EST02999,2026-09-01,PRD07,LOJ01,102,8,0,False,False,12
EST03000,2026-09-01,PRD08,LOJ01,170,1,0,False,False,170
EST03001,2026-09-01,PRD09,LOJ01,65,3,0,False,False,21
EST03002,2026-09-01,PRD10,LOJ01,97,8,0,False,False,12
EST03003,2026-09-01,PRD11,LOJ01,79,2,0,False,False,39
EST03004,2026-09-01,PRD12,LOJ01,136,0,0,False,False,45
EST03005,2026-09-01,PRD13,LOJ01,140,5,0,False,False,28
EST03006,2026-09-01,PRD14,LOJ01,172,1,0,False,False,172
EST03007,2026-09-01,PRD15,LOJ01,122,1,0,False,False,122
EST03008,2026-09-01,PRD16,LOJ01,30,6,0,False,False,5
EST03009,2026-09-01,PRD17,LOJ01,31,7,0,False,False,4
EST03010,2026-09-01,PRD18,LOJ01,186,2,0,False,False,93
EST03011,2026-09-01,PRD19,LOJ01,318,0,174,False,False,106
EST03012,2026-09-01,PRD20,LOJ01,22,8,0,False,False,2
EST03013,2026-09-01,PRD21,LOJ01,150,6,0,False,False,25
EST03014,2026-09-01,PRD22,LOJ01,311,2,131,False,False,155
EST03015,2026-09-01,PRD23,LOJ01,55,4,0,False,False,13
EST03016,2026-09-01,PRD24,LOJ01,200,0,58,False,False,66
EST03017,2026-09-01,PRD25,LOJ01,67,8,0,False,False,8
EST03018,2026-09-01,PRD01,LOJ02,163,7,52,False,False,23
EST03019,2026-09-01,PRD02,LOJ02,44,7,0,False,False,6
EST03020,2026-09-01,PRD03,LOJ02,66,2,0,False,False,33
EST03021,2026-09-01,PRD04,LOJ02,189,7,0,False,False,27
EST03022,2026-09-01,PRD05,LOJ02,176,8,0,False,False,22
EST03023,2026-09-01,PRD06,LOJ02,147,3,0,False,False,49
EST03024,2026-09-01,PRD07,LOJ02,52,7,0,False,False,7
EST03025,2026-09-01,PRD08,LOJ02,143,3,0,False,False,47
EST03026,2026-09-01,PRD09,LOJ02,53,4,0,False,False,13
EST03027,2026-09-01,PRD10,LOJ02,31,2,0,False,False,15
EST03028,2026-09-01,PRD11,LOJ02,87,2,0,False,False,43
EST03029,2026-09-01,PRD12,LOJ02,181,2,0,False,False,90
EST03030,2026-09-01,PRD13,LOJ02,101,6,0,False,False,16
EST03031,2026-09-01,PRD14,LOJ02,22,8,0,False,False,2
EST03032,2026-09-01,PRD15,LOJ02,245,6,91,False,False,40
EST03033,2026-09-01,PRD16,LOJ02,182,0,0,False,False,60
EST03034,2026-09-01,PRD17,LOJ02,168,1,0,False,False,168
EST03035,2026-09-01,PRD18,LOJ02,102,7,0,False,False,14
EST03036,2026-09-01,PRD19,LOJ02,126,0,0,False,False,42
EST03037,2026-09-01,PRD20,LOJ02,117,5,0,False,False,23
EST03038,2026-09-01,PRD21,LOJ02,226,3,116,False,False,75
EST03039,2026-09-01,PRD22,LOJ02,80,2,0,False,False,40
EST03040,2026-09-01,PRD23,LOJ02,174,5,0,False,False,34
EST03041,2026-09-01,PRD24,LOJ02,143,5,0,False,False,28
EST03042,2026-09-01,PRD25,LOJ02,148,4,0,False,False,37
EST03043,2026-09-01,PRD01,LOJ03,84,8,0,False,False,10
EST03044,2026-09-01,PRD02,LOJ03,92,0,0,False,False,30
EST03045,2026-09-01,PRD03,LOJ03,158,7,0,False,False,22
EST03046,2026-09-01,PRD04,LOJ03,184,7,0,False,False,26
EST03047,2026-09-01,PRD05,LOJ03,79,1,0,False,False,79
EST03048,2026-09-01,PRD06,LOJ03,73,4,0,False,False,18
EST03049,2026-09-01,PRD07,LOJ03,100,2,0,False,False,50
EST03050,2026-09-01,PRD08,LOJ03,151,4,0,False,False,37
EST03051,2026-09-01,PRD09,LOJ03,27,7,0,False,False,3
EST03052,2026-09-01,PRD10,LOJ03,197,0,0,False,False,65
EST03053,2026-09-01,PRD11,LOJ03,142,1,0,False,False,142
EST03054,2026-09-01,PRD12,LOJ03,119,4,0,False,False,29
EST03055,2026-09-01,PRD13,LOJ03,164,3,0,False,False,54
EST03056,2026-09-01,PRD14,LOJ03,195,0,0,False,False,65
EST03057,2026-09-01,PRD15,LOJ03,297,6,132,False,False,49
EST03058,2026-09-01,PRD16,LOJ03,41,6,0,False,False,6
EST03059,2026-09-01,PRD17,LOJ03,63,0,0,False,False,21
EST03060,2026-09-01,PRD18,LOJ03,116,0,0,False,False,38
EST03061,2026-09-01,PRD19,LOJ03,146,8,0,False,False,18
EST03062,2026-09-01,PRD20,LOJ03,102,2,62,False,False,51
EST03063,2026-09-01,PRD21,LOJ03,184,0,0,False,False,61
EST03064,2026-09-01,PRD22,LOJ03,171,3,0,False,False,57
EST03065,2026-09-01,PRD23,LOJ03,59,4,0,False,False,14
EST03066,2026-09-01,PRD24,LOJ03,97,0,0,False,False,32
EST03067,2026-09-01,PRD25,LOJ03,165,6,127,False,False,27
EST03068,2026-09-01,PRD01,WEB01,76,6,0,False,False,12
EST03069,2026-09-01,PRD02,WEB01,255,1,191,False,False,255
EST03070,2026-09-01,PRD03,WEB01,26,4,0,False,False,6
EST03071,2026-09-01,PRD04,WEB01,178,5,0,False,False,35
EST03072,2026-09-01,PRD05,WEB01,154,2,0,False,False,77
EST03073,2026-09-01,PRD06,WEB01,196,2,0,False,False,98
EST03074,2026-09-01,PRD07,WEB01,143,6,0,False,False,23
EST03075,2026-09-01,PRD08,WEB01,153,0,0,False,False,51
EST03076,2026-09-01,PRD09,WEB01,121,7,0,False,False,17
EST03077,2026-09-01,PRD10,WEB01,104,2,0,False,False,52
EST03078,2026-09-01,PRD11,WEB01,133,8,0,False,False,16
EST03079,2026-09-01,PRD12,WEB01,347,7,191,False,False,49
EST03080,2026-09-01,PRD13,WEB01,148,0,0,False,False,49
EST03081,2026-09-01,PRD14,WEB01,151,8,0,False,False,18
EST03082,2026-09-01,PRD15,WEB01,170,2,75,False,False,85
EST03083,2026-09-01,PRD16,WEB01,107,1,0,False,False,107
EST03084,2026-09-01,PRD17,WEB01,45,3,0,False,False,15
EST03085,2026-09-01,PRD18,WEB01,78,8,0,False,False,9
EST03086,2026-09-01,PRD19,WEB01,183,0,0,False,False,61
EST03087,2026-09-01,PRD20,WEB01,185,7,0,False,False,26
EST03088,2026-09-01,PRD21,WEB01,187,3,0,False,False,62
EST03089,2026-09-15,PRD01,LOJ01,139,7,0,False,False,19
EST03090,2026-09-15,PRD02,LOJ01,149,4,0,False,False,37
EST03091,2026-09-15,PRD03,LOJ01,140,6,0,False,False,23
EST03092,2026-09-15,PRD04,LOJ01,67,7,0,False,False,9
EST03093,2026-09-15,PRD05,LOJ01,281,1,164,False,False,281
EST03094,2026-09-15,PRD06,LOJ01,45,8,0,False,False,5
EST03095,2026-09-15,PRD07,LOJ01,36,5,0,False,False,7
EST03096,2026-09-15,PRD08,LOJ01,140,0,0,False,False,46
EST03097,2026-09-15,PRD09,LOJ01,70,4,0,False,False,17
EST03098,2026-09-15,PRD10,LOJ01,130,1,0,False,False,130
EST03099,2026-09-15,PRD11,LOJ01,103,6,0,False,False,17
EST03100,2026-09-15,PRD12,LOJ01,74,1,0,False,False,74
EST03101,2026-09-15,PRD13,LOJ01,202,8,161,False,False,25
EST03102,2026-09-15,PRD14,LOJ01,162,5,0,False,False,32
EST03103,2026-09-15,PRD15,LOJ01,83,2,0,False,False,41
EST03104,2026-09-15,PRD16,LOJ01,60,7,0,False,False,8
EST03105,2026-09-15,PRD17,LOJ01,177,1,0,False,False,177
EST03106,2026-09-15,PRD18,LOJ01,125,3,0,False,False,41
EST03107,2026-09-15,PRD19,LOJ01,123,5,0,False,False,24
EST03108,2026-09-15,PRD20,LOJ01,188,2,0,False,False,94
EST03109,2026-09-15,PRD21,LOJ01,169,3,0,False,False,56
EST03110,2026-09-15,PRD22,LOJ01,198,7,111,False,False,28
EST03111,2026-09-15,PRD23,LOJ01,51,6,0,False,False,8
EST03112,2026-09-15,PRD24,LOJ01,156,0,0,False,False,52
EST03113,2026-09-15,PRD25,LOJ01,91,0,0,False,False,30
EST03114,2026-09-15,PRD01,LOJ02,134,5,0,False,False,26
EST03115,2026-09-15,PRD02,LOJ02,188,2,0,False,False,94
EST03116,2026-09-15,PRD03,LOJ02,103,5,0,False,False,20
EST03117,2026-09-15,PRD04,LOJ02,134,0,0,False,False,44
EST03118,2026-09-15,PRD05,LOJ02,41,5,0,False,False,8
EST03119,2026-09-15,PRD06,LOJ02,124,4,0,False,False,31
EST03120,2026-09-15,PRD07,LOJ02,115,1,0,False,False,115
EST03121,2026-09-15,PRD08,LOJ02,150,8,0,False,False,18
EST03122,2026-09-15,PRD09,LOJ02,68,3,0,False,False,22
EST03123,2026-09-15,PRD10,LOJ02,298,5,131,False,False,59
EST03124,2026-09-15,PRD11,LOJ02,36,2,0,False,False,18
EST03125,2026-09-15,PRD12,LOJ02,164,8,0,False,False,20
EST03126,2026-09-15,PRD13,LOJ02,202,2,160,False,False,101
EST03127,2026-09-15,PRD14,LOJ02,132,2,101,False,False,66
EST03128,2026-09-15,PRD15,LOJ02,54,3,0,False,False,18
EST03129,2026-09-15,PRD16,LOJ02,90,5,0,False,False,18
EST03130,2026-09-15,PRD17,LOJ02,85,1,0,False,False,85
EST03131,2026-09-15,PRD18,LOJ02,204,4,57,False,False,51
EST03132,2026-09-15,PRD19,LOJ02,178,3,0,False,False,59
EST03133,2026-09-15,PRD20,LOJ02,187,5,0,False,False,37
EST03134,2026-09-15,PRD21,LOJ02,25,5,0,False,False,5
EST03135,2026-09-15,PRD22,LOJ02,104,6,0,False,False,17
EST03136,2026-09-15,PRD23,LOJ02,155,6,0,False,False,25
EST03137,2026-09-15,PRD24,LOJ02,29,4,0,False,False,7
EST03138,2026-09-15,PRD25,LOJ02,23,8,0,False,False,2
EST03139,2026-09-15,PRD01,LOJ03,130,4,0,False,False,32
EST03140,2026-09-15,PRD02,LOJ03,160,8,0,False,False,20
EST03141,2026-09-15,PRD03,LOJ03,190,1,0,False,False,190
EST03142,2026-09-15,PRD04,LOJ03,128,2,0,False,False,64
EST03143,2026-09-15,PRD05,LOJ03,162,7,0,False,False,23
EST03144,2026-09-15,PRD06,LOJ03,128,2,0,False,False,64
EST03145,2026-09-15,PRD07,LOJ03,180,7,0,False,False,25
EST03146,2026-09-15,PRD08,LOJ03,123,7,0,False,False,17
EST03147,2026-09-15,PRD09,LOJ03,93,2,0,False,False,46
EST03148,2026-09-15,PRD10,LOJ03,67,1,0,False,False,67
EST03149,2026-09-15,PRD11,LOJ03,73,2,0,False,False,36
EST03150,2026-09-15,PRD12,LOJ03,132,1,0,False,False,132
EST03151,2026-09-15,PRD13,LOJ03,149,1,0,False,False,149
EST03152,2026-09-15,PRD14,LOJ03,56,1,0,False,False,56
EST03153,2026-09-15,PRD15,LOJ03,107,2,0,False,False,53
EST03154,2026-09-15,PRD16,LOJ03,168,8,117,False,False,21
EST03155,2026-09-15,PRD17,LOJ03,94,7,0,False,False,13
EST03156,2026-09-15,PRD18,LOJ03,155,4,0,False,False,38
EST03157,2026-09-15,PRD19,LOJ03,85,2,0,False,False,42
EST03158,2026-09-15,PRD20,LOJ03,149,3,67,False,False,49
EST03159,2026-09-15,PRD21,LOJ03,104,0,0,False,False,34
EST03160,2026-09-15,PRD22,LOJ03,168,8,0,False,False,21
EST03161,2026-09-15,PRD23,LOJ03,165,6,123,False,False,27
EST03162,2026-09-15,PRD24,LOJ03,95,4,0,False,False,23
EST03163,2026-09-15,PRD25,LOJ03,104,7,0,False,False,14
EST03164,2026-09-15,PRD01,WEB01,136,7,0,False,False,19
EST03165,2026-09-15,PRD02,WEB01,128,4,68,False,False,32
EST03166,2026-09-15,PRD03,WEB01,55,7,0,False,False,7
EST03167,2026-09-15,PRD04,WEB01,68,4,0,False,False,17
EST03168,2026-09-15,PRD05,WEB01,299,6,158,False,False,49
EST03169,2026-09-15,PRD06,WEB01,137,2,0,False,False,68
EST03170,2026-09-15,PRD07,WEB01,168,1,0,False,False,168
EST03171,2026-09-15,PRD08,WEB01,119,4,0,False,False,29
EST03172,2026-09-15,PRD09,WEB01,37,2,0,False,False,18
EST03173,2026-09-15,PRD10,WEB01,94,3,0,False,False,31
EST03174,2026-09-15,PRD11,WEB01,280,5,164,False,False,56
EST03175,2026-09-15,PRD12,WEB01,64,2,0,False,False,32
EST03176,2026-09-15,PRD13,WEB01,248,3,152,False,False,82
EST03177,2026-09-15,PRD14,WEB01,46,8,0,False,False,5
EST03178,2026-09-15,PRD15,WEB01,174,3,0,False,False,58
EST03179,2026-09-15,PRD16,WEB01,132,1,0,False,False,132
EST03180,2026-09-15,PRD17,WEB01,93,5,0,False,False,18
EST03181,2026-09-15,PRD18,WEB01,127,1,0,False,False,127
EST03182,2026-09-15,PRD19,WEB01,70,0,0,False,False,23
EST03183,2026-09-15,PRD20,WEB01,175,0,0,False,False,58
EST03184,2026-09-15,PRD21,WEB01,154,6,0,False,False,25
