marketing_id,data,canal_id,campanha_id,investimento_reais,impressoes,cliques,conversoes,receita_atribuida,novos_leads,sessoes_site,bounce_rate
MKT00001,2025-01-15,CAN01,,159.14,6427,598,19,2404.06,47,765,59.17
MKT00002,2025-01-15,CAN02,,103.64,5558,399,15,1260.53,43,412,32.69
MKT00003,2025-01-15,CAN03,,142.42,15893,516,9,874.59,17,631,35.76
MKT00004,2025-01-15,CAN04,CAM008,104.86,11307,364,11,1206.09,17,294,35.34
MKT00005,2025-01-15,CAN05,,19.59,1016,269,6,759.15,11,275,60.89
MKT00006,2025-01-15,CAN06,,55.55,4382,282,8,823.35,18,349,64.73
MKT00007,2025-01-15,CAN07,,68.22,6793,185,5,778.44,13,219,37.82
MKT00008,2025-01-16,CAN01,,137.49,6499,413,15,1579.34,30,414,38.43
MKT00009,2025-01-16,CAN02,,97.34,4067,289,5,605.33,11,289,35.03
MKT00010,2025-01-16,CAN03,,126.19,12324,351,11,1700.47,20,454,60.46
MKT00011,2025-01-16,CAN04,CAM008,135.12,11786,304,12,1150.74,15,287,61.8
MKT00012,2025-01-16,CAN05,,18.97,1510,201,6,937.45,10,252,42.71
MKT00013,2025-01-16,CAN06,,78.03,5419,190,6,531.85,14,198,34.35
MKT00014,2025-01-16,CAN07,,74.19,5347,122,2,258.75,5,155,60.92
MKT00015,2025-01-17,CAN01,,169.51,8222,466,14,1412.64,30,515,56.8
MKT00016,2025-01-17,CAN02,,95.47,5008,437,11,1533.72,22,503,33.6
MKT00017,2025-01-17,CAN03,,146.41,14196,605,15,1376.84,33,738,53.94
MKT00018,2025-01-17,CAN04,CAM008,135.16,15062,449,12,1437.17,24,389,62.19
MKT00019,2025-01-17,CAN05,,20.49,1951,340,9,835.24,24,367,40.41
MKT00020,2025-01-17,CAN06,,76.77,6373,275,6,630.45,12,279,58.4
MKT00021,2025-01-17,CAN07,,84.03,8394,147,4,443.64,7,186,60.22
MKT00022,2025-01-18,CAN01,,182.59,9333,631,11,1112.29,30,631,40.07
MKT00023,2025-01-18,CAN02,,114.59,4974,370,11,1439.89,32,452,58.89
MKT00024,2025-01-18,CAN03,,118.71,13273,430,15,2168.48,23,511,31.71
MKT00025,2025-01-18,CAN04,CAM008,103.38,8454,224,5,824.31,10,199,34.56
MKT00026,2025-01-18,CAN05,,18.7,1412,215,6,509.92,14,222,41.85
MKT00027,2025-01-18,CAN06,,63.84,3045,87,2,171.33,4,88,56.1
MKT00028,2025-01-18,CAN07,,69.29,5235,188,6,687.8,14,229,63.72
MKT00029,2025-01-19,CAN01,,167.93,9176,693,17,1476.12,50,712,60.39
MKT00030,2025-01-19,CAN02,,119.92,6310,427,14,1192.39,27,446,38.25
MKT00031,2025-01-19,CAN03,,131.33,15456,558,9,739.35,21,578,61.93
MKT00032,2025-01-19,CAN04,CAM008,104.01,10239,249,7,694.51,9,239,34.1
MKT00033,2025-01-19,CAN05,,19.38,1350,256,5,776.49,9,256,43.75
MKT00034,2025-01-19,CAN06,,66.4,4051,153,4,330.26,7,153,43.85
MKT00035,2025-01-19,CAN07,,87.86,5423,134,4,459.33,8,153,39.4
MKT00036,2025-01-20,CAN01,,154.45,7177,411,13,1809.02,30,415,64.31
MKT00037,2025-01-20,CAN02,,122.0,5370,361,11,955.17,26,361,49.58
MKT00038,2025-01-20,CAN03,,137.71,14109,408,7,741.67,20,439,40.66
MKT00039,2025-01-20,CAN04,CAM008,130.02,12716,319,9,1449.08,15,315,31.34
MKT00040,2025-01-20,CAN05,,20.59,1194,166,5,683.81,10,214,61.88
MKT00041,2025-01-20,CAN06,,51.6,6115,307,6,634.97,16,341,39.41
MKT00042,2025-01-20,CAN07,,73.27,4917,156,3,329.88,6,165,50.48
MKT00043,2025-01-21,CAN01,,149.12,8001,770,23,2594.6,38,993,51.43
MKT00044,2025-01-21,CAN02,,102.24,4804,308,8,1169.31,15,308,52.88
MKT00045,2025-01-21,CAN03,,148.74,17718,363,12,1480.99,35,363,45.39
MKT00046,2025-01-21,CAN04,CAM008,104.23,7901,262,4,385.69,8,229,54.5
MKT00047,2025-01-21,CAN05,,18.56,1609,398,12,1743.2,18,482,30.64
MKT00048,2025-01-21,CAN06,,47.42,5767,319,9,1381.14,23,340,57.87
MKT00049,2025-01-21,CAN07,,78.68,6770,220,3,336.84,6,220,45.27
MKT00050,2025-01-22,CAN01,,142.46,6579,420,15,1279.75,40,523,47.57
MKT00051,2025-01-22,CAN02,,110.82,4723,459,16,1631.72,46,562,62.24
MKT00052,2025-01-22,CAN03,,139.85,13980,427,10,897.86,21,474,51.25
MKT00053,2025-01-22,CAN04,CAM008,134.38,12740,370,8,1282.29,15,366,58.65
MKT00054,2025-01-22,CAN05,,22.9,1903,453,16,2061.35,34,456,33.7
MKT00055,2025-01-22,CAN06,,53.89,2562,153,5,601.34,8,198,63.48
MKT00056,2025-01-22,CAN07,,83.2,7392,181,6,580.99,15,234,40.55
MKT00057,2025-01-23,CAN01,,148.25,5991,491,9,963.08,25,491,63.51
MKT00058,2025-01-23,CAN02,,111.86,5387,323,12,1169.51,35,330,36.48
MKT00059,2025-01-23,CAN03,,122.32,10173,358,12,1518.74,26,426,58.86
MKT00060,2025-01-23,CAN04,CAM008,111.27,10899,357,9,1183.95,17,275,57.67
MKT00061,2025-01-23,CAN05,,22.68,1095,167,5,633.02,14,171,56.51
MKT00062,2025-01-23,CAN06,,67.24,3787,218,7,932.16,16,242,54.37
MKT00063,2025-01-23,CAN07,,90.1,6380,133,3,259.24,8,147,44.51
MKT00064,2025-01-24,CAN01,,149.49,6970,336,6,879.91,9,377,47.01
MKT00065,2025-01-24,CAN02,,118.9,5501,513,14,1285.5,32,628,31.96
MKT00066,2025-01-24,CAN03,,117.94,10250,270,9,1109.29,13,338,38.47
MKT00067,2025-01-24,CAN04,CAM008,108.18,10171,345,8,1105.89,15,287,35.26
MKT00068,2025-01-24,CAN05,,21.36,2211,378,9,1366.22,22,440,44.9
MKT00069,2025-01-24,CAN06,,56.0,6301,298,5,673.1,11,317,45.91
MKT00070,2025-01-24,CAN07,,87.22,6785,174,5,532.42,14,203,54.45
MKT00071,2025-01-25,CAN01,,166.23,7715,666,19,1688.65,36,789,36.03
MKT00072,2025-01-25,CAN02,,118.47,5639,447,9,1393.09,25,523,39.61
MKT00073,2025-01-25,CAN03,,119.12,13841,449,12,1409.44,29,477,44.39
MKT00074,2025-01-25,CAN04,CAM008,106.48,10078,327,5,457.11,9,252,59.52
MKT00075,2025-01-25,CAN05,,21.17,1553,365,8,1067.81,21,458,51.29
MKT00076,2025-01-25,CAN06,,59.92,3060,86,2,247.43,5,86,43.47
MKT00077,2025-01-25,CAN07,,79.92,6963,305,11,1455.18,20,332,57.89
MKT00078,2025-01-26,CAN01,,144.18,7576,516,19,2043.31,48,516,57.01
MKT00079,2025-01-26,CAN02,,113.0,4645,331,9,1154.67,15,411,48.45
MKT00080,2025-01-26,CAN03,,152.68,17189,667,11,1482.0,18,667,41.42
MKT00081,2025-01-26,CAN04,CAM008,120.72,11061,325,12,1100.97,14,293,55.13
MKT00082,2025-01-26,CAN05,,23.52,1786,374,11,1688.61,20,434,41.28
MKT00083,2025-01-26,CAN06,,57.69,3963,240,5,730.86,14,285,31.65
MKT00084,2025-01-26,CAN07,,72.57,5642,154,5,789.36,10,196,58.48
MKT00085,2025-01-27,CAN01,,160.87,7234,661,21,3260.08,56,725,60.65
MKT00086,2025-01-27,CAN02,,97.91,5048,368,8,1176.2,15,370,57.13
MKT00087,2025-01-27,CAN03,,127.55,12063,324,5,417.57,8,344,44.98
MKT00088,2025-01-27,CAN04,CAM008,122.11,12329,397,11,1294.26,12,339,63.69
MKT00089,2025-01-27,CAN05,,19.26,1433,196,4,384.88,9,215,38.75
MKT00090,2025-01-27,CAN06,,47.06,5067,244,7,1018.61,14,303,39.89
MKT00091,2025-01-27,CAN07,,81.86,5473,186,4,568.59,11,186,58.43
MKT00092,2025-01-28,CAN01,,177.43,7493,520,10,1580.88,26,656,55.24
MKT00093,2025-01-28,CAN02,,95.03,5057,380,11,972.56,28,389,31.27
MKT00094,2025-01-28,CAN03,,115.24,13083,472,8,1064.26,20,536,32.16
MKT00095,2025-01-28,CAN04,CAM008,122.46,9328,271,8,1091.24,17,235,62.44
MKT00096,2025-01-28,CAN05,,19.43,1302,204,3,411.78,8,251,45.8
MKT00097,2025-01-28,CAN06,,53.75,3584,125,3,386.17,8,148,52.53
MKT00098,2025-01-28,CAN07,,86.42,6786,183,3,459.61,6,183,30.07
MKT00099,2025-01-29,CAN01,,178.76,7544,726,19,2362.97,30,823,53.78
MKT00100,2025-01-29,CAN02,,95.03,4661,318,7,847.27,13,394,40.17
MKT00101,2025-01-29,CAN03,,134.65,15886,499,19,1809.98,56,551,55.53
MKT00102,2025-01-29,CAN04,CAM008,108.94,8488,283,9,925.39,16,237,41.19
MKT00103,2025-01-29,CAN05,,23.21,2358,380,7,1069.04,11,455,62.63
MKT00104,2025-01-29,CAN06,,63.46,3142,210,6,778.9,9,213,45.07
MKT00105,2025-01-29,CAN07,,88.52,8749,283,7,726.54,15,287,57.19
MKT00106,2025-01-30,CAN01,,180.63,9453,659,17,2205.08,37,799,47.08
MKT00107,2025-01-30,CAN02,,110.02,4437,381,8,1087.27,13,411,33.71
MKT00108,2025-01-30,CAN03,,127.69,14852,520,13,1802.21,23,625,32.9
MKT00109,2025-01-30,CAN04,CAM008,137.98,11533,224,8,939.29,11,173,35.98
MKT00110,2025-01-30,CAN05,,20.61,1892,496,16,2481.22,43,536,51.8
MKT00111,2025-01-30,CAN06,,78.65,5557,200,7,777.02,18,241,54.64
MKT00112,2025-01-30,CAN07,,78.98,5085,173,4,630.88,8,173,36.06
MKT00113,2025-01-31,CAN01,,154.22,6387,423,12,1350.72,30,478,31.44
MKT00114,2025-01-31,CAN02,,104.91,5662,591,23,2094.01,37,703,34.92
MKT00115,2025-01-31,CAN03,,145.8,12383,415,12,978.28,33,498,46.05
MKT00116,2025-01-31,CAN04,CAM008,105.93,9604,224,7,643.86,13,173,47.09
MKT00117,2025-01-31,CAN05,,20.78,956,211,3,312.06,6,272,33.95
MKT00118,2025-01-31,CAN06,,50.9,5345,240,5,405.05,9,275,59.8
MKT00119,2025-01-31,CAN07,,88.07,6891,163,3,395.54,8,195,34.39
MKT00120,2025-02-01,CAN01,,204.08,11132,931,36,3298.43,73,1026,37.52
MKT00121,2025-02-01,CAN02,,137.42,6908,428,14,1767.53,29,457,58.68
MKT00122,2025-02-01,CAN03,,134.64,12473,356,11,1223.94,32,404,32.32
MKT00123,2025-02-01,CAN04,CAM008,120.23,12170,336,11,1210.86,19,315,54.6
MKT00124,2025-02-01,CAN05,,27.43,1527,320,12,1110.53,31,392,64.84
MKT00125,2025-02-01,CAN06,,73.09,6171,216,4,362.55,7,251,47.0
MKT00126,2025-02-01,CAN07,,93.06,6580,202,5,680.01,14,214,56.86
MKT00127,2025-02-02,CAN01,,179.2,8339,673,21,2556.52,32,690,38.78
MKT00128,2025-02-02,CAN02,,136.93,5948,464,11,1565.06,28,531,60.13
MKT00129,2025-02-02,CAN03,,133.96,12344,394,9,1015.67,21,394,53.0
MKT00130,2025-02-02,CAN04,CAM008,146.98,11051,280,7,749.69,11,258,54.03
MKT00131,2025-02-02,CAN05,,27.32,1890,474,8,749.84,14,487,41.74
MKT00132,2025-02-02,CAN06,,71.93,3643,232,3,278.0,7,292,63.05
MKT00133,2025-02-02,CAN07,,101.39,7232,177,4,624.47,10,201,64.45
MKT00134,2025-02-03,CAN01,,191.71,9179,644,11,1541.66,24,783,31.51
MKT00135,2025-02-03,CAN02,,113.82,5074,402,15,1327.17,34,441,41.14
MKT00136,2025-02-03,CAN03,,133.4,14542,500,10,879.66,26,581,59.27
MKT00137,2025-02-03,CAN04,CAM008,129.72,14021,412,11,1170.33,16,317,57.16
MKT00138,2025-02-03,CAN05,,21.72,1317,311,7,1034.93,18,311,39.89
MKT00139,2025-02-03,CAN06,,61.3,6049,234,7,1032.77,11,270,54.8
MKT00140,2025-02-03,CAN07,,80.6,7032,322,8,1200.93,19,343,34.7
MKT00141,2025-02-04,CAN01,,165.39,7305,654,24,3432.4,71,654,40.57
MKT00142,2025-02-04,CAN02,,126.38,5135,473,11,1521.24,31,497,40.46
MKT00143,2025-02-04,CAN03,,155.08,16481,759,24,3547.59,44,889,48.84
MKT00144,2025-02-04,CAN04,CAM008,145.16,13433,430,8,1013.57,12,331,38.77
MKT00145,2025-02-04,CAN05,,22.62,1606,240,5,425.44,14,240,31.29
MKT00146,2025-02-04,CAN06,,83.31,3332,191,6,632.36,15,220,33.53
MKT00147,2025-02-04,CAN07,,81.47,4991,101,1,94.62,2,101,57.5
MKT00148,2025-02-05,CAN01,,184.47,8305,650,11,1744.09,18,809,44.51
MKT00149,2025-02-05,CAN02,,127.09,6906,434,10,1129.93,26,522,59.49
MKT00150,2025-02-05,CAN03,,161.36,12931,359,12,1025.88,33,425,52.27
MKT00151,2025-02-05,CAN04,CAM008,115.92,10207,245,4,622.68,6,230,55.21
MKT00152,2025-02-05,CAN05,,23.74,2376,534,16,1362.71,25,676,34.77
MKT00153,2025-02-05,CAN06,,65.54,4006,202,3,467.7,7,238,38.83
MKT00154,2025-02-05,CAN07,,93.35,6797,175,6,945.41,15,224,59.1
MKT00155,2025-02-06,CAN01,,192.62,8815,907,24,3484.93,56,907,35.86
MKT00156,2025-02-06,CAN02,,104.8,4604,412,10,1203.36,17,423,39.38
MKT00157,2025-02-06,CAN03,,152.01,16753,714,23,3255.44,66,770,58.76
MKT00158,2025-02-06,CAN04,CAM008,152.59,16273,510,14,2042.05,20,393,54.49
MKT00159,2025-02-06,CAN05,,22.44,2429,647,19,1569.44,55,722,54.72
MKT00160,2025-02-06,CAN06,,75.19,5379,238,5,689.6,12,298,52.31
MKT00161,2025-02-06,CAN07,,78.97,5945,132,4,322.31,8,151,59.78
MKT00162,2025-02-07,CAN01,,190.04,7955,412,10,1291.91,22,434,31.72
MKT00163,2025-02-07,CAN02,,127.79,6006,473,8,871.75,22,498,64.81
MKT00164,2025-02-07,CAN03,,135.98,14597,437,11,1759.31,26,522,59.22
MKT00165,2025-02-07,CAN04,CAM008,133.25,13904,477,19,2715.09,33,367,55.43
MKT00166,2025-02-07,CAN05,,27.05,849,161,6,651.97,9,161,34.49
MKT00167,2025-02-07,CAN06,,80.24,6138,225,7,590.66,11,279,30.88
MKT00168,2025-02-07,CAN07,,89.14,5467,152,2,225.65,5,162,51.85
MKT00169,2025-02-08,CAN01,,175.68,8746,749,11,1706.66,17,826,64.43
MKT00170,2025-02-08,CAN02,,124.42,6745,431,16,2066.01,34,431,39.93
MKT00171,2025-02-08,CAN03,,172.02,16092,489,12,1861.1,22,633,57.75
MKT00172,2025-02-08,CAN04,CAM008,118.5,12418,247,4,546.57,6,208,51.91
MKT00173,2025-02-08,CAN05,,22.81,1707,435,13,1360.38,31,440,51.9
MKT00174,2025-02-08,CAN06,,61.66,4633,199,4,500.43,11,233,36.44
MKT00175,2025-02-08,CAN07,,87.27,5951,244,9,887.37,26,244,32.23
MKT00176,2025-02-09,CAN01,,172.65,7828,447,11,1705.57,23,552,37.4
MKT00177,2025-02-09,CAN02,,110.19,5994,347,11,1381.57,22,350,34.93
MKT00178,2025-02-09,CAN03,,165.97,16982,505,17,2702.05,31,580,31.29
MKT00179,2025-02-09,CAN04,CAM008,138.28,13598,417,15,1321.43,24,321,42.32
MKT00180,2025-02-09,CAN05,,21.78,2396,452,15,2335.04,40,452,34.63
MKT00181,2025-02-09,CAN06,,78.36,5311,292,9,1357.48,19,330,47.34
MKT00182,2025-02-09,CAN07,,89.19,8438,258,5,409.41,9,319,48.85
MKT00183,2025-02-10,CAN01,,194.57,9301,678,20,1760.65,36,792,46.53
MKT00184,2025-02-10,CAN02,,114.81,5898,366,14,1668.19,33,366,35.45
MKT00185,2025-02-10,CAN03,,144.02,12722,385,6,575.2,10,465,64.95
MKT00186,2025-02-10,CAN04,CAM008,126.9,10101,305,7,1030.95,7,235,55.01
MKT00187,2025-02-10,CAN05,,21.14,1233,186,4,364.57,6,186,51.83
MKT00188,2025-02-10,CAN06,,47.04,4061,110,3,332.37,7,128,47.04
MKT00189,2025-02-10,CAN07,,99.09,9844,372,8,973.3,21,448,55.88
MKT00190,2025-02-11,CAN01,,201.92,9391,904,29,4401.71,81,1104,30.96
MKT00191,2025-02-11,CAN02,,122.86,5991,387,12,1000.22,26,387,42.87
MKT00192,2025-02-11,CAN03,,131.41,15040,602,24,3768.61,46,733,32.17
MKT00193,2025-02-11,CAN04,CAM008,127.62,12801,284,11,1040.96,13,269,40.47
MKT00194,2025-02-11,CAN05,,27.37,1176,209,4,539.5,10,261,60.77
MKT00195,2025-02-11,CAN06,,69.79,3639,171,6,760.64,10,215,35.29
MKT00196,2025-02-11,CAN07,,85.12,7586,205,4,524.96,10,205,40.08
MKT00197,2025-02-12,CAN01,,166.8,8573,515,11,1472.24,18,515,42.0
MKT00198,2025-02-12,CAN02,,120.12,5459,392,9,1131.51,14,494,52.26
MKT00199,2025-02-12,CAN03,,152.98,17827,457,12,1855.61,22,524,42.23
MKT00200,2025-02-12,CAN04,CAM008,149.82,14289,388,14,1237.5,26,364,32.46
MKT00201,2025-02-12,CAN05,,26.71,2168,431,15,1298.38,26,535,56.94
MKT00202,2025-02-12,CAN06,,83.4,6124,416,10,1085.17,16,505,45.95
MKT00203,2025-02-12,CAN07,,99.18,6347,146,4,485.54,10,146,33.3
MKT00204,2025-02-13,CAN01,,176.6,9532,612,9,759.77,19,747,56.54
MKT00205,2025-02-13,CAN02,,123.99,5979,471,17,1844.51,38,471,57.42
MKT00206,2025-02-13,CAN03,,166.76,18735,588,22,2480.01,43,753,32.7
MKT00207,2025-02-13,CAN04,CAM008,149.1,14594,505,9,1470.7,18,495,64.15
MKT00208,2025-02-13,CAN05,,23.17,2115,397,12,1373.71,24,505,49.71
MKT00209,2025-02-13,CAN06,,47.27,4052,178,4,387.96,8,203,44.31
MKT00210,2025-02-13,CAN07,,94.35,7998,167,4,452.89,6,167,62.27
MKT00211,2025-02-14,CAN01,,155.15,7632,472,18,2716.99,36,472,30.39
MKT00212,2025-02-14,CAN02,,106.87,4334,338,9,1394.5,20,338,35.1
MKT00213,2025-02-14,CAN03,,133.22,12322,384,14,1674.34,39,423,47.68
MKT00214,2025-02-14,CAN04,CAM008,141.54,13122,425,8,938.07,13,385,45.37
MKT00215,2025-02-14,CAN05,,26.94,1948,534,18,2076.86,49,680,58.78
MKT00216,2025-02-14,CAN06,,48.23,4539,277,8,1009.1,15,294,42.92
MKT00217,2025-02-14,CAN07,,77.39,5220,206,3,281.85,7,207,61.37
MKT00218,2025-02-15,CAN01,,192.94,10424,812,13,1197.82,22,850,38.11
MKT00219,2025-02-15,CAN02,,113.25,4654,350,9,1391.35,17,394,49.82
MKT00220,2025-02-15,CAN03,,132.96,13488,456,6,758.46,13,588,62.01
MKT00221,2025-02-15,CAN04,CAM008,145.06,14005,292,8,863.6,15,271,32.28
MKT00222,2025-02-15,CAN05,,26.39,2416,381,8,1094.11,19,381,36.39
MKT00223,2025-02-15,CAN06,,60.72,3323,152,5,476.98,11,178,46.31
MKT00224,2025-02-15,CAN07,,81.91,7317,224,4,628.19,8,287,63.65
MKT00225,2025-02-16,CAN01,,166.49,8865,594,21,2521.52,38,630,31.39
MKT00226,2025-02-16,CAN02,,127.43,6289,444,14,1600.65,41,444,52.02
MKT00227,2025-02-16,CAN03,,128.52,12871,444,9,818.95,20,514,62.64
MKT00228,2025-02-16,CAN04,CAM008,132.52,14403,393,5,712.5,10,329,63.28
MKT00229,2025-02-16,CAN05,,24.25,1668,269,8,1050.66,16,333,38.13
MKT00230,2025-02-16,CAN06,,82.1,3939,181,3,243.75,5,220,49.19
MKT00231,2025-02-16,CAN07,,87.0,5931,215,7,594.06,20,232,54.15
MKT00232,2025-02-17,CAN01,,158.34,7405,571,10,1139.65,27,586,47.93
MKT00233,2025-02-17,CAN02,,123.98,5905,408,10,915.99,15,469,39.96
MKT00234,2025-02-17,CAN03,,156.34,15770,542,19,1881.08,54,603,61.47
MKT00235,2025-02-17,CAN04,CAM008,124.34,11145,234,4,383.22,8,184,47.2
MKT00236,2025-02-17,CAN05,,20.83,1925,352,10,1086.22,16,352,40.41
MKT00237,2025-02-17,CAN06,,84.19,2855,81,2,262.42,5,102,52.63
MKT00238,2025-02-17,CAN07,,100.06,9419,241,8,739.36,14,286,62.9
MKT00239,2025-02-18,CAN01,,164.11,7787,596,16,2355.92,33,598,55.46
MKT00240,2025-02-18,CAN02,,111.92,5702,378,9,1299.95,21,421,53.12
MKT00241,2025-02-18,CAN03,,165.51,14339,451,14,2216.79,38,451,54.95
MKT00242,2025-02-18,CAN04,CAM008,139.08,13909,435,16,1451.28,19,422,60.06
MKT00243,2025-02-18,CAN05,,25.63,1394,416,14,2025.2,22,450,44.45
MKT00244,2025-02-18,CAN06,,66.22,6942,261,7,699.94,11,263,43.06
MKT00245,2025-02-18,CAN07,,80.21,5280,195,3,354.59,6,195,43.59
MKT00246,2025-02-19,CAN01,,196.17,9991,876,21,2405.41,45,876,44.84
MKT00247,2025-02-19,CAN02,,104.43,4575,258,5,671.35,7,258,61.74
MKT00248,2025-02-19,CAN03,,144.48,12253,532,21,2935.97,43,539,41.81
MKT00249,2025-02-19,CAN04,CAM008,135.13,10122,297,4,378.7,5,239,43.14
MKT00250,2025-02-19,CAN05,,27.51,1322,226,6,779.81,10,249,46.48
MKT00251,2025-02-19,CAN06,,79.55,6317,199,6,883.08,15,256,45.38
MKT00252,2025-02-19,CAN07,,77.16,6331,203,4,366.9,10,203,32.1
MKT00253,2025-02-20,CAN01,,163.38,8270,708,22,1972.53,45,852,42.25
MKT00254,2025-02-20,CAN02,,106.85,5170,464,17,2046.95,28,464,33.57
MKT00255,2025-02-20,CAN03,,131.63,13456,489,18,2634.36,29,635,61.05
MKT00256,2025-02-20,CAN04,CAM008,117.41,9338,240,8,675.04,15,185,57.56
MKT00257,2025-02-20,CAN05,,25.62,2121,363,9,1227.2,19,400,36.78
MKT00258,2025-02-20,CAN06,,54.44,4660,178,3,441.39,6,186,45.46
MKT00259,2025-02-20,CAN07,,92.06,7518,258,7,834.98,11,266,40.21
MKT00260,2025-02-21,CAN01,,184.06,8401,484,10,1113.71,20,484,48.7
MKT00261,2025-02-21,CAN02,,124.84,5602,444,6,775.94,15,514,35.58
MKT00262,2025-02-21,CAN03,,136.6,12000,396,6,615.74,10,396,58.2
MKT00263,2025-02-21,CAN04,CAM008,128.82,9955,341,5,743.09,10,339,38.35
MKT00264,2025-02-21,CAN05,,21.88,1863,329,7,650.95,16,420,60.3
MKT00265,2025-02-21,CAN06,,83.32,5852,243,8,1033.33,14,292,49.91
MKT00266,2025-02-21,CAN07,,97.5,9121,204,7,767.03,19,204,46.0
MKT00267,2025-02-22,CAN01,,195.82,8682,438,16,2152.44,32,472,37.43
MKT00268,2025-02-22,CAN02,,116.2,6336,603,22,2526.23,48,707,58.56
MKT00269,2025-02-22,CAN03,,148.82,12459,401,8,737.2,19,512,51.99
MKT00270,2025-02-22,CAN04,CAM008,116.35,12857,404,11,1682.06,21,311,61.03
MKT00271,2025-02-22,CAN05,,26.74,2024,429,12,1463.79,31,429,50.17
MKT00272,2025-02-22,CAN06,,59.21,5915,392,7,617.31,15,417,54.36
MKT00273,2025-02-22,CAN07,,80.92,7396,199,4,344.65,6,199,30.07
MKT00274,2025-02-23,CAN01,,186.24,7867,484,12,1819.46,25,484,63.81
MKT00275,2025-02-23,CAN02,,125.24,6452,353,13,1329.67,37,434,50.35
MKT00276,2025-02-23,CAN03,,161.84,15723,365,6,549.67,14,459,42.48
MKT00277,2025-02-23,CAN04,CAM008,132.38,11599,371,11,1743.31,23,304,53.26
MKT00278,2025-02-23,CAN05,,21.28,1076,203,7,794.85,13,208,62.77
MKT00279,2025-02-23,CAN06,,73.23,2791,137,4,510.58,9,137,53.16
MKT00280,2025-02-23,CAN07,,99.67,7875,312,6,648.95,14,312,35.85
MKT00281,2025-02-24,CAN01,,183.16,8015,594,19,2348.04,28,711,32.19
MKT00282,2025-02-24,CAN02,,116.28,5500,521,20,2472.81,45,591,38.5
MKT00283,2025-02-24,CAN03,,136.99,14713,604,20,1905.51,48,771,47.47
MKT00284,2025-02-24,CAN04,CAM008,142.69,11365,288,5,675.25,10,276,49.34
MKT00285,2025-02-24,CAN05,,24.21,2131,390,15,1311.15,26,390,52.81
MKT00286,2025-02-24,CAN06,,55.99,3564,137,2,226.29,3,169,40.66
MKT00287,2025-02-24,CAN07,,77.2,5755,233,7,979.68,17,297,49.35
MKT00288,2025-02-25,CAN01,,186.24,8104,637,20,2378.65,50,637,56.09
MKT00289,2025-02-25,CAN02,,104.12,5465,436,15,1903.01,34,512,49.9
MKT00290,2025-02-25,CAN03,,150.17,13714,361,13,1387.66,26,384,39.6
MKT00291,2025-02-25,CAN04,CAM008,126.94,13486,470,7,792.44,10,392,39.73
MKT00292,2025-02-25,CAN05,,24.17,901,212,6,944.89,17,236,64.0
MKT00293,2025-02-25,CAN06,,52.3,4011,191,3,392.53,6,230,50.03
MKT00294,2025-02-25,CAN07,,82.97,5041,123,1,99.5,1,159,45.04
MKT00295,2025-02-26,CAN01,,153.59,6766,495,16,2041.34,35,601,45.93
MKT00296,2025-02-26,CAN02,,134.22,6726,361,5,469.32,13,466,63.29
MKT00297,2025-02-26,CAN03,,134.98,15470,565,15,1286.21,35,565,34.49
MKT00298,2025-02-26,CAN04,CAM008,117.75,9760,322,9,1498.49,11,263,60.28
MKT00299,2025-02-26,CAN05,,26.74,824,157,5,528.74,14,157,38.85
MKT00300,2025-02-26,CAN06,,68.96,6038,373,8,1149.01,20,420,47.8
MKT00301,2025-02-26,CAN07,,94.35,8023,297,9,942.57,18,302,59.46
MKT00302,2025-02-27,CAN01,,183.78,9824,873,17,2294.58,27,873,55.38
MKT00303,2025-02-27,CAN02,,122.99,6376,402,9,1345.6,21,402,46.43
MKT00304,2025-02-27,CAN03,,157.53,15048,643,23,3395.89,59,736,34.61
MKT00305,2025-02-27,CAN04,CAM008,144.21,13960,388,14,1851.74,28,326,41.11
MKT00306,2025-02-27,CAN05,,26.68,1569,355,6,546.9,12,447,63.0
MKT00307,2025-02-27,CAN06,,51.13,7197,245,4,634.92,11,253,33.63
MKT00308,2025-02-27,CAN07,,89.79,5727,175,5,528.27,8,189,52.52
MKT00309,2025-02-28,CAN01,,164.43,7343,386,12,1152.1,35,467,41.83
MKT00310,2025-02-28,CAN02,,124.26,5706,357,5,531.53,11,390,49.2
MKT00311,2025-02-28,CAN03,,137.43,15841,434,16,1387.91,24,471,45.22
MKT00312,2025-02-28,CAN04,CAM008,128.56,9793,313,4,555.81,8,241,48.81
MKT00313,2025-02-28,CAN05,,23.32,1389,199,4,586.72,9,199,61.0
MKT00314,2025-02-28,CAN06,,79.66,3877,211,4,634.14,6,211,44.12
MKT00315,2025-02-28,CAN07,,80.22,5892,164,5,738.41,11,206,54.13
MKT00316,2025-03-01,CAN01,,210.78,11236,646,18,1670.45,43,652,43.13
MKT00317,2025-03-01,CAN02,CAM006,183.18,6888,543,21,1725.3,33,485,62.15
MKT00318,2025-03-01,CAN03,,152.37,14377,415,16,1881.84,36,443,30.45
MKT00319,2025-03-01,CAN04,CAM008,160.83,13041,406,8,1045.84,10,313,30.58
MKT00320,2025-03-01,CAN05,,24.79,1483,267,6,525.75,13,269,59.62
MKT00321,2025-03-01,CAN06,,72.45,7980,506,18,2181.78,36,506,44.99
MKT00322,2025-03-01,CAN07,,106.79,9266,288,4,376.19,6,324,63.66
MKT00323,2025-03-02,CAN01,,201.81,10911,870,14,1464.0,29,1117,41.63
MKT00324,2025-03-02,CAN02,CAM006,222.45,9203,530,15,2320.78,19,447,32.36
MKT00325,2025-03-02,CAN03,,181.6,16016,396,13,1580.79,25,396,56.96
MKT00326,2025-03-02,CAN04,CAM008,128.27,12982,309,11,1343.4,22,243,34.86
MKT00327,2025-03-02,CAN05,,23.46,2099,432,16,2537.12,45,472,59.75
MKT00328,2025-03-02,CAN06,,60.69,7113,301,6,627.4,10,301,52.56
MKT00329,2025-03-02,CAN07,,102.98,10125,344,7,1031.67,12,344,61.86
MKT00330,2025-03-03,CAN01,,211.68,9268,626,9,1366.33,22,632,38.8
MKT00331,2025-03-03,CAN02,CAM006,177.65,7837,516,9,1374.87,11,397,57.03
MKT00332,2025-03-03,CAN03,,153.41,16842,519,10,1307.73,24,519,47.55
MKT00333,2025-03-03,CAN04,CAM008,151.52,15415,565,23,3307.63,26,501,34.86
MKT00334,2025-03-03,CAN05,,26.05,2093,363,8,1202.49,21,382,50.42
MKT00335,2025-03-03,CAN06,,66.49,6434,246,4,495.79,7,284,46.47
MKT00336,2025-03-03,CAN07,,112.73,10060,225,5,795.66,13,244,60.04
MKT00337,2025-03-04,CAN01,,200.89,10038,662,21,2055.4,50,712,55.95
MKT00338,2025-03-04,CAN02,CAM006,227.31,9081,650,22,2955.08,34,626,50.35
MKT00339,2025-03-04,CAN03,,145.8,11976,384,10,1055.29,25,455,57.02
MKT00340,2025-03-04,CAN04,CAM008,156.21,14554,274,11,1717.49,14,211,59.62
MKT00341,2025-03-04,CAN05,,28.85,1754,260,6,769.89,13,301,38.54
MKT00342,2025-03-04,CAN06,,55.98,6605,390,12,1889.32,29,441,58.19
MKT00343,2025-03-04,CAN07,,97.95,7159,155,4,367.26,9,155,31.05
MKT00344,2025-03-05,CAN01,,172.34,7108,471,7,984.3,18,477,47.01
MKT00345,2025-03-05,CAN02,CAM006,171.38,6925,530,15,1827.87,20,414,60.89
MKT00346,2025-03-05,CAN03,,142.78,16195,454,8,876.82,14,496,43.88
MKT00347,2025-03-05,CAN04,CAM008,136.44,13715,444,18,2617.16,20,423,35.83
MKT00348,2025-03-05,CAN05,,29.99,2191,391,11,1201.64,24,405,63.29
MKT00349,2025-03-05,CAN06,,84.27,5176,221,8,776.79,15,258,47.22
MKT00350,2025-03-05,CAN07,,90.58,6356,227,6,935.83,10,227,43.52
MKT00351,2025-03-06,CAN01,,216.04,11153,927,21,2183.18,38,927,61.75
MKT00352,2025-03-06,CAN02,CAM006,220.81,11323,845,33,4330.58,36,739,52.29
MKT00353,2025-03-06,CAN03,,166.18,19117,760,17,2387.07,35,847,30.83
MKT00354,2025-03-06,CAN04,CAM008,149.61,12899,465,12,1133.37,19,387,30.78
MKT00355,2025-03-06,CAN05,,30.63,1350,201,5,453.41,8,252,53.83
MKT00356,2025-03-06,CAN06,,48.51,3063,125,3,343.34,6,135,48.28
MKT00357,2025-03-06,CAN07,,105.72,7609,289,7,1039.98,19,304,35.89
MKT00358,2025-03-07,CAN01,,193.8,9780,748,19,2890.12,40,748,63.41
MKT00359,2025-03-07,CAN02,CAM006,220.37,11184,926,33,3983.41,61,918,38.84
MKT00360,2025-03-07,CAN03,,154.29,14494,515,19,2496.75,33,634,56.23
MKT00361,2025-03-07,CAN04,CAM008,154.66,15394,360,8,902.75,16,355,51.57
MKT00362,2025-03-07,CAN05,,23.79,1936,275,5,672.49,7,325,45.17
MKT00363,2025-03-07,CAN06,,71.01,7506,362,12,1011.63,29,392,43.52
MKT00364,2025-03-07,CAN07,,104.85,6948,233,7,620.59,20,233,56.02
MKT00365,2025-03-08,CAN01,,172.04,8660,683,24,2076.25,65,683,59.49
MKT00366,2025-03-08,CAN02,CAM006,174.02,8360,469,12,1889.99,20,361,38.24
MKT00367,2025-03-08,CAN03,,188.27,19896,702,17,1517.22,34,837,50.44
MKT00368,2025-03-08,CAN04,CAM008,157.53,14571,432,7,850.85,8,333,59.67
MKT00369,2025-03-08,CAN05,,23.4,1249,268,8,948.38,16,325,51.49
MKT00370,2025-03-08,CAN06,,86.57,4448,161,4,385.3,6,173,52.02
MKT00371,2025-03-08,CAN07,,94.05,7147,236,6,699.76,14,236,50.23
MKT00372,2025-03-09,CAN01,,185.82,8185,490,17,1862.33,46,552,49.33
MKT00373,2025-03-09,CAN02,CAM006,180.52,8643,516,16,1788.96,34,397,30.03
MKT00374,2025-03-09,CAN03,,172.57,16937,594,22,2464.37,61,594,40.02
MKT00375,2025-03-09,CAN04,CAM008,143.41,13640,384,15,2202.19,25,382,46.06
MKT00376,2025-03-09,CAN05,,24.2,969,204,4,454.02,6,204,37.0
MKT00377,2025-03-09,CAN06,,54.42,6762,290,10,1579.75,15,354,41.44
MKT00378,2025-03-09,CAN07,,111.79,8982,281,10,1440.41,16,360,34.91
MKT00379,2025-03-10,CAN01,,202.67,10572,806,20,2222.5,30,841,50.28
MKT00380,2025-03-10,CAN02,CAM006,184.92,8618,503,15,1824.44,28,485,42.05
MKT00381,2025-03-10,CAN03,,168.11,15008,381,8,1029.29,12,480,49.42
MKT00382,2025-03-10,CAN04,CAM008,138.06,13111,357,9,1269.1,16,287,47.94
MKT00383,2025-03-10,CAN05,,28.45,1767,414,8,1080.43,20,474,43.41
MKT00384,2025-03-10,CAN06,,47.97,7714,329,10,1126.45,20,329,43.33
MKT00385,2025-03-10,CAN07,,111.89,11126,336,9,1433.19,18,338,60.33
MKT00386,2025-03-11,CAN01,,222.47,8978,647,20,2409.06,54,647,56.07
MKT00387,2025-03-11,CAN02,CAM006,192.51,8006,526,19,1647.18,32,416,59.35
MKT00388,2025-03-11,CAN03,,157.82,15633,420,11,1184.85,22,420,64.11
MKT00389,2025-03-11,CAN04,CAM008,138.5,15097,473,12,1841.17,19,428,31.26
MKT00390,2025-03-11,CAN05,,23.83,2496,504,16,2214.04,38,629,64.01
MKT00391,2025-03-11,CAN06,,84.76,5693,346,8,919.83,12,363,50.05
MKT00392,2025-03-11,CAN07,,92.13,6193,123,3,461.43,6,127,38.95
MKT00393,2025-03-12,CAN01,,227.12,9247,913,24,2149.1,39,913,59.56
MKT00394,2025-03-12,CAN02,CAM006,178.5,7823,453,18,2167.27,32,401,51.64
MKT00395,2025-03-12,CAN03,,184.24,22095,788,16,2542.57,45,788,54.92
MKT00396,2025-03-12,CAN04,CAM008,151.75,12714,357,7,638.04,13,343,34.87
MKT00397,2025-03-12,CAN05,,23.88,2036,556,21,3312.45,57,631,60.4
MKT00398,2025-03-12,CAN06,,51.93,4926,178,5,433.65,8,222,30.95
MKT00399,2025-03-12,CAN07,,90.56,6239,193,6,805.76,16,193,58.18
MKT00400,2025-03-13,CAN01,,229.06,11842,713,18,1793.19,50,752,35.6
MKT00401,2025-03-13,CAN02,CAM006,205.32,8244,496,12,1644.69,22,481,62.55
MKT00402,2025-03-13,CAN03,,159.23,13255,560,10,1418.29,25,629,45.38
MKT00403,2025-03-13,CAN04,CAM008,143.16,15824,512,16,1645.92,20,462,37.71
MKT00404,2025-03-13,CAN05,,29.21,1996,506,18,1590.63,35,534,40.21
MKT00405,2025-03-13,CAN06,,47.07,3417,153,4,427.34,7,197,36.62
MKT00406,2025-03-13,CAN07,,89.01,7705,236,3,281.86,6,260,52.82
MKT00407,2025-03-14,CAN01,,202.0,8752,585,21,1784.76,59,684,56.77
MKT00408,2025-03-14,CAN02,CAM006,193.25,9727,820,14,2102.24,18,670,55.81
MKT00409,2025-03-14,CAN03,,160.75,17999,530,9,1204.31,20,542,34.85
MKT00410,2025-03-14,CAN04,CAM008,146.07,11887,265,7,866.03,12,224,46.85
MKT00411,2025-03-14,CAN05,,29.68,2366,516,12,1531.39,26,516,45.56
MKT00412,2025-03-14,CAN06,,58.65,7983,306,4,562.27,9,383,33.8
MKT00413,2025-03-14,CAN07,,112.64,9484,247,8,1101.21,18,298,56.0
MKT00414,2025-03-15,CAN01,,184.66,9366,631,9,1015.76,20,810,37.85
MKT00415,2025-03-15,CAN02,CAM006,191.5,9366,578,14,2106.93,24,568,56.49
MKT00416,2025-03-15,CAN03,,176.83,20733,672,25,3597.83,52,672,30.58
MKT00417,2025-03-15,CAN04,CAM008,139.59,12688,327,11,993.68,23,252,49.74
MKT00418,2025-03-15,CAN05,,27.64,805,191,6,561.41,11,203,45.74
MKT00419,2025-03-15,CAN06,,64.89,7001,366,7,987.12,18,457,59.27
MKT00420,2025-03-15,CAN07,,87.35,8185,253,6,568.83,16,328,35.22
MKT00421,2025-03-16,CAN01,,189.52,9252,752,17,2571.14,38,769,64.7
MKT00422,2025-03-16,CAN02,CAM006,175.38,7855,598,15,2355.98,18,486,57.77
MKT00423,2025-03-16,CAN03,,150.9,15455,533,11,1350.67,25,598,63.5
MKT00424,2025-03-16,CAN04,CAM008,141.13,14194,432,15,2084.24,22,368,34.81
MKT00425,2025-03-16,CAN05,,29.94,817,154,3,314.88,8,192,31.33
MKT00426,2025-03-16,CAN06,,60.64,3198,176,5,676.51,11,176,35.66
MKT00427,2025-03-16,CAN07,,97.43,8554,177,3,315.82,5,194,30.02
MKT00428,2025-03-17,CAN01,,205.14,9570,839,26,3649.02,41,839,34.12
MKT00429,2025-03-17,CAN02,CAM006,179.09,6988,577,19,2406.56,31,527,33.02
MKT00430,2025-03-17,CAN03,,173.95,16645,679,18,2528.84,30,849,60.7
MKT00431,2025-03-17,CAN04,CAM008,166.0,18096,621,14,2209.51,20,478,49.88
MKT00432,2025-03-17,CAN05,,28.73,1338,265,8,1162.64,20,325,45.44
MKT00433,2025-03-17,CAN06,,71.31,4280,231,3,463.77,6,231,41.72
MKT00434,2025-03-17,CAN07,,87.16,7547,328,12,1169.7,34,328,33.31
MKT00435,2025-03-18,CAN01,,211.1,8791,620,9,1314.59,14,647,59.23
MKT00436,2025-03-18,CAN02,CAM006,170.67,6510,438,11,1237.14,20,350,44.73
MKT00437,2025-03-18,CAN03,,188.83,22628,712,25,2575.89,74,712,49.29
MKT00438,2025-03-18,CAN04,CAM008,168.94,18737,468,8,1211.15,13,360,46.88
MKT00439,2025-03-18,CAN05,,30.51,1857,492,15,1290.46,41,627,45.14
MKT00440,2025-03-18,CAN06,,79.11,5986,189,6,861.73,11,215,47.34
MKT00441,2025-03-18,CAN07,,105.98,7909,207,4,612.82,8,234,36.94
MKT00442,2025-03-19,CAN01,,185.34,9602,749,21,1828.52,46,793,38.85
MKT00443,2025-03-19,CAN02,CAM006,214.73,10318,806,25,3532.09,47,713,36.36
MKT00444,2025-03-19,CAN03,,174.0,17095,554,12,1596.04,25,685,32.55
MKT00445,2025-03-19,CAN04,CAM008,131.69,13498,379,12,1970.91,14,342,58.58
MKT00446,2025-03-19,CAN05,,26.13,1847,444,17,1992.53,49,539,34.73
MKT00447,2025-03-19,CAN06,,73.34,4948,238,8,840.03,13,241,50.72
MKT00448,2025-03-19,CAN07,,92.49,6297,169,6,776.16,16,181,31.06
MKT00449,2025-03-20,CAN01,,174.02,9419,666,21,2650.77,53,731,58.94
MKT00450,2025-03-20,CAN02,CAM006,204.52,10290,682,28,3622.29,32,525,51.47
MKT00451,2025-03-20,CAN03,,184.54,18112,626,13,1902.58,22,658,58.79
MKT00452,2025-03-20,CAN04,CAM008,142.16,15350,479,15,2270.17,18,400,50.54
MKT00453,2025-03-20,CAN05,,26.55,1982,344,6,724.84,11,421,60.89
MKT00454,2025-03-20,CAN06,,72.96,3461,120,4,402.46,9,138,51.35
MKT00455,2025-03-20,CAN07,,95.36,6342,216,7,849.67,10,221,39.24
MKT00456,2025-03-21,CAN01,,199.48,8145,818,29,3616.28,64,818,55.15
MKT00457,2025-03-21,CAN02,CAM006,207.51,10101,578,21,2917.08,37,445,43.69
MKT00458,2025-03-21,CAN03,,154.62,17141,467,13,1207.43,21,543,56.13
MKT00459,2025-03-21,CAN04,CAM008,152.59,12397,464,9,799.39,16,428,45.95
MKT00460,2025-03-21,CAN05,,24.05,2423,425,14,1402.64,40,549,55.29
MKT00461,2025-03-21,CAN06,,85.11,7456,317,12,1227.73,20,351,34.73
MKT00462,2025-03-21,CAN07,,98.85,6792,262,5,750.62,13,262,46.85
MKT00463,2025-03-22,CAN01,,206.27,10234,689,22,2587.94,41,747,47.54
MKT00464,2025-03-22,CAN02,CAM006,174.85,6588,495,16,2077.85,32,484,52.34
MKT00465,2025-03-22,CAN03,,152.39,14797,357,10,1306.63,23,400,61.77
MKT00466,2025-03-22,CAN04,CAM008,142.73,14394,360,11,1089.8,18,282,43.16
MKT00467,2025-03-22,CAN05,,27.01,1945,288,11,937.4,31,288,64.7
MKT00468,2025-03-22,CAN06,,54.14,7679,358,7,680.16,13,422,46.01
MKT00469,2025-03-22,CAN07,,114.6,9773,315,7,996.07,12,348,59.75
MKT00470,2025-03-23,CAN01,,190.47,9279,717,22,2683.9,39,839,61.21
MKT00471,2025-03-23,CAN02,CAM006,215.04,10105,640,11,1261.05,20,596,43.91
MKT00472,2025-03-23,CAN03,,155.72,14422,541,11,1094.33,22,541,48.05
MKT00473,2025-03-23,CAN04,CAM008,167.97,17339,536,14,2233.28,28,517,50.32
MKT00474,2025-03-23,CAN05,,26.44,1575,277,6,566.55,16,284,32.11
MKT00475,2025-03-23,CAN06,,48.23,3699,132,2,266.26,5,160,43.55
MKT00476,2025-03-23,CAN07,,92.33,8286,211,7,770.35,11,211,50.52
MKT00477,2025-03-24,CAN01,,221.51,9162,521,20,2616.12,50,521,53.23
MKT00478,2025-03-24,CAN02,CAM006,185.61,7242,548,12,1586.72,15,449,55.58
MKT00479,2025-03-24,CAN03,,157.62,13262,472,18,1519.98,31,472,37.44
MKT00480,2025-03-24,CAN04,CAM008,142.08,14747,401,14,1731.44,23,328,35.46
MKT00481,2025-03-24,CAN05,,30.06,1062,265,9,934.23,16,316,50.82
MKT00482,2025-03-24,CAN06,,47.15,6102,178,3,451.47,6,178,54.42
MKT00483,2025-03-24,CAN07,,101.58,9552,236,5,538.42,13,282,37.92
MKT00484,2025-03-25,CAN01,,170.05,7636,632,13,1048.67,31,814,42.76
MKT00485,2025-03-25,CAN02,CAM006,179.46,7830,566,16,1518.87,20,436,55.29
MKT00486,2025-03-25,CAN03,,155.82,17379,568,12,1031.28,25,568,40.42
MKT00487,2025-03-25,CAN04,CAM008,128.64,11736,410,14,1619.66,24,364,62.91
MKT00488,2025-03-25,CAN05,,23.46,1682,376,13,1947.44,27,396,50.94
MKT00489,2025-03-25,CAN06,,54.31,5859,213,3,456.64,8,213,64.71
MKT00490,2025-03-25,CAN07,,105.13,7916,310,10,1077.68,17,364,56.65
MKT00491,2025-03-26,CAN01,,177.5,7257,773,21,3064.73,56,955,52.11
MKT00492,2025-03-26,CAN02,CAM006,184.35,7148,627,15,1876.41,22,549,56.05
MKT00493,2025-03-26,CAN03,,185.43,15028,393,12,1514.82,24,490,35.07
MKT00494,2025-03-26,CAN04,CAM008,164.09,15042,338,8,876.48,13,287,64.29
MKT00495,2025-03-26,CAN05,,22.76,1864,380,15,2166.44,32,487,39.51
MKT00496,2025-03-26,CAN06,,83.39,7396,517,13,1609.0,30,666,41.08
MKT00497,2025-03-26,CAN07,,111.89,10715,349,6,549.47,13,391,53.0
MKT00498,2025-03-27,CAN01,,200.25,10721,937,34,3753.71,92,1096,47.83
MKT00499,2025-03-27,CAN02,CAM006,179.48,8744,674,21,2364.08,35,563,46.94
MKT00500,2025-03-27,CAN03,,185.6,17870,540,9,1382.33,14,676,53.56
MKT00501,2025-03-27,CAN04,CAM008,153.54,12331,354,14,1982.08,17,273,55.8
MKT00502,2025-03-27,CAN05,,24.01,1561,288,11,944.32,29,315,56.16
MKT00503,2025-03-27,CAN06,,69.26,5450,221,5,593.13,8,237,37.34
MKT00504,2025-03-27,CAN07,,109.51,10908,389,11,1514.85,19,397,63.43
MKT00505,2025-03-28,CAN01,,175.15,7614,608,15,1583.1,22,763,30.49
MKT00506,2025-03-28,CAN02,CAM006,225.45,9021,783,30,2555.13,36,646,59.24
MKT00507,2025-03-28,CAN03,,166.16,14036,433,12,1498.52,28,512,60.71
MKT00508,2025-03-28,CAN04,CAM008,129.85,10466,334,9,834.47,14,262,36.83
MKT00509,2025-03-28,CAN05,,24.81,1427,298,11,1518.26,25,304,48.76
MKT00510,2025-03-28,CAN06,,51.88,4657,239,7,1072.82,15,250,40.62
MKT00511,2025-03-28,CAN07,,109.88,9245,337,12,1010.09,35,337,52.86
MKT00512,2025-03-29,CAN01,,197.8,9728,758,18,1794.3,30,963,54.12
MKT00513,2025-03-29,CAN02,CAM006,206.04,8612,557,16,2566.33,25,429,58.22
MKT00514,2025-03-29,CAN03,,147.16,12064,535,13,1265.63,22,535,63.88
MKT00515,2025-03-29,CAN04,CAM008,146.76,15804,491,16,1691.96,24,378,52.16
MKT00516,2025-03-29,CAN05,,27.83,1026,208,4,384.89,9,239,45.67
MKT00517,2025-03-29,CAN06,,74.21,3664,103,4,367.41,11,103,63.78
MKT00518,2025-03-29,CAN07,,103.31,9629,243,8,1071.68,16,258,53.34
MKT00519,2025-03-30,CAN01,,170.5,7887,586,14,1497.16,40,620,33.31
MKT00520,2025-03-30,CAN02,CAM006,190.77,9562,562,16,2421.24,27,433,63.53
MKT00521,2025-03-30,CAN03,,175.35,14387,362,9,1212.44,23,395,57.91
MKT00522,2025-03-30,CAN04,CAM008,156.28,12763,304,11,1553.12,22,261,62.1
MKT00523,2025-03-30,CAN05,,29.9,1522,277,10,1195.23,17,354,38.53
MKT00524,2025-03-30,CAN06,,84.69,3067,168,4,488.74,7,210,50.18
MKT00525,2025-03-30,CAN07,,109.33,7425,159,4,355.24,7,169,31.47
MKT00526,2025-03-31,CAN01,,186.19,8792,487,13,1732.58,19,487,47.8
MKT00527,2025-03-31,CAN02,CAM006,222.58,9819,491,8,1160.59,17,482,42.77
MKT00528,2025-03-31,CAN03,,174.3,14701,573,16,2441.65,25,590,36.55
MKT00529,2025-03-31,CAN04,CAM008,154.75,13077,323,9,1473.71,12,249,51.32
MKT00530,2025-03-31,CAN05,,28.16,1158,207,4,416.75,10,207,48.04
MKT00531,2025-03-31,CAN06,,54.78,6461,248,5,455.86,11,265,50.29
MKT00532,2025-03-31,CAN07,,111.73,10378,345,10,1038.48,28,430,30.42
MKT00533,2025-04-01,CAN01,,207.97,9920,512,17,2596.78,43,512,55.48
MKT00534,2025-04-01,CAN02,,135.67,6279,453,10,1589.74,17,523,36.69
MKT00535,2025-04-01,CAN03,,153.79,16475,482,12,1709.8,30,531,63.22
MKT00536,2025-04-01,CAN04,CAM009,129.57,10630,449,8,814.84,15,356,44.76
MKT00537,2025-04-01,CAN05,,25.17,1175,338,5,776.88,13,357,57.99
MKT00538,2025-04-01,CAN06,,77.56,5781,301,11,1478.78,23,385,44.44
MKT00539,2025-04-01,CAN07,,111.1,8226,244,5,660.08,13,296,30.13
MKT00540,2025-04-02,CAN01,,196.43,8553,720,21,1899.41,59,720,48.11
MKT00541,2025-04-02,CAN02,,114.38,4891,272,8,953.11,12,342,30.13
MKT00542,2025-04-02,CAN03,,150.99,13511,503,19,2393.64,51,535,44.63
MKT00543,2025-04-02,CAN04,CAM009,165.93,15842,600,14,1949.15,24,540,48.34
MKT00544,2025-04-02,CAN05,,23.4,2213,398,6,557.25,14,483,40.21
MKT00545,2025-04-02,CAN06,,53.33,4060,138,2,283.3,5,138,31.31
MKT00546,2025-04-02,CAN07,,86.84,5385,161,3,240.35,4,161,36.96
MKT00547,2025-04-03,CAN01,,170.1,7666,608,9,737.22,19,608,30.69
MKT00548,2025-04-03,CAN02,,141.13,6334,402,11,1260.42,23,402,58.56
MKT00549,2025-04-03,CAN03,,181.07,16409,492,10,1481.1,15,492,42.33
MKT00550,2025-04-03,CAN04,CAM009,146.38,16087,374,12,2004.23,20,347,62.56
MKT00551,2025-04-03,CAN05,,27.74,1353,237,6,665.16,17,237,49.19
MKT00552,2025-04-03,CAN06,,69.79,4371,219,6,852.3,14,224,57.83
MKT00553,2025-04-03,CAN07,,92.45,8638,158,4,470.94,9,158,51.43
MKT00554,2025-04-04,CAN01,,184.46,9539,766,21,2664.78,59,920,48.75
MKT00555,2025-04-04,CAN02,,124.61,6464,530,18,2711.25,36,619,47.56
MKT00556,2025-04-04,CAN03,,150.82,15353,381,12,1006.9,23,381,39.34
MKT00557,2025-04-04,CAN04,CAM009,152.44,16211,382,15,1665.61,30,295,62.14
MKT00558,2025-04-04,CAN05,,29.29,1120,306,8,649.55,19,364,55.42
MKT00559,2025-04-04,CAN06,,81.36,5737,245,7,763.13,13,245,58.03
MKT00560,2025-04-04,CAN07,,97.35,7946,161,2,214.8,4,188,63.99
MKT00561,2025-04-05,CAN01,,221.63,9340,732,14,1600.28,28,732,53.29
MKT00562,2025-04-05,CAN02,,139.61,5853,440,13,1924.83,38,440,39.82
MKT00563,2025-04-05,CAN03,,176.1,16176,675,18,2719.78,42,679,60.67
MKT00564,2025-04-05,CAN04,CAM009,140.02,10970,256,4,573.34,5,200,55.68
MKT00565,2025-04-05,CAN05,,22.69,2029,323,10,1346.89,20,323,47.75
MKT00566,2025-04-05,CAN06,,48.85,6628,419,7,800.21,13,419,56.74
MKT00567,2025-04-05,CAN07,,108.3,7125,213,5,648.54,12,235,30.56
MKT00568,2025-04-06,CAN01,,216.41,10394,744,20,2465.69,48,784,62.86
MKT00569,2025-04-06,CAN02,,126.49,5199,293,9,1414.02,21,379,32.07
MKT00570,2025-04-06,CAN03,,179.96,14989,481,16,1886.72,27,581,40.95
MKT00571,2025-04-06,CAN04,CAM009,134.0,10392,293,11,1085.85,22,255,46.9
MKT00572,2025-04-06,CAN05,,26.11,1572,358,11,1369.82,20,401,58.83
MKT00573,2025-04-06,CAN06,,60.65,5948,217,7,605.12,15,273,54.34
MKT00574,2025-04-06,CAN07,,93.47,7547,183,2,229.35,3,210,59.35
MKT00575,2025-04-07,CAN01,,185.7,8667,779,20,1938.72,55,933,33.83
MKT00576,2025-04-07,CAN02,,130.01,5857,488,12,1005.49,30,488,54.46
MKT00577,2025-04-07,CAN03,,173.16,15072,455,16,1316.97,31,590,64.58
MKT00578,2025-04-07,CAN04,CAM009,141.99,13872,405,7,697.72,13,315,51.0
MKT00579,2025-04-07,CAN05,,28.53,2033,398,8,1077.2,15,398,42.3
MKT00580,2025-04-07,CAN06,,80.67,4276,249,8,715.01,14,249,62.67
MKT00581,2025-04-07,CAN07,,95.36,5937,217,6,911.95,14,280,42.2
MKT00582,2025-04-08,CAN01,,173.6,7598,597,13,2079.78,34,694,34.79
MKT00583,2025-04-08,CAN02,,152.95,6548,436,9,1318.79,26,562,45.49
MKT00584,2025-04-08,CAN03,,162.63,15912,585,12,1758.99,25,585,43.85
MKT00585,2025-04-08,CAN04,CAM009,155.1,14432,410,14,1267.49,17,316,32.43
MKT00586,2025-04-08,CAN05,,26.34,1912,433,14,1974.47,36,555,33.68
MKT00587,2025-04-08,CAN06,,61.27,4439,237,7,612.97,18,293,46.85
MKT00588,2025-04-08,CAN07,,110.21,9094,325,6,852.08,14,367,36.87
MKT00589,2025-04-09,CAN01,,175.45,7465,523,18,2330.07,40,569,48.3
MKT00590,2025-04-09,CAN02,,129.99,5556,573,18,1570.28,38,612,49.0
MKT00591,2025-04-09,CAN03,,161.6,19312,633,19,1952.28,37,715,30.18
MKT00592,2025-04-09,CAN04,CAM009,161.15,17630,421,9,1425.58,17,385,58.7
MKT00593,2025-04-09,CAN05,,27.5,1749,407,15,1764.11,24,490,58.54
MKT00594,2025-04-09,CAN06,,74.97,4167,193,3,298.47,5,227,54.04
MKT00595,2025-04-09,CAN07,,99.67,6187,194,4,602.81,9,246,61.4
MKT00596,2025-04-10,CAN01,,204.27,10179,790,23,2957.03,37,790,55.6
MKT00597,2025-04-10,CAN02,,122.36,5765,434,17,1815.46,25,497,43.96
MKT00598,2025-04-10,CAN03,,144.28,14016,328,6,494.29,15,358,44.9
MKT00599,2025-04-10,CAN04,CAM009,159.7,12441,434,15,1714.69,17,338,49.53
MKT00600,2025-04-10,CAN05,,24.39,2480,497,13,1727.48,21,508,40.39
MKT00601,2025-04-10,CAN06,,56.41,6809,447,10,1319.04,25,541,42.3
MKT00602,2025-04-10,CAN07,,89.34,6175,150,2,295.76,5,164,51.62
MKT00603,2025-04-11,CAN01,,200.75,8164,616,19,2908.34,28,616,30.09
MKT00604,2025-04-11,CAN02,,151.06,7475,593,15,1683.46,28,692,48.01
MKT00605,2025-04-11,CAN03,,166.97,14110,511,13,1855.95,38,511,35.12
MKT00606,2025-04-11,CAN04,CAM009,132.3,12842,322,5,718.12,9,248,54.02
MKT00607,2025-04-11,CAN05,,27.1,2296,553,21,3091.24,40,635,51.49
MKT00608,2025-04-11,CAN06,,55.46,4924,338,10,1303.05,21,338,51.46
MKT00609,2025-04-11,CAN07,,86.07,8249,216,7,642.68,19,242,54.75
MKT00610,2025-04-12,CAN01,,180.96,8253,566,15,1363.09,38,584,34.62
MKT00611,2025-04-12,CAN02,,138.85,5612,353,13,1911.83,28,353,51.59
MKT00612,2025-04-12,CAN03,,159.66,17694,651,17,2349.61,48,728,57.35
MKT00613,2025-04-12,CAN04,CAM009,148.73,12157,297,11,1346.37,19,229,62.07
MKT00614,2025-04-12,CAN05,,25.8,1522,231,6,739.6,12,248,47.55
MKT00615,2025-04-12,CAN06,,77.13,7870,377,11,1259.75,17,445,56.15
MKT00616,2025-04-12,CAN07,,112.54,6789,137,4,415.61,6,137,49.54
MKT00617,2025-04-13,CAN01,,170.15,7708,479,18,1454.98,36,533,42.98
MKT00618,2025-04-13,CAN02,,120.94,6084,489,10,947.16,19,489,62.04
MKT00619,2025-04-13,CAN03,,187.29,22459,716,14,2193.93,37,756,33.43
MKT00620,2025-04-13,CAN04,CAM009,150.98,16770,408,14,1692.88,16,370,50.87
MKT00621,2025-04-13,CAN05,,28.24,2082,422,9,1242.8,23,479,56.49
MKT00622,2025-04-13,CAN06,,57.08,6579,307,4,557.13,10,363,32.41
MKT00623,2025-04-13,CAN07,,112.92,10936,428,12,1449.26,30,472,40.18
MKT00624,2025-04-14,CAN01,,212.91,9408,973,23,3149.62,63,997,36.41
MKT00625,2025-04-14,CAN02,,136.97,6773,378,9,1139.55,15,455,37.77
MKT00626,2025-04-14,CAN03,,178.58,20690,615,24,2755.65,55,689,42.12
MKT00627,2025-04-14,CAN04,CAM009,131.94,10061,295,8,723.34,10,278,42.33
MKT00628,2025-04-14,CAN05,,29.84,838,173,6,861.58,13,173,56.44
MKT00629,2025-04-14,CAN06,,47.4,7402,359,10,1504.09,27,452,37.31
MKT00630,2025-04-14,CAN07,,110.39,9297,248,6,740.91,12,248,53.24
MKT00631,2025-04-15,CAN01,,179.45,9417,816,14,1970.13,41,1005,59.49
MKT00632,2025-04-15,CAN02,,126.01,6532,651,22,2476.76,60,706,35.66
MKT00633,2025-04-15,CAN03,,142.39,11741,368,10,1427.68,23,368,36.78
MKT00634,2025-04-15,CAN04,CAM009,137.4,14452,410,8,1288.36,17,343,55.12
MKT00635,2025-04-15,CAN05,,29.01,958,177,4,505.54,6,177,33.53
MKT00636,2025-04-15,CAN06,,58.24,5846,220,5,528.6,11,242,41.34
MKT00637,2025-04-15,CAN07,,98.91,9796,314,5,724.06,14,339,58.99
MKT00638,2025-04-16,CAN01,,225.86,10207,695,21,2017.67,52,841,30.01
MKT00639,2025-04-16,CAN02,,152.24,7043,712,22,2715.86,44,712,54.86
MKT00640,2025-04-16,CAN03,,188.41,19778,622,10,1228.93,20,788,32.48
MKT00641,2025-04-16,CAN04,CAM009,133.38,14356,583,21,2165.34,29,500,33.69
MKT00642,2025-04-16,CAN05,,29.13,1934,363,13,1063.0,35,462,32.35
MKT00643,2025-04-16,CAN06,,59.33,3148,125,3,461.9,7,140,30.73
MKT00644,2025-04-16,CAN07,,113.92,8959,245,9,852.08,17,302,31.55
MKT00645,2025-04-17,CAN01,,226.23,11811,687,22,3173.48,54,687,51.0
MKT00646,2025-04-17,CAN02,,120.45,6348,471,17,2312.91,41,515,46.24
MKT00647,2025-04-17,CAN03,,177.99,18724,480,11,1422.7,31,480,37.2
MKT00648,2025-04-17,CAN04,CAM009,165.6,17274,546,9,858.84,18,432,47.62
MKT00649,2025-04-17,CAN05,,23.94,2356,404,11,1575.73,18,517,53.92
MKT00650,2025-04-17,CAN06,,57.41,3352,155,3,243.49,5,190,53.42
MKT00651,2025-04-17,CAN07,,103.17,8339,189,3,449.56,8,217,52.26
MKT00652,2025-04-18,CAN01,,184.52,8055,724,26,2290.55,67,753,41.03
MKT00653,2025-04-18,CAN02,,124.58,5992,356,11,1582.93,28,390,41.7
MKT00654,2025-04-18,CAN03,,188.55,21260,474,7,1042.0,16,474,64.82
MKT00655,2025-04-18,CAN04,CAM009,159.56,16608,319,8,1039.53,16,246,37.51
MKT00656,2025-04-18,CAN05,,29.15,1667,264,4,400.09,8,271,58.66
MKT00657,2025-04-18,CAN06,,81.3,7200,353,8,1264.91,14,353,34.16
MKT00658,2025-04-18,CAN07,,97.39,5872,170,5,548.82,13,170,31.64
MKT00659,2025-04-19,CAN01,,203.83,10077,894,27,2548.94,72,1160,40.18
MKT00660,2025-04-19,CAN02,,137.84,7092,346,7,771.6,11,361,34.78
MKT00661,2025-04-19,CAN03,,186.5,16062,582,22,2788.14,44,636,58.62
MKT00662,2025-04-19,CAN04,CAM009,162.84,14009,495,11,1132.73,18,409,40.54
MKT00663,2025-04-19,CAN05,,29.58,1694,412,9,1191.87,20,434,44.96
MKT00664,2025-04-19,CAN06,,81.58,3540,185,6,885.45,12,211,56.66
MKT00665,2025-04-19,CAN07,,103.22,6245,180,3,247.75,5,188,45.12
MKT00666,2025-04-20,CAN01,,197.88,10468,615,22,2103.89,53,780,51.9
MKT00667,2025-04-20,CAN02,,142.7,6352,615,9,1032.81,17,665,64.86
MKT00668,2025-04-20,CAN03,,167.27,14033,396,8,982.62,17,505,62.99
MKT00669,2025-04-20,CAN04,CAM009,158.13,15742,473,18,2184.18,29,370,35.55
MKT00670,2025-04-20,CAN05,,23.96,2127,588,19,2733.1,28,588,41.27
MKT00671,2025-04-20,CAN06,,53.74,3655,196,3,457.26,5,196,50.59
MKT00672,2025-04-20,CAN07,,106.56,7791,206,7,599.63,15,219,30.41
MKT00673,2025-04-21,CAN01,,171.53,8702,500,8,773.3,23,646,38.65
MKT00674,2025-04-21,CAN02,,121.14,5538,379,12,1102.33,31,444,37.05
MKT00675,2025-04-21,CAN03,,145.22,16482,579,21,2373.06,37,579,59.65
MKT00676,2025-04-21,CAN04,CAM009,143.66,11436,244,4,462.55,4,188,31.2
MKT00677,2025-04-21,CAN05,,28.99,1165,233,7,648.28,12,295,30.27
MKT00678,2025-04-21,CAN06,,76.91,4788,174,5,648.74,9,221,36.56
MKT00679,2025-04-21,CAN07,,109.66,6896,288,5,750.38,7,370,58.3
MKT00680,2025-04-22,CAN01,,203.81,8410,505,14,1890.43,24,552,52.62
MKT00681,2025-04-22,CAN02,,144.86,6786,474,11,1437.6,23,501,34.3
MKT00682,2025-04-22,CAN03,,145.68,14279,559,22,2214.46,36,690,42.6
MKT00683,2025-04-22,CAN04,CAM009,140.37,15446,621,23,2543.55,50,544,36.43
MKT00684,2025-04-22,CAN05,,30.18,926,154,5,602.3,7,154,36.33
MKT00685,2025-04-22,CAN06,,60.74,4363,163,3,279.84,5,199,33.78
MKT00686,2025-04-22,CAN07,,106.59,7694,257,5,416.6,10,305,35.01
MKT00687,2025-04-23,CAN01,,188.67,10298,679,15,2153.14,24,679,31.97
MKT00688,2025-04-23,CAN02,,134.46,5734,343,10,1160.71,23,343,56.98
MKT00689,2025-04-23,CAN03,,151.42,12310,502,15,1345.49,27,588,60.25
MKT00690,2025-04-23,CAN04,CAM009,168.84,13129,513,9,1348.34,20,395,49.36
MKT00691,2025-04-23,CAN05,,28.9,1390,256,7,1047.3,17,325,35.51
MKT00692,2025-04-23,CAN06,,59.8,4079,143,2,259.7,4,143,40.2
MKT00693,2025-04-23,CAN07,,111.64,9480,383,14,1224.67,38,401,38.01
MKT00694,2025-04-24,CAN01,,194.11,9623,747,20,3129.33,33,811,34.06
MKT00695,2025-04-24,CAN02,,142.33,7560,544,14,1301.75,40,544,60.15
MKT00696,2025-04-24,CAN03,,161.18,14939,486,13,2005.97,34,570,58.47
MKT00697,2025-04-24,CAN04,CAM009,145.44,14117,451,8,1083.29,16,347,51.7
MKT00698,2025-04-24,CAN05,,23.62,1006,137,5,778.25,11,139,40.14
MKT00699,2025-04-24,CAN06,,68.43,6290,303,6,503.66,10,360,46.2
MKT00700,2025-04-24,CAN07,,85.11,5264,207,5,779.66,12,220,37.96
MKT00701,2025-04-25,CAN01,,177.48,7444,609,23,3368.32,50,609,43.85
MKT00702,2025-04-25,CAN02,,150.01,6977,708,11,1234.12,32,708,39.33
MKT00703,2025-04-25,CAN03,,158.58,16171,625,17,2248.46,45,762,39.3
MKT00704,2025-04-25,CAN04,CAM009,133.63,11680,456,15,1861.72,21,365,47.57
MKT00705,2025-04-25,CAN05,,27.14,2481,374,9,1356.83,20,398,63.18
MKT00706,2025-04-25,CAN06,,85.55,7741,270,9,786.11,19,301,37.45
MKT00707,2025-04-25,CAN07,,90.48,5713,160,2,225.98,4,198,43.68
MKT00708,2025-04-26,CAN01,,187.89,10232,726,24,3052.51,69,726,40.11
MKT00709,2025-04-26,CAN02,,139.44,6365,626,18,2065.4,45,639,58.59
MKT00710,2025-04-26,CAN03,,150.81,14233,454,14,1132.96,21,454,32.87
MKT00711,2025-04-26,CAN04,CAM009,136.94,11153,457,11,1742.36,16,388,33.45
MKT00712,2025-04-26,CAN05,,27.68,817,198,6,704.28,10,198,52.12
MKT00713,2025-04-26,CAN06,,51.34,3852,194,3,329.8,7,194,54.82
MKT00714,2025-04-26,CAN07,,114.3,6970,174,5,715.53,10,199,62.7
MKT00715,2025-04-27,CAN01,,206.82,10344,700,24,2956.07,42,831,38.09
MKT00716,2025-04-27,CAN02,,146.93,6229,436,9,989.04,19,532,37.51
MKT00717,2025-04-27,CAN03,,174.97,17609,532,15,1284.93,39,608,59.75
MKT00718,2025-04-27,CAN04,CAM009,141.75,12294,338,8,1141.11,16,266,52.61
MKT00719,2025-04-27,CAN05,,29.96,997,194,4,363.88,11,194,43.1
MKT00720,2025-04-27,CAN06,,69.91,4000,201,3,462.14,6,238,36.73
MKT00721,2025-04-27,CAN07,,109.72,10420,370,5,694.14,9,399,64.04
MKT00722,2025-04-28,CAN01,,198.13,10715,560,20,2396.03,43,720,40.39
MKT00723,2025-04-28,CAN02,,152.97,8294,746,28,2357.69,62,833,63.41
MKT00724,2025-04-28,CAN03,CAM001,230.19,18131,673,18,1956.22,24,541,61.91
MKT00725,2025-04-28,CAN04,CAM009,145.08,15702,544,22,1990.7,36,465,57.08
MKT00726,2025-04-28,CAN05,,29.32,1827,328,10,906.89,25,415,52.77
MKT00727,2025-04-28,CAN06,,78.92,4823,304,6,598.69,9,385,46.56
MKT00728,2025-04-28,CAN07,,102.08,8310,227,8,1220.84,13,246,61.05
MKT00729,2025-04-29,CAN01,,207.3,8453,833,31,3639.33,78,949,38.27
MKT00730,2025-04-29,CAN02,,122.43,6305,554,17,2359.06,48,696,52.42
MKT00731,2025-04-29,CAN03,CAM001,280.19,23185,540,14,1902.98,15,426,41.92
MKT00732,2025-04-29,CAN04,CAM009,130.86,9966,299,5,879.97,9,284,39.62
MKT00733,2025-04-29,CAN05,,25.03,1640,380,11,1593.46,16,380,61.6
MKT00734,2025-04-29,CAN06,,47.28,5439,214,6,920.89,16,230,42.27
MKT00735,2025-04-29,CAN07,,96.46,6784,256,5,535.92,11,256,48.63
MKT00736,2025-04-30,CAN01,,200.23,9714,685,10,941.69,15,784,44.77
MKT00737,2025-04-30,CAN02,,128.94,5547,450,14,1890.45,33,506,34.66
MKT00738,2025-04-30,CAN03,CAM001,262.83,24270,536,12,1672.3,25,413,54.19
MKT00739,2025-04-30,CAN04,CAM009,140.44,15314,484,9,1051.05,14,427,44.59
MKT00740,2025-04-30,CAN05,,25.66,1405,283,8,706.38,19,297,57.38
MKT00741,2025-04-30,CAN06,,51.77,4956,240,9,1168.26,17,240,34.22
MKT00742,2025-04-30,CAN07,,89.55,8165,190,4,417.57,6,197,37.31
MKT00743,2025-05-01,CAN01,,245.0,12129,1096,33,2924.54,75,1217,42.28
MKT00744,2025-05-01,CAN02,,156.27,8065,509,16,2061.1,39,538,31.93
MKT00745,2025-05-01,CAN03,CAM001,323.59,31079,921,19,2773.09,21,709,47.05
MKT00746,2025-05-01,CAN04,CAM009,176.32,14513,357,8,748.02,11,332,41.88
MKT00747,2025-05-01,CAN05,,34.15,1511,315,6,509.09,10,315,47.04
MKT00748,2025-05-01,CAN06,,69.03,5974,318,7,949.93,12,318,39.1
MKT00749,2025-05-01,CAN07,,126.42,8850,344,7,1111.26,13,385,60.38
MKT00750,2025-05-02,CAN01,,226.47,11042,910,32,3633.59,50,1162,54.43
MKT00751,2025-05-02,CAN02,,198.39,8722,696,26,3928.4,40,723,36.51
MKT00752,2025-05-02,CAN03,CAM001,331.38,27291,825,23,2335.76,46,675,34.15
MKT00753,2025-05-02,CAN04,CAM009,223.5,21674,806,28,3801.04,31,674,41.66
MKT00754,2025-05-02,CAN05,,35.25,958,146,4,390.27,10,184,53.31
MKT00755,2025-05-02,CAN06,,48.62,5311,225,8,1233.46,22,273,40.73
MKT00756,2025-05-02,CAN07,,125.96,12172,469,13,2031.01,21,487,55.78
MKT00757,2025-05-03,CAN01,,238.93,9751,857,28,3251.99,77,928,59.21
MKT00758,2025-05-03,CAN02,,198.47,10643,819,30,2640.29,68,874,61.28
MKT00759,2025-05-03,CAN03,CAM001,336.44,34949,1285,35,3416.48,48,1186,50.82
MKT00760,2025-05-03,CAN04,CAM009,204.57,21460,470,9,1032.08,11,369,63.66
MKT00761,2025-05-03,CAN05,,30.47,2212,376,11,1093.31,25,478,63.61
MKT00762,2025-05-03,CAN06,,55.75,4377,175,6,954.05,14,175,41.32
MKT00763,2025-05-03,CAN07,,136.77,12403,451,12,1731.72,18,456,46.27
MKT00764,2025-05-04,CAN01,,235.54,12665,1258,46,7293.58,129,1258,30.24
MKT00765,2025-05-04,CAN02,,188.19,9834,808,27,2214.9,80,953,56.38
MKT00766,2025-05-04,CAN03,CAM001,340.35,27056,778,12,1626.0,17,741,47.63
MKT00767,2025-05-04,CAN04,CAM009,170.43,14659,367,14,2027.26,17,297,58.44
MKT00768,2025-05-04,CAN05,,32.11,1288,287,4,609.32,10,342,64.19
MKT00769,2025-05-04,CAN06,,79.54,4018,228,7,1069.37,14,280,32.59
MKT00770,2025-05-04,CAN07,,119.42,8226,249,7,1032.35,13,249,34.7
MKT00771,2025-05-05,CAN01,,278.35,13831,1018,33,4883.67,61,1279,46.74
MKT00772,2025-05-05,CAN02,,197.37,10182,810,29,2561.64,69,970,50.01
MKT00773,2025-05-05,CAN03,CAM001,317.26,34252,934,37,4361.14,70,719,49.05
MKT00774,2025-05-05,CAN04,CAM009,206.79,20654,653,15,2157.15,17,630,35.78
MKT00775,2025-05-05,CAN05,,39.4,2199,382,12,1826.02,31,439,53.48
MKT00776,2025-05-05,CAN06,,64.8,6277,172,5,766.03,9,172,50.23
MKT00777,2025-05-05,CAN07,,148.96,10148,307,7,704.76,13,307,31.09
MKT00778,2025-05-06,CAN01,,278.45,12675,891,17,2650.84,31,1010,34.83
MKT00779,2025-05-06,CAN02,,182.34,7906,522,20,2191.21,42,522,57.78
MKT00780,2025-05-06,CAN03,CAM001,360.62,27524,742,12,1763.43,23,575,62.32
MKT00781,2025-05-06,CAN04,CAM009,222.08,23531,620,15,1640.31,18,555,35.33
MKT00782,2025-05-06,CAN05,,31.88,885,222,4,572.99,9,258,61.91
MKT00783,2025-05-06,CAN06,,58.54,6031,294,6,789.59,10,337,48.03
MKT00784,2025-05-06,CAN07,,144.5,8787,357,11,1115.84,32,357,30.13
MKT00785,2025-05-07,CAN01,,298.38,13874,1283,34,4344.34,62,1646,45.13
MKT00786,2025-05-07,CAN02,,160.72,8624,566,22,2029.06,64,695,50.38
MKT00787,2025-05-07,CAN03,CAM001,357.21,33651,1244,33,3996.08,65,1228,50.33
MKT00788,2025-05-07,CAN04,CAM009,214.94,20060,761,30,2926.55,44,586,58.18
MKT00789,2025-05-07,CAN05,,36.39,2032,409,13,1074.67,32,442,40.0
MKT00790,2025-05-07,CAN06,,64.96,7345,357,12,1254.49,26,357,39.14
MKT00791,2025-05-07,CAN07,,124.98,8674,314,6,873.3,15,314,30.14
MKT00792,2025-05-08,CAN01,,274.3,11663,1038,32,2691.9,93,1255,60.01
MKT00793,2025-05-08,CAN02,,184.49,8704,785,27,3592.07,73,823,32.03
MKT00794,2025-05-08,CAN03,CAM001,344.95,35889,1125,23,2242.41,29,866,34.72
MKT00795,2025-05-08,CAN04,CAM009,217.49,16969,555,14,2194.04,25,473,63.43
MKT00796,2025-05-08,CAN05,,31.2,2353,562,9,916.25,16,629,52.89
MKT00797,2025-05-08,CAN06,,79.87,8574,279,9,1011.97,22,279,47.89
MKT00798,2025-05-08,CAN07,,129.2,7871,291,9,1146.11,17,295,54.41
MKT00799,2025-05-09,CAN01,,227.2,10430,739,24,2013.17,41,739,45.49
MKT00800,2025-05-09,CAN02,,153.19,6615,387,14,2018.6,41,415,40.12
MKT00801,2025-05-09,CAN03,CAM001,360.44,33341,811,23,2114.11,44,651,52.14
MKT00802,2025-05-09,CAN04,CAM009,203.88,21562,863,22,1940.79,45,664,47.91
MKT00803,2025-05-09,CAN05,,39.3,2371,427,12,1072.33,19,454,63.84
MKT00804,2025-05-09,CAN06,,50.2,8152,236,8,1043.67,14,236,35.02
MKT00805,2025-05-09,CAN07,,124.49,9312,257,6,766.78,10,310,64.39
MKT00806,2025-05-10,CAN01,,279.54,12542,727,18,2523.61,34,727,51.22
MKT00807,2025-05-10,CAN02,,191.66,10103,874,26,2942.33,70,942,61.29
MKT00808,2025-05-10,CAN03,CAM001,364.77,27816,742,12,1769.92,22,658,30.15
MKT00809,2025-05-10,CAN04,CAM009,173.69,14336,418,14,1370.64,25,382,39.08
MKT00810,2025-05-10,CAN05,,31.63,1530,344,11,1223.37,28,430,59.89
MKT00811,2025-05-10,CAN06,,62.48,10173,329,12,1842.9,21,422,61.93
MKT00812,2025-05-10,CAN07,,135.31,8893,305,6,754.63,15,359,31.73
MKT00813,2025-05-11,CAN01,,291.42,13317,807,15,2239.46,22,1033,42.36
MKT00814,2025-05-11,CAN02,,148.94,6984,453,17,2485.8,36,557,42.96
MKT00815,2025-05-11,CAN03,CAM001,343.65,30038,1004,35,2976.5,51,985,51.89
MKT00816,2025-05-11,CAN04,CAM009,174.81,17715,403,9,997.39,17,358,41.6
MKT00817,2025-05-11,CAN05,,36.79,1342,359,11,1726.08,17,439,39.21
MKT00818,2025-05-11,CAN06,,63.03,10084,422,14,1771.75,40,493,39.38
MKT00819,2025-05-11,CAN07,,138.14,11892,418,8,974.89,19,418,48.48
MKT00820,2025-05-12,CAN01,,271.71,13221,837,27,2974.73,69,837,31.9
MKT00821,2025-05-12,CAN02,,163.98,7656,608,11,1133.31,20,608,49.68
MKT00822,2025-05-12,CAN03,,238.79,19966,572,13,1125.67,22,605,64.28
MKT00823,2025-05-12,CAN04,CAM009,222.3,17141,482,12,1618.48,25,371,45.18
MKT00824,2025-05-12,CAN05,,36.65,1746,291,5,560.93,8,303,31.68
MKT00825,2025-05-12,CAN06,,57.67,4287,204,6,629.81,17,256,44.62
MKT00826,2025-05-12,CAN07,,136.43,11552,300,8,1179.4,14,315,30.77
MKT00827,2025-05-13,CAN01,,257.32,10411,759,23,3579.09,49,805,40.4
MKT00828,2025-05-13,CAN02,,185.97,8606,633,13,1054.25,33,771,34.53
MKT00829,2025-05-13,CAN03,,223.45,18929,504,17,1525.54,37,640,52.62
MKT00830,2025-05-13,CAN04,CAM009,203.64,20925,751,29,2505.54,44,578,43.12
MKT00831,2025-05-13,CAN05,,35.92,1177,253,8,1207.19,22,312,40.31
MKT00832,2025-05-13,CAN06,,72.61,5814,187,6,675.4,16,231,35.09
MKT00833,2025-05-13,CAN07,,135.71,8863,245,9,820.95,15,245,34.76
MKT00834,2025-05-14,CAN01,,258.33,13653,1212,23,2066.59,38,1572,44.38
MKT00835,2025-05-14,CAN02,,164.33,8430,710,26,3144.84,69,849,34.86
MKT00836,2025-05-14,CAN03,,221.99,21526,873,24,1977.98,54,873,59.72
MKT00837,2025-05-14,CAN04,CAM009,201.66,17998,451,18,1747.38,25,381,38.14
MKT00838,2025-05-14,CAN05,,37.26,1730,407,8,939.45,16,407,50.83
MKT00839,2025-05-14,CAN06,,72.15,7605,410,15,2284.75,27,518,36.76
MKT00840,2025-05-14,CAN07,,117.11,8271,242,9,1332.99,17,242,50.16
MKT00841,2025-05-15,CAN01,,262.04,11622,712,19,1550.48,37,716,56.17
MKT00842,2025-05-15,CAN02,,181.86,7754,554,19,2094.05,49,620,64.65
MKT00843,2025-05-15,CAN03,,247.1,27779,1102,26,3322.91,54,1409,42.48
MKT00844,2025-05-15,CAN04,CAM009,184.23,14768,410,7,855.37,9,316,64.57
MKT00845,2025-05-15,CAN05,,39.5,2158,557,8,1087.23,23,572,40.77
MKT00846,2025-05-15,CAN06,,60.14,6072,335,6,585.91,17,357,64.04
MKT00847,2025-05-15,CAN07,,122.79,10352,245,7,647.04,14,270,39.35
MKT00848,2025-05-16,CAN01,,223.63,11078,1056,31,3333.88,77,1257,55.66
MKT00849,2025-05-16,CAN02,,182.09,7561,484,15,2371.46,37,537,31.2
MKT00850,2025-05-16,CAN03,,231.89,25046,912,26,3706.66,54,927,39.55
MKT00851,2025-05-16,CAN04,CAM009,184.38,16326,461,12,1145.19,23,364,48.71
MKT00852,2025-05-16,CAN05,,32.1,1801,240,3,404.9,6,240,34.9
MKT00853,2025-05-16,CAN06,,73.65,6736,294,9,1140.55,14,332,46.31
MKT00854,2025-05-16,CAN07,,120.16,9355,238,8,1038.6,15,238,53.8
MKT00855,2025-05-17,CAN01,,267.52,14117,1234,21,2352.46,56,1234,36.26
MKT00856,2025-05-17,CAN02,,198.42,10380,947,18,2714.05,44,1055,52.32
MKT00857,2025-05-17,CAN03,,197.23,20974,819,19,2692.87,56,885,34.59
MKT00858,2025-05-17,CAN04,CAM009,186.48,14610,406,9,1364.8,11,313,32.53
MKT00859,2025-05-17,CAN05,,31.6,1691,403,10,1335.71,20,465,31.81
MKT00860,2025-05-17,CAN06,,83.02,5499,166,3,292.39,6,204,54.26
MKT00861,2025-05-17,CAN07,,135.72,11092,239,6,554.74,16,253,56.58
MKT00862,2025-05-18,CAN01,,241.73,10784,831,12,1416.74,18,1046,55.77
MKT00863,2025-05-18,CAN02,,147.34,6698,502,13,1930.53,32,635,34.64
MKT00864,2025-05-18,CAN03,,215.34,23640,853,20,2240.69,56,889,38.86
MKT00865,2025-05-18,CAN04,CAM009,202.23,17722,626,19,2494.95,34,488,32.86
MKT00866,2025-05-18,CAN05,,36.64,2162,431,12,1428.45,30,478,51.68
MKT00867,2025-05-18,CAN06,,83.85,6085,213,3,373.57,5,272,42.73
MKT00868,2025-05-18,CAN07,,131.39,12419,471,7,793.42,19,471,62.35
MKT00869,2025-05-19,CAN01,,255.83,11889,871,18,2814.01,32,871,58.31
MKT00870,2025-05-19,CAN02,,171.15,7331,395,8,1064.86,20,511,48.81
MKT00871,2025-05-19,CAN03,,200.14,23672,742,25,3051.33,41,830,31.92
MKT00872,2025-05-19,CAN04,CAM009,223.14,23944,588,23,2107.39,50,539,30.62
MKT00873,2025-05-19,CAN05,,39.12,2448,541,14,1503.61,36,570,58.82
MKT00874,2025-05-19,CAN06,,73.06,5574,279,10,1035.53,23,307,61.06
MKT00875,2025-05-19,CAN07,,146.65,13722,411,16,2276.08,34,500,35.23
MKT00876,2025-05-20,CAN01,,222.7,9540,827,13,1048.6,38,827,46.31
MKT00877,2025-05-20,CAN02,,153.34,8038,700,23,2594.61,39,797,56.63
MKT00878,2025-05-20,CAN03,,241.43,28558,719,11,941.61,28,719,64.02
MKT00879,2025-05-20,CAN04,CAM009,214.83,21413,503,12,2013.84,18,431,48.79
MKT00880,2025-05-20,CAN05,,37.01,1742,456,15,2072.67,31,456,63.95
MKT00881,2025-05-20,CAN06,,74.95,9884,607,23,2229.94,35,711,33.8
MKT00882,2025-05-20,CAN07,,133.77,10124,256,5,717.15,9,324,46.82
MKT00883,2025-05-21,CAN01,,283.42,12124,788,22,3380.56,43,788,36.35
MKT00884,2025-05-21,CAN02,,177.76,9758,614,10,936.51,18,788,53.82
MKT00885,2025-05-21,CAN03,,185.01,21628,592,15,1479.6,43,665,49.49
MKT00886,2025-05-21,CAN04,CAM009,183.62,19618,600,8,1113.11,16,572,61.66
MKT00887,2025-05-21,CAN05,,39.21,1584,379,6,604.71,9,397,63.11
MKT00888,2025-05-21,CAN06,,66.82,5001,140,5,668.08,11,161,58.78
MKT00889,2025-05-21,CAN07,,134.42,12151,391,7,834.61,16,465,37.74
MKT00890,2025-05-22,CAN01,,245.13,12172,713,19,2931.08,34,713,37.56
MKT00891,2025-05-22,CAN02,,193.31,7931,629,15,2367.94,34,629,43.9
MKT00892,2025-05-22,CAN03,,246.92,22192,573,21,2002.58,34,628,41.47
MKT00893,2025-05-22,CAN04,CAM009,173.82,15882,439,9,1543.79,20,429,62.71
MKT00894,2025-05-22,CAN05,,36.13,1878,310,10,1279.74,19,344,41.76
MKT00895,2025-05-22,CAN06,,58.05,4541,267,7,619.59,19,289,32.03
MKT00896,2025-05-22,CAN07,,131.76,10182,307,4,435.91,6,307,42.95
MKT00897,2025-05-23,CAN01,,277.46,14347,804,21,3091.45,58,804,64.7
MKT00898,2025-05-23,CAN02,,163.86,7156,663,13,1144.32,24,665,61.92
MKT00899,2025-05-23,CAN03,,222.59,22178,642,12,1057.88,30,718,31.49
MKT00900,2025-05-23,CAN04,CAM009,191.85,20539,733,26,2816.39,51,649,33.0
MKT00901,2025-05-23,CAN05,,35.88,1674,313,10,1169.64,29,406,59.52
MKT00902,2025-05-23,CAN06,,84.16,5377,220,6,879.13,12,234,44.77
MKT00903,2025-05-23,CAN07,,113.77,8629,243,4,451.68,8,243,64.35
MKT00904,2025-05-24,CAN01,,289.94,15406,1025,32,3927.62,67,1312,33.38
MKT00905,2025-05-24,CAN02,,197.28,8645,677,10,1040.96,24,677,47.71
MKT00906,2025-05-24,CAN03,,209.87,18393,769,26,2860.29,44,990,31.51
MKT00907,2025-05-24,CAN04,CAM009,191.94,17607,460,16,2335.1,34,395,37.58
MKT00908,2025-05-24,CAN05,,36.62,1769,256,8,1001.78,12,256,50.54
MKT00909,2025-05-24,CAN06,,59.75,4571,135,4,599.48,7,150,45.97
MKT00910,2025-05-24,CAN07,,143.54,10935,283,9,1271.3,15,298,30.09
MKT00911,2025-05-25,CAN01,,287.12,13380,716,18,1935.17,27,821,62.05
MKT00912,2025-05-25,CAN02,,181.54,8352,576,17,1634.54,39,576,38.48
MKT00913,2025-05-25,CAN03,,204.45,19138,612,18,1886.28,30,612,42.67
MKT00914,2025-05-25,CAN04,CAM009,199.83,15640,483,14,2223.61,23,372,36.94
MKT00915,2025-05-25,CAN05,,38.14,1554,408,9,1315.76,25,466,64.44
MKT00916,2025-05-25,CAN06,,82.21,7917,334,7,601.68,19,385,63.3
MKT00917,2025-05-25,CAN07,,134.41,8623,197,6,870.39,11,219,57.96
MKT00918,2025-05-26,CAN01,,242.73,10379,754,14,1895.55,39,899,48.82
MKT00919,2025-05-26,CAN02,,186.22,7919,467,17,1996.72,41,480,63.44
MKT00920,2025-05-26,CAN03,,243.53,21521,527,17,2249.63,48,527,61.91
MKT00921,2025-05-26,CAN04,CAM009,181.91,18390,538,8,985.5,17,478,58.6
MKT00922,2025-05-26,CAN05,,32.9,2316,559,18,2299.72,34,667,56.05
MKT00923,2025-05-26,CAN06,,49.97,7982,314,10,971.13,23,329,55.82
MKT00924,2025-05-26,CAN07,,112.21,7706,196,7,721.65,12,209,61.11
MKT00925,2025-05-27,CAN01,,267.21,10974,804,29,3019.81,47,812,41.17
MKT00926,2025-05-27,CAN02,,157.49,7454,524,14,1228.95,27,524,60.47
MKT00927,2025-05-27,CAN03,,184.51,16155,398,15,1409.77,37,451,50.07
MKT00928,2025-05-27,CAN04,CAM009,187.8,15065,481,19,1740.69,37,387,50.78
MKT00929,2025-05-27,CAN05,,34.07,2401,512,14,1681.96,21,648,54.72
MKT00930,2025-05-27,CAN06,,83.7,6895,245,8,1139.8,22,288,40.95
MKT00931,2025-05-27,CAN07,,144.8,9298,234,8,1144.05,21,276,58.24
MKT00932,2025-05-28,CAN01,,268.93,11887,883,24,3671.2,41,883,35.84
MKT00933,2025-05-28,CAN02,,151.69,8318,423,12,1744.89,30,472,42.02
MKT00934,2025-05-28,CAN03,,187.37,18041,615,22,2361.83,60,728,60.35
MKT00935,2025-05-28,CAN04,CAM009,167.18,17000,436,16,2536.98,32,355,44.09
MKT00936,2025-05-28,CAN05,,35.63,2172,397,10,813.09,22,452,55.43
MKT00937,2025-05-28,CAN06,,58.53,9962,393,11,1269.7,31,443,43.24
MKT00938,2025-05-28,CAN07,,112.35,8516,236,5,623.21,7,296,42.19
MKT00939,2025-05-29,CAN01,,293.23,13260,1060,35,3741.05,58,1366,62.97
MKT00940,2025-05-29,CAN02,,184.26,8568,683,14,1429.94,27,741,60.91
MKT00941,2025-05-29,CAN03,,242.07,25607,976,31,2636.68,90,1201,38.53
MKT00942,2025-05-29,CAN04,CAM009,173.7,14916,590,14,2194.93,28,586,33.14
MKT00943,2025-05-29,CAN05,,30.66,2334,412,12,1056.07,20,493,51.86
MKT00944,2025-05-29,CAN06,,83.18,4060,167,3,378.15,7,199,35.12
MKT00945,2025-05-29,CAN07,,149.46,9352,248,6,669.22,17,275,43.02
MKT00946,2025-05-30,CAN01,,267.73,11341,906,15,2038.75,32,1074,57.75
MKT00947,2025-05-30,CAN02,,152.2,7244,748,13,1175.38,20,822,40.9
MKT00948,2025-05-30,CAN03,,195.56,19811,758,17,2345.1,26,884,64.98
MKT00949,2025-05-30,CAN04,CAM009,180.33,17572,527,21,2614.09,29,409,34.93
MKT00950,2025-05-30,CAN05,,29.66,2368,378,6,719.22,16,487,31.69
MKT00951,2025-05-30,CAN06,,62.94,5409,350,6,811.49,14,454,31.86
MKT00952,2025-05-30,CAN07,,134.21,8851,221,6,658.86,15,265,50.64
MKT00953,2025-05-31,CAN01,,258.1,12476,964,27,2516.13,73,1069,33.02
MKT00954,2025-05-31,CAN02,,178.61,7480,536,19,2093.7,42,591,56.88
MKT00955,2025-05-31,CAN03,,224.4,23350,632,12,1788.02,19,820,55.68
MKT00956,2025-05-31,CAN04,CAM009,219.76,21529,731,21,1752.62,26,628,47.89
MKT00957,2025-05-31,CAN05,,35.66,1356,268,6,554.15,11,337,42.51
MKT00958,2025-05-31,CAN06,,71.67,6972,267,7,819.15,12,297,49.82
MKT00959,2025-05-31,CAN07,,124.53,9604,316,7,596.98,15,330,50.57
MKT00960,2025-06-01,CAN01,CAM002,413.47,16990,1467,46,4972.56,57,1260,60.59
MKT00961,2025-06-01,CAN02,,184.22,9778,1054,22,2335.68,49,1339,56.81
MKT00962,2025-06-01,CAN03,CAM007,360.21,34209,1261,39,4469.5,46,970,39.96
MKT00963,2025-06-01,CAN04,CAM009,215.81,16776,572,15,1636.26,23,513,60.86
MKT00964,2025-06-01,CAN05,,35.21,2303,425,14,1456.24,38,425,45.99
MKT00965,2025-06-01,CAN06,,61.72,11677,523,19,2376.74,36,569,53.29
MKT00966,2025-06-01,CAN07,,153.63,14253,243,5,425.65,13,280,30.34
MKT00967,2025-06-02,CAN01,CAM002,484.62,18338,1024,37,5174.46,61,788,43.18
MKT00968,2025-06-02,CAN02,,220.4,10555,717,16,1933.74,35,928,36.76
MKT00969,2025-06-02,CAN03,CAM007,411.18,44517,1141,46,4612.89,84,878,64.3
MKT00970,2025-06-02,CAN04,CAM009,223.29,20360,539,18,2650.76,34,415,32.32
MKT00971,2025-06-02,CAN05,,40.08,2348,486,7,777.54,12,575,32.83
MKT00972,2025-06-02,CAN06,,82.58,6550,365,5,777.84,14,444,61.51
MKT00973,2025-06-02,CAN07,,127.51,7818,135,2,165.82,4,135,62.89
MKT00974,2025-06-03,CAN01,CAM002,475.53,18984,1324,42,6018.94,82,1144,60.9
MKT00975,2025-06-03,CAN02,,215.0,10556,914,17,1563.55,35,1055,44.48
MKT00976,2025-06-03,CAN03,CAM007,397.95,34900,781,25,3577.0,45,683,40.27
MKT00977,2025-06-03,CAN04,CAM009,201.19,17659,473,8,1316.32,14,449,57.41
MKT00978,2025-06-03,CAN05,,34.31,2195,622,22,2364.82,40,650,62.5
MKT00979,2025-06-03,CAN06,,67.05,10942,446,7,999.0,15,546,40.71
MKT00980,2025-06-03,CAN07,,131.34,10096,327,7,742.33,16,334,52.93
MKT00981,2025-06-04,CAN01,CAM002,493.28,22740,1820,32,4226.04,56,1647,44.74
MKT00982,2025-06-04,CAN02,,213.72,10131,720,13,1917.12,27,891,32.24
MKT00983,2025-06-04,CAN03,CAM007,405.11,40364,1365,22,1946.15,31,1312,30.49
MKT00984,2025-06-04,CAN04,CAM009,210.28,15828,461,15,1796.06,26,355,52.29
MKT00985,2025-06-04,CAN05,,40.33,1515,202,7,848.87,16,208,31.25
MKT00986,2025-06-04,CAN06,,50.56,5147,272,8,1166.44,15,272,54.27
MKT00987,2025-06-04,CAN07,,142.12,9307,248,7,646.98,19,261,51.83
MKT00988,2025-06-05,CAN01,CAM002,461.53,23049,1552,36,4511.37,39,1354,41.09
MKT00989,2025-06-05,CAN02,,206.38,10281,875,27,3881.75,75,990,64.53
MKT00990,2025-06-05,CAN03,CAM007,396.27,35890,1329,42,5695.45,89,1023,58.77
MKT00991,2025-06-05,CAN04,CAM009,198.92,18874,499,19,2493.05,26,471,64.45
MKT00992,2025-06-05,CAN05,,45.88,1103,216,7,721.17,12,219,50.76
MKT00993,2025-06-05,CAN06,,47.15,7043,263,7,1042.75,12,304,39.5
MKT00994,2025-06-05,CAN07,,152.94,11904,503,14,2131.52,31,625,61.56
MKT00995,2025-06-06,CAN01,CAM002,515.85,20298,1214,23,2575.62,50,1187,43.17
MKT00996,2025-06-06,CAN02,,222.72,10464,663,23,2064.32,42,678,50.38
MKT00997,2025-06-06,CAN03,CAM007,336.52,35561,1111,32,4489.09,41,891,46.99
MKT00998,2025-06-06,CAN04,CAM009,206.38,21473,596,14,1912.23,19,531,50.57
MKT00999,2025-06-06,CAN05,,34.89,2195,366,8,1100.34,14,407,44.3
MKT01000,2025-06-06,CAN06,,47.86,4863,196,3,282.72,6,196,48.45
MKT01001,2025-06-06,CAN07,,147.28,9336,381,5,479.36,14,381,53.09
MKT01002,2025-06-07,CAN01,CAM002,498.27,21914,1787,36,4055.45,44,1580,57.92
MKT01003,2025-06-07,CAN02,,203.04,10795,1044,39,4443.37,102,1044,53.56
MKT01004,2025-06-07,CAN03,CAM007,419.56,40845,1184,30,3348.07,50,1113,32.48
MKT01005,2025-06-07,CAN04,CAM009,242.02,23753,835,16,2494.56,18,721,34.08
MKT01006,2025-06-07,CAN05,,40.17,1641,346,11,1483.08,20,346,51.25
MKT01007,2025-06-07,CAN06,,68.22,8290,488,13,1649.29,31,488,36.77
MKT01008,2025-06-07,CAN07,,169.31,11038,270,10,1242.91,21,270,45.98
MKT01009,2025-06-08,CAN01,CAM002,411.78,20199,1436,30,4423.52,37,1422,56.02
MKT01010,2025-06-08,CAN02,,228.37,12408,995,22,3292.03,34,1218,30.59
MKT01011,2025-06-08,CAN03,CAM007,350.94,36887,1207,36,3525.86,72,1096,42.18
MKT01012,2025-06-08,CAN04,CAM009,204.48,21631,708,22,3376.07,39,689,49.89
MKT01013,2025-06-08,CAN05,,38.12,2356,554,14,1648.32,22,686,33.04
MKT01014,2025-06-08,CAN06,,72.7,11138,423,11,928.46,17,423,56.26
MKT01015,2025-06-08,CAN07,,131.46,11057,301,5,486.53,12,356,59.09
MKT01016,2025-06-09,CAN01,CAM002,420.31,21397,1467,60,9399.5,73,1205,54.04
MKT01017,2025-06-09,CAN02,,170.16,9001,670,17,2645.67,49,711,40.1
MKT01018,2025-06-09,CAN03,CAM007,394.06,40630,1189,33,3309.56,59,1070,51.41
MKT01019,2025-06-09,CAN04,CAM009,239.85,26041,647,19,2063.95,22,595,55.72
MKT01020,2025-06-09,CAN05,,45.66,804,125,2,176.17,3,158,42.37
MKT01021,2025-06-09,CAN06,,85.31,11774,609,15,1793.07,31,627,30.84
MKT01022,2025-06-09,CAN07,,147.81,12752,357,6,612.87,10,366,30.31
MKT01023,2025-06-10,CAN01,CAM002,454.83,21704,1508,36,4575.06,49,1364,59.27
MKT01024,2025-06-10,CAN02,,221.65,11846,925,35,3838.62,65,925,40.51
MKT01025,2025-06-10,CAN03,CAM007,335.92,26971,657,14,1291.44,15,570,52.65
MKT01026,2025-06-10,CAN04,CAM009,238.6,26335,734,26,3098.52,40,694,52.27
MKT01027,2025-06-10,CAN05,,39.4,2194,587,11,967.83,25,634,60.26
MKT01028,2025-06-10,CAN06,,74.04,8993,589,23,2140.9,52,752,44.86
MKT01029,2025-06-10,CAN07,,171.82,15985,635,13,2071.64,32,635,59.12
MKT01030,2025-06-11,CAN01,CAM002,460.67,20742,1894,61,5454.3,95,1457,48.22
MKT01031,2025-06-11,CAN02,,203.41,8638,627,15,1344.86,30,627,53.42
MKT01032,2025-06-11,CAN03,CAM007,384.47,41535,1167,19,2843.34,40,901,53.24
MKT01033,2025-06-11,CAN04,CAM009,226.94,18405,652,25,3419.44,38,502,56.41
MKT01034,2025-06-11,CAN05,,35.07,1539,359,13,1165.29,33,359,55.67
MKT01035,2025-06-11,CAN06,,57.37,7276,331,12,1786.83,30,414,37.85
MKT01036,2025-06-11,CAN07,,165.0,10568,196,6,715.73,12,253,39.67
MKT01037,2025-06-12,CAN01,CAM002,418.19,16120,881,16,1774.15,34,862,52.97
MKT01038,2025-06-12,CAN02,,176.14,8798,657,20,1757.56,53,657,47.65
MKT01039,2025-06-12,CAN03,CAM007,368.83,32002,1004,32,4466.92,59,972,64.66
MKT01040,2025-06-12,CAN04,CAM009,206.49,20832,708,19,2949.65,31,545,33.97
MKT01041,2025-06-12,CAN05,,38.59,1291,256,6,565.43,14,256,38.94
MKT01042,2025-06-12,CAN06,,71.14,8048,407,6,882.04,15,407,35.42
MKT01043,2025-06-12,CAN07,,153.4,15217,416,11,1710.86,25,515,53.45
MKT01044,2025-06-13,CAN01,CAM002,384.86,16014,1437,23,3789.58,38,1327,38.36
MKT01045,2025-06-13,CAN02,,222.42,11283,860,21,2925.87,56,897,34.9
MKT01046,2025-06-13,CAN03,CAM007,374.85,30640,1231,29,2813.79,41,1031,49.44
MKT01047,2025-06-13,CAN04,CAM009,237.42,18781,542,8,871.43,12,494,37.56
MKT01048,2025-06-13,CAN05,,40.17,1687,379,12,1389.63,20,483,53.94
MKT01049,2025-06-13,CAN06,,84.96,8783,262,6,891.2,11,310,34.32
MKT01050,2025-06-13,CAN07,,139.34,11202,401,15,2115.31,41,439,34.49
MKT01051,2025-06-14,CAN01,CAM002,474.3,21063,1374,35,3639.44,70,1180,58.15
MKT01052,2025-06-14,CAN02,,226.63,10624,628,16,2311.55,28,739,35.87
MKT01053,2025-06-14,CAN03,CAM007,332.16,35641,1181,36,3083.63,54,961,30.46
MKT01054,2025-06-14,CAN04,CAM009,226.71,21110,516,8,1343.27,14,507,37.55
MKT01055,2025-06-14,CAN05,,45.12,852,174,3,317.29,7,198,36.24
MKT01056,2025-06-14,CAN06,,47.66,5566,348,6,739.92,12,439,32.64
MKT01057,2025-06-14,CAN07,,143.7,11445,466,10,1434.85,18,502,56.96
MKT01058,2025-06-15,CAN01,CAM002,470.99,17865,1339,40,4160.87,70,1095,35.8
MKT01059,2025-06-15,CAN02,,218.22,10415,603,17,2157.4,36,657,63.18
MKT01060,2025-06-15,CAN03,CAM007,342.11,26196,713,18,1822.17,25,624,49.19
MKT01061,2025-06-15,CAN04,CAM009,254.77,23637,557,21,2441.74,42,478,37.31
MKT01062,2025-06-15,CAN05,,42.2,1126,304,11,1456.46,27,304,56.24
MKT01063,2025-06-15,CAN06,,50.13,9797,384,7,1119.91,16,384,44.37
MKT01064,2025-06-15,CAN07,,131.99,11719,341,9,928.08,16,341,32.25
MKT01065,2025-06-16,CAN01,CAM002,384.6,17077,1162,35,3113.04,41,894,45.02
MKT01066,2025-06-16,CAN02,,180.35,8700,831,22,2889.27,36,928,60.87
MKT01067,2025-06-16,CAN03,CAM007,430.14,38661,923,18,2086.22,24,838,35.8
MKT01068,2025-06-16,CAN04,CAM009,247.65,26807,786,29,2678.16,52,718,61.29
MKT01069,2025-06-16,CAN05,,40.76,2045,406,9,1134.5,21,406,62.81
MKT01070,2025-06-16,CAN06,,53.02,10452,630,10,1153.56,25,662,37.47
MKT01071,2025-06-16,CAN07,,171.01,10576,276,10,1473.86,19,321,54.07
MKT01072,2025-06-17,CAN01,CAM002,412.28,15940,973,15,1782.02,32,966,36.18
MKT01073,2025-06-17,CAN02,,175.94,8481,635,15,1760.75,23,744,53.89
MKT01074,2025-06-17,CAN03,CAM007,409.33,39552,1059,22,2287.8,46,885,62.71
MKT01075,2025-06-17,CAN04,CAM009,202.94,19061,666,9,804.2,11,624,32.62
MKT01076,2025-06-17,CAN05,,44.09,1925,490,12,1082.16,35,546,44.69
MKT01077,2025-06-17,CAN06,,86.52,6289,262,8,744.47,16,290,63.45
MKT01078,2025-06-17,CAN07,,171.71,16965,307,11,1436.89,17,324,56.74
MKT01079,2025-06-18,CAN01,CAM002,432.22,16774,874,23,3791.51,44,673,39.85
MKT01080,2025-06-18,CAN02,,229.15,10645,765,23,3049.11,57,882,61.81
MKT01081,2025-06-18,CAN03,CAM007,408.62,30627,656,16,2389.02,18,655,33.58
MKT01082,2025-06-18,CAN04,CAM009,237.92,21744,747,23,2652.22,31,622,59.21
MKT01083,2025-06-18,CAN05,,44.52,1651,335,13,1902.46,34,384,44.5
MKT01084,2025-06-18,CAN06,,86.0,10627,392,7,705.42,18,405,46.98
MKT01085,2025-06-18,CAN07,,144.45,12414,357,10,1418.71,16,357,37.71
MKT01086,2025-06-19,CAN01,CAM002,387.53,15104,1053,36,4853.83,57,1051,43.88
MKT01087,2025-06-19,CAN02,,206.83,10886,1022,39,5119.04,90,1247,32.31
MKT01088,2025-06-19,CAN03,CAM007,417.81,41406,1809,42,3654.97,59,1763,43.36
MKT01089,2025-06-19,CAN04,CAM009,242.85,19625,479,11,927.16,19,397,58.61
MKT01090,2025-06-19,CAN05,,43.01,2333,385,13,2008.73,20,414,42.0
MKT01091,2025-06-19,CAN06,,79.13,8678,360,12,1213.1,21,363,48.63
MKT01092,2025-06-19,CAN07,,167.48,15700,334,12,1534.0,18,367,51.94
MKT01093,2025-06-20,CAN01,CAM002,446.96,22755,1462,37,5823.12,63,1125,33.88
MKT01094,2025-06-20,CAN02,,224.02,9112,876,18,1859.63,49,1129,34.0
MKT01095,2025-06-20,CAN03,CAM007,318.88,25887,642,11,918.26,22,628,35.21
MKT01096,2025-06-20,CAN04,CAM009,226.86,25008,890,30,3934.9,53,749,36.09
MKT01097,2025-06-20,CAN05,,39.02,1209,291,5,760.92,14,291,58.36
MKT01098,2025-06-20,CAN06,,74.48,5722,157,3,273.11,5,171,40.62
MKT01099,2025-06-20,CAN07,,151.26,9340,293,8,967.7,20,293,54.18
MKT01100,2025-06-21,CAN01,CAM002,464.73,21488,1839,71,6710.98,107,1673,50.35
MKT01101,2025-06-21,CAN02,,219.64,11489,817,32,3037.32,88,1033,57.08
MKT01102,2025-06-21,CAN03,CAM007,404.94,41146,1301,39,5708.32,67,1001,55.71
MKT01103,2025-06-21,CAN04,CAM009,213.62,20547,616,14,1372.73,18,474,36.52
MKT01104,2025-06-21,CAN05,,40.51,2080,374,14,1505.48,27,374,30.33
MKT01105,2025-06-21,CAN06,,59.94,9170,456,18,2186.59,47,507,62.78
MKT01106,2025-06-21,CAN07,,171.22,14442,472,18,2650.73,35,509,39.22
MKT01107,2025-06-22,CAN01,CAM002,457.9,19202,1285,25,2895.03,52,989,36.42
MKT01108,2025-06-22,CAN02,,192.07,8326,813,25,2135.22,62,813,56.17
MKT01109,2025-06-22,CAN03,CAM007,428.28,42148,1249,44,4486.43,85,972,52.96
MKT01110,2025-06-22,CAN04,CAM009,195.25,15790,455,14,1691.79,29,405,56.88
MKT01111,2025-06-22,CAN05,,42.69,1222,265,7,774.91,17,308,51.34
MKT01112,2025-06-22,CAN06,,48.34,10587,680,10,926.91,25,730,45.95
MKT01113,2025-06-22,CAN07,,171.9,15781,420,11,1721.46,16,430,31.0
MKT01114,2025-06-23,CAN01,CAM002,404.07,16162,975,21,3116.51,44,750,30.3
MKT01115,2025-06-23,CAN02,,172.26,8408,604,17,1428.75,49,741,61.02
MKT01116,2025-06-23,CAN03,CAM007,331.39,36605,971,29,4519.8,46,747,34.01
MKT01117,2025-06-23,CAN04,CAM009,210.84,19405,523,12,1991.96,24,503,61.68
MKT01118,2025-06-23,CAN05,,36.11,1278,197,6,655.96,17,217,31.73
MKT01119,2025-06-23,CAN06,,69.91,6879,319,6,820.73,16,332,53.17
MKT01120,2025-06-23,CAN07,,170.06,15024,304,7,856.86,15,311,57.66
MKT01121,2025-06-24,CAN01,CAM002,437.21,17432,1654,67,7482.66,76,1392,50.97
MKT01122,2025-06-24,CAN02,,200.64,8488,837,13,1150.78,25,1015,33.43
MKT01123,2025-06-24,CAN03,CAM007,323.22,24948,834,29,4086.45,45,642,55.17
MKT01124,2025-06-24,CAN04,CAM009,192.0,16291,689,22,3450.83,24,626,30.47
MKT01125,2025-06-24,CAN05,,37.2,1097,177,3,325.45,8,213,64.12
MKT01126,2025-06-24,CAN06,,56.06,10654,670,20,1779.77,32,677,55.69
MKT01127,2025-06-24,CAN07,,138.35,12370,362,9,1375.13,23,409,33.7
MKT01128,2025-06-25,CAN01,CAM002,429.17,21401,1446,50,5591.98,70,1373,48.26
MKT01129,2025-06-25,CAN02,,176.14,7382,540,19,1822.15,39,542,52.15
MKT01130,2025-06-25,CAN03,CAM007,393.39,37821,1333,43,5910.77,73,1155,35.32
MKT01131,2025-06-25,CAN04,CAM009,215.58,18555,676,16,1773.86,32,548,54.01
MKT01132,2025-06-25,CAN05,,35.04,1109,192,7,778.81,19,238,60.52
MKT01133,2025-06-25,CAN06,,68.81,7662,432,14,1455.23,39,461,31.33
MKT01134,2025-06-25,CAN07,,149.47,11914,371,10,1108.3,27,411,47.44
MKT01135,2025-06-26,CAN01,CAM002,421.85,17116,1411,57,8001.7,116,1203,42.0
MKT01136,2025-06-26,CAN02,,217.0,9185,777,12,1507.7,25,777,35.84
MKT01137,2025-06-26,CAN03,CAM007,431.12,37368,1329,46,6595.74,60,1226,58.1
MKT01138,2025-06-26,CAN04,CAM009,195.62,19924,455,8,875.39,13,407,64.2
MKT01139,2025-06-26,CAN05,,34.91,1254,335,10,948.33,28,356,32.75
MKT01140,2025-06-26,CAN06,,64.57,9657,331,8,913.58,16,331,62.21
MKT01141,2025-06-26,CAN07,,157.11,14060,238,7,1111.29,18,306,61.42
MKT01142,2025-06-27,CAN01,CAM002,396.38,17148,1365,39,5227.25,80,1093,52.38
MKT01143,2025-06-27,CAN02,,202.74,10942,825,28,4368.28,82,825,48.56
MKT01144,2025-06-27,CAN03,CAM007,355.47,27767,1075,32,2621.84,63,827,54.03
MKT01145,2025-06-27,CAN04,CAM009,214.65,19860,442,12,1978.58,14,391,33.66
MKT01146,2025-06-27,CAN05,,43.04,950,198,3,476.18,7,198,32.14
MKT01147,2025-06-27,CAN06,,62.08,7733,439,8,1089.87,17,487,32.28
MKT01148,2025-06-27,CAN07,,143.31,10162,359,14,1948.2,29,414,41.87
MKT01149,2025-06-28,CAN01,CAM002,426.27,21828,1771,43,6086.54,58,1485,40.98
MKT01150,2025-06-28,CAN02,,173.53,7020,528,12,1815.35,30,666,38.97
MKT01151,2025-06-28,CAN03,CAM007,405.79,41869,1060,44,6590.95,48,834,42.28
MKT01152,2025-06-28,CAN04,CAM009,235.06,25158,659,14,1123.72,27,533,48.72
MKT01153,2025-06-28,CAN05,,42.98,1965,448,9,782.95,21,448,47.81
MKT01154,2025-06-28,CAN06,,68.34,11335,355,12,1104.37,33,431,46.9
MKT01155,2025-06-28,CAN07,,129.8,8555,165,4,506.92,6,199,55.68
MKT01156,2025-06-29,CAN01,CAM002,409.03,15352,1362,46,3775.63,80,1048,40.83
MKT01157,2025-06-29,CAN02,,191.11,8537,495,14,1744.64,23,495,41.74
MKT01158,2025-06-29,CAN03,CAM007,374.19,28124,906,21,2151.51,25,875,43.88
MKT01159,2025-06-29,CAN04,CAM009,238.44,20643,739,15,1439.8,18,569,38.73
MKT01160,2025-06-29,CAN05,,36.24,2295,523,12,1277.15,23,600,39.79
MKT01161,2025-06-29,CAN06,,75.31,9303,415,7,868.19,12,438,44.33
MKT01162,2025-06-29,CAN07,,166.18,12606,321,5,653.54,7,354,46.83
MKT01163,2025-06-30,CAN01,CAM002,469.05,20237,1591,62,6220.7,79,1224,36.75
MKT01164,2025-06-30,CAN02,,186.41,10145,549,11,959.3,19,549,58.16
MKT01165,2025-06-30,CAN03,CAM007,357.76,36540,1128,26,2336.29,44,868,44.88
MKT01166,2025-06-30,CAN04,CAM009,199.17,20307,499,9,1505.31,18,444,63.73
MKT01167,2025-06-30,CAN05,,38.74,1094,162,4,490.52,6,162,36.75
MKT01168,2025-06-30,CAN06,,65.62,11944,540,12,970.71,27,628,37.22
MKT01169,2025-06-30,CAN07,,128.17,12080,328,6,919.22,11,373,64.25
MKT01170,2025-07-01,CAN01,CAM002,462.38,21716,1410,40,6343.6,61,1085,35.08
MKT01171,2025-07-01,CAN02,,187.37,8946,838,31,2648.17,54,890,51.77
MKT01172,2025-07-01,CAN03,,223.05,26271,1020,26,3341.24,50,1020,42.96
MKT01173,2025-07-01,CAN04,,156.67,17670,494,18,2720.81,29,494,47.45
MKT01174,2025-07-01,CAN05,,39.78,1171,232,3,463.83,7,232,36.87
MKT01175,2025-07-01,CAN06,,48.92,10593,530,11,1570.36,29,530,39.68
MKT01176,2025-07-01,CAN07,,133.13,11923,439,11,1372.62,26,439,41.18
MKT01177,2025-07-02,CAN01,CAM002,455.97,20748,1216,30,3847.93,61,1127,62.73
MKT01178,2025-07-02,CAN02,,213.46,10078,644,16,2041.03,39,822,54.33
MKT01179,2025-07-02,CAN03,,223.79,18407,472,16,2265.06,26,592,46.38
MKT01180,2025-07-02,CAN04,,154.51,14790,646,23,2503.16,68,705,30.05
MKT01181,2025-07-02,CAN05,,32.2,1555,274,5,627.42,11,282,34.02
MKT01182,2025-07-02,CAN06,,69.85,10513,531,21,2554.92,53,656,53.37
MKT01183,2025-07-02,CAN07,,140.99,10280,197,4,397.9,8,253,54.99
MKT01184,2025-07-03,CAN01,CAM002,386.16,14778,859,26,3193.54,28,720,51.98
MKT01185,2025-07-03,CAN02,,201.66,9636,900,16,2102.58,25,986,37.17
MKT01186,2025-07-03,CAN03,,261.24,26391,721,12,1685.1,26,732,57.09
MKT01187,2025-07-03,CAN04,,119.77,12634,578,14,1857.15,32,588,47.15
MKT01188,2025-07-03,CAN05,,42.19,2467,568,9,1303.57,22,638,54.32
MKT01189,2025-07-03,CAN06,,64.45,7986,477,17,1482.97,41,477,64.03
MKT01190,2025-07-03,CAN07,,121.31,8857,312,9,796.75,24,399,46.6
MKT01191,2025-07-04,CAN01,CAM002,460.56,21508,1322,25,3217.38,41,1017,38.66
MKT01192,2025-07-04,CAN02,,179.6,7530,659,23,3001.77,56,659,56.12
MKT01193,2025-07-04,CAN03,,221.44,17960,409,13,1792.08,35,480,44.65
MKT01194,2025-07-04,CAN04,,136.21,11520,509,17,2615.38,31,509,53.16
MKT01195,2025-07-04,CAN05,,40.97,2041,325,11,1261.21,24,400,49.55
MKT01196,2025-07-04,CAN06,,54.13,5305,144,5,534.76,12,157,49.8
MKT01197,2025-07-04,CAN07,,154.16,11536,264,7,985.38,14,264,61.96
MKT01198,2025-07-05,CAN01,CAM002,360.51,13864,871,22,3472.97,35,670,39.67
MKT01199,2025-07-05,CAN02,,213.97,9549,569,18,2657.8,44,569,46.51
MKT01200,2025-07-05,CAN03,,232.21,26810,947,21,2841.75,40,1152,31.94
MKT01201,2025-07-05,CAN04,,157.34,13344,492,14,1315.12,29,618,56.86
MKT01202,2025-07-05,CAN05,,41.6,2180,415,16,1767.98,30,457,44.54
MKT01203,2025-07-05,CAN06,,75.99,4417,169,4,561.76,11,185,37.81
MKT01204,2025-07-05,CAN07,,143.8,14110,361,7,826.0,11,411,54.13
MKT01205,2025-07-06,CAN01,CAM002,418.94,18428,1547,54,7717.44,65,1356,36.55
MKT01206,2025-07-06,CAN02,,191.48,9180,764,29,3461.43,63,764,59.84
MKT01207,2025-07-06,CAN03,,251.2,24408,767,17,1764.56,43,878,33.07
MKT01208,2025-07-06,CAN04,,142.25,17020,528,18,1812.22,53,637,61.34
MKT01209,2025-07-06,CAN05,,34.63,896,171,3,323.31,5,171,60.85
MKT01210,2025-07-06,CAN06,,76.62,8608,249,3,252.9,8,269,47.95
MKT01211,2025-07-06,CAN07,,156.5,14963,495,13,1485.94,35,629,57.11
MKT01212,2025-07-07,CAN01,CAM002,381.98,14947,1046,33,4640.69,60,945,64.87
MKT01213,2025-07-07,CAN02,,167.12,9044,957,27,3322.12,54,1188,36.66
MKT01214,2025-07-07,CAN03,,240.05,25019,684,22,1801.37,39,831,57.36
MKT01215,2025-07-07,CAN04,,154.95,17568,421,9,1285.01,22,421,37.21
MKT01216,2025-07-07,CAN05,,37.48,2192,430,13,1673.9,32,511,31.42
MKT01217,2025-07-07,CAN06,,57.28,8499,390,13,1054.41,30,414,58.65
MKT01218,2025-07-07,CAN07,,155.77,13857,437,16,2514.48,38,437,34.12
MKT01219,2025-07-08,CAN01,CAM002,421.08,17486,1095,33,3484.56,37,1023,33.16
MKT01220,2025-07-08,CAN02,,204.35,9042,919,31,2980.5,89,1052,44.87
MKT01221,2025-07-08,CAN03,,239.18,19714,612,13,1057.44,27,612,47.21
MKT01222,2025-07-08,CAN04,,160.44,16382,533,19,1610.45,41,569,44.2
MKT01223,2025-07-08,CAN05,,38.58,1231,302,11,1476.66,22,328,43.0
MKT01224,2025-07-08,CAN06,,71.39,7116,279,8,1093.62,19,313,57.01
MKT01225,2025-07-08,CAN07,,131.89,10285,342,10,1530.45,15,342,31.79
MKT01226,2025-07-09,CAN01,CAM002,477.53,20795,1127,42,6276.34,59,867,60.54
MKT01227,2025-07-09,CAN02,,174.36,8122,549,13,1716.01,37,701,36.77
MKT01228,2025-07-09,CAN03,,203.54,20094,716,26,2389.97,66,716,53.56
MKT01229,2025-07-09,CAN04,,148.91,15624,688,20,2167.95,33,688,35.8
MKT01230,2025-07-09,CAN05,,41.17,1180,229,4,412.46,6,229,41.87
MKT01231,2025-07-09,CAN06,,65.17,5370,339,10,1436.86,21,410,45.17
MKT01232,2025-07-09,CAN07,,154.97,11270,428,16,1423.85,27,470,61.59
MKT01233,2025-07-10,CAN01,CAM002,427.72,20753,1406,33,5027.47,41,1371,30.25
MKT01234,2025-07-10,CAN02,,202.89,9125,765,24,2325.44,42,864,44.35
MKT01235,2025-07-10,CAN03,,205.72,18514,749,13,1594.65,32,956,58.34
MKT01236,2025-07-10,CAN04,,158.59,18333,586,23,2786.01,49,689,51.96
MKT01237,2025-07-10,CAN05,,37.62,868,168,6,934.26,16,204,47.62
MKT01238,2025-07-10,CAN06,,68.64,4503,152,4,594.98,11,197,36.23
MKT01239,2025-07-10,CAN07,,123.05,9541,243,4,448.75,8,297,49.2
MKT01240,2025-07-11,CAN01,CAM002,364.39,17600,1025,35,5053.79,53,985,52.02
MKT01241,2025-07-11,CAN02,,206.95,10587,562,9,818.44,20,705,40.78
MKT01242,2025-07-11,CAN03,,254.16,28133,790,18,2683.17,34,891,54.31
MKT01243,2025-07-11,CAN04,,128.55,13608,457,14,1306.97,41,514,37.59
MKT01244,2025-07-11,CAN05,,39.13,2046,462,7,823.16,13,564,33.71
MKT01245,2025-07-11,CAN06,,59.34,7492,334,12,1018.46,22,407,42.01
MKT01246,2025-07-11,CAN07,,141.53,11696,277,8,1171.2,20,303,53.47
MKT01247,2025-07-12,CAN01,CAM002,441.28,21485,1419,44,4536.06,62,1134,32.77
MKT01248,2025-07-12,CAN02,,204.3,10534,763,27,2820.72,67,967,42.98
MKT01249,2025-07-12,CAN03,,254.6,28612,961,19,2082.65,43,1044,50.39
MKT01250,2025-07-12,CAN04,,132.26,10597,472,10,879.34,22,546,33.06
MKT01251,2025-07-12,CAN05,,35.15,2138,391,11,1482.84,19,415,35.88
MKT01252,2025-07-12,CAN06,,61.33,10837,475,16,2196.64,38,513,45.1
MKT01253,2025-07-12,CAN07,,131.63,11813,484,15,1257.58,28,587,51.31
MKT01254,2025-07-13,CAN01,CAM002,439.14,22183,1524,42,5169.72,52,1241,32.78
MKT01255,2025-07-13,CAN02,,187.07,9952,562,9,811.99,21,574,60.17
MKT01256,2025-07-13,CAN03,,254.21,21507,941,31,4375.3,47,1141,36.86
MKT01257,2025-07-13,CAN04,,150.17,16798,460,9,1150.36,20,508,50.72
MKT01258,2025-07-13,CAN05,,36.51,1701,400,8,967.77,22,469,61.58
MKT01259,2025-07-13,CAN06,,79.16,5480,259,3,286.23,8,301,44.03
MKT01260,2025-07-13,CAN07,,157.26,12074,281,7,1060.02,13,335,39.0
MKT01261,2025-07-14,CAN01,CAM002,451.67,21047,1459,35,4615.38,64,1123,45.51
MKT01262,2025-07-14,CAN02,,193.13,9570,748,27,2655.32,57,939,51.93
MKT01263,2025-07-14,CAN03,,258.91,21685,840,13,1060.55,35,849,44.98
MKT01264,2025-07-14,CAN04,,150.92,17981,593,17,2148.05,29,606,64.89
MKT01265,2025-07-14,CAN05,,42.37,2037,477,18,2262.8,45,603,41.85
MKT01266,2025-07-14,CAN06,,72.35,6482,243,9,798.92,16,268,55.06
MKT01267,2025-07-14,CAN07,,157.04,12208,366,9,1205.57,24,469,35.55
MKT01268,2025-07-15,CAN01,CAM002,399.19,18314,1202,49,7523.85,89,1189,46.92
MKT01269,2025-07-15,CAN02,,198.3,8780,771,29,2606.92,84,831,59.36
MKT01270,2025-07-15,CAN03,,235.94,24234,714,27,4059.06,76,714,42.52
MKT01271,2025-07-15,CAN04,,145.92,16509,598,19,2569.12,52,598,30.81
MKT01272,2025-07-15,CAN05,CAM010,57.44,1796,400,7,596.61,9,308,60.1
MKT01273,2025-07-15,CAN06,,51.36,6918,247,8,1204.86,15,263,32.68
MKT01274,2025-07-15,CAN07,,136.4,8338,379,9,1426.06,15,448,51.77
MKT01275,2025-07-16,CAN01,CAM002,463.77,20396,1186,49,4539.72,80,941,63.33
MKT01276,2025-07-16,CAN02,,194.7,9348,662,15,1354.49,35,662,58.51
MKT01277,2025-07-16,CAN03,,246.63,27644,847,23,3650.73,47,986,44.53
MKT01278,2025-07-16,CAN04,,134.91,13407,450,6,912.1,11,564,61.86
MKT01279,2025-07-16,CAN05,CAM010,54.72,2902,586,9,1064.5,13,579,64.27
MKT01280,2025-07-16,CAN06,,77.36,5171,362,12,1355.09,34,439,49.96
MKT01281,2025-07-16,CAN07,,156.75,11982,381,13,1092.89,28,381,58.2
MKT01282,2025-07-17,CAN01,CAM002,372.01,18167,860,18,2315.38,33,708,53.46
MKT01283,2025-07-17,CAN02,,174.91,8480,725,14,1383.12,22,725,60.65
MKT01284,2025-07-17,CAN03,,203.42,19173,796,13,1600.2,19,935,46.53
MKT01285,2025-07-17,CAN04,,131.84,15389,551,21,2313.39,53,651,40.14
MKT01286,2025-07-17,CAN05,,34.32,1058,150,2,286.27,5,150,49.95
MKT01287,2025-07-17,CAN06,,72.65,6099,223,4,383.47,9,286,38.82
MKT01288,2025-07-17,CAN07,,125.73,9891,237,7,1069.57,17,243,52.42
MKT01289,2025-07-18,CAN01,CAM002,457.08,20137,1846,44,6950.58,95,1493,53.53
MKT01290,2025-07-18,CAN02,,182.94,8546,739,20,1835.24,36,881,44.17
MKT01291,2025-07-18,CAN03,,255.67,26201,705,21,2252.76,53,870,50.86
MKT01292,2025-07-18,CAN04,,154.12,12482,419,10,1267.5,24,444,45.19
MKT01293,2025-07-18,CAN05,,42.15,2449,486,17,2185.68,41,596,33.17
MKT01294,2025-07-18,CAN06,,60.13,5442,227,7,1075.2,12,234,55.28
MKT01295,2025-07-18,CAN07,,134.76,11108,390,6,885.69,9,390,58.89
MKT01296,2025-07-19,CAN01,CAM002,400.58,16713,980,39,3671.93,59,864,36.89
MKT01297,2025-07-19,CAN02,,201.41,9600,584,21,3234.02,43,584,35.26
MKT01298,2025-07-19,CAN03,,200.66,23383,665,15,1656.06,37,779,32.67
MKT01299,2025-07-19,CAN04,,127.1,12738,367,9,925.23,14,374,48.01
MKT01300,2025-07-19,CAN05,,41.99,2302,522,15,1296.95,33,522,56.85
MKT01301,2025-07-19,CAN06,,63.44,10689,434,14,2223.37,40,464,62.15
MKT01302,2025-07-19,CAN07,,137.53,8401,160,3,275.35,4,170,42.64
MKT01303,2025-07-20,CAN01,CAM002,406.63,15779,1118,22,3018.12,31,962,42.46
MKT01304,2025-07-20,CAN02,,189.11,8066,441,12,1877.47,27,441,41.25
MKT01305,2025-07-20,CAN03,,215.93,18156,436,16,2017.32,28,546,46.14
MKT01306,2025-07-20,CAN04,,128.76,11293,356,12,1300.17,19,454,39.2
MKT01307,2025-07-20,CAN05,,34.24,1721,273,4,331.7,7,273,45.7
MKT01308,2025-07-20,CAN06,,78.37,7253,199,4,500.63,6,255,63.95
MKT01309,2025-07-20,CAN07,,160.09,14887,499,13,1531.96,21,539,51.34
MKT01310,2025-07-21,CAN01,CAM002,432.78,19119,1238,46,6295.7,76,953,38.37
MKT01311,2025-07-21,CAN02,,170.49,7902,590,22,3164.81,58,590,42.45
MKT01312,2025-07-21,CAN03,,207.5,17752,542,9,1324.85,21,542,47.15
MKT01313,2025-07-21,CAN04,,158.93,12889,294,4,430.2,10,364,54.18
MKT01314,2025-07-21,CAN05,,36.8,1905,343,10,997.71,25,343,49.72
MKT01315,2025-07-21,CAN06,,68.69,6737,178,4,446.91,7,213,43.52
MKT01316,2025-07-21,CAN07,,145.56,11041,489,18,1455.56,40,559,63.16
MKT01317,2025-07-22,CAN01,CAM002,458.21,17549,1064,43,3482.88,82,967,61.69
MKT01318,2025-07-22,CAN02,,181.79,7687,509,17,1806.99,34,561,41.19
MKT01319,2025-07-22,CAN03,,211.67,18028,485,15,1384.6,23,487,48.33
MKT01320,2025-07-22,CAN04,,131.41,15655,481,16,1622.7,43,492,64.9
MKT01321,2025-07-22,CAN05,,37.33,2288,440,15,2158.12,42,546,63.18
MKT01322,2025-07-22,CAN06,,50.19,8700,323,11,1560.65,27,402,53.24
MKT01323,2025-07-22,CAN07,,128.32,12120,228,6,644.8,17,247,36.02
MKT01324,2025-07-23,CAN01,CAM002,362.69,18223,1615,40,6410.68,84,1276,42.81
MKT01325,2025-07-23,CAN02,,194.53,10604,623,15,1258.18,44,757,46.37
MKT01326,2025-07-23,CAN03,,249.48,28684,1112,34,5337.86,88,1435,38.23
MKT01327,2025-07-23,CAN04,,131.21,10637,409,13,1403.48,36,481,33.33
MKT01328,2025-07-23,CAN05,,33.27,817,186,6,948.37,10,220,60.28
MKT01329,2025-07-23,CAN06,,49.27,9590,429,13,1892.71,26,510,42.96
MKT01330,2025-07-23,CAN07,,154.21,10162,446,11,1478.33,30,572,64.72
MKT01331,2025-07-24,CAN01,CAM002,380.89,18260,1552,43,4064.48,49,1194,36.48
MKT01332,2025-07-24,CAN02,,186.37,7976,612,17,1372.73,26,617,37.59
MKT01333,2025-07-24,CAN03,,218.55,20921,919,25,3450.4,67,1137,47.51
MKT01334,2025-07-24,CAN04,,139.73,13884,362,7,810.98,17,364,62.2
MKT01335,2025-07-24,CAN05,,40.61,1247,245,9,1375.01,15,274,35.27
MKT01336,2025-07-24,CAN06,,69.52,6351,303,10,1568.67,20,319,42.89
MKT01337,2025-07-24,CAN07,,142.15,10994,435,16,2148.72,37,557,63.78
MKT01338,2025-07-25,CAN01,CAM002,474.96,17752,1484,56,4897.84,85,1142,56.87
MKT01339,2025-07-25,CAN02,,194.95,8950,501,9,1332.84,23,611,39.68
MKT01340,2025-07-25,CAN03,,251.71,24030,654,23,3463.59,47,762,41.69
MKT01341,2025-07-25,CAN04,,148.32,11932,416,12,1228.52,31,416,61.61
MKT01342,2025-07-25,CAN05,,39.91,1788,317,8,784.47,20,391,58.86
MKT01343,2025-07-25,CAN06,,77.38,6364,257,7,945.47,12,264,39.7
MKT01344,2025-07-25,CAN07,,145.76,10045,368,13,1405.48,31,368,47.93
MKT01345,2025-07-26,CAN01,CAM002,395.7,18075,947,18,2519.75,25,871,55.86
MKT01346,2025-07-26,CAN02,,195.75,9480,659,11,1214.42,21,659,61.47
MKT01347,2025-07-26,CAN03,,234.87,19850,766,19,2439.88,31,803,39.75
MKT01348,2025-07-26,CAN04,,150.71,12236,362,14,2169.81,41,362,53.23
MKT01349,2025-07-26,CAN05,,41.42,1063,269,5,501.98,7,327,57.21
MKT01350,2025-07-26,CAN06,,51.92,10098,400,15,1554.76,29,400,57.64
MKT01351,2025-07-26,CAN07,,134.57,8490,270,6,775.77,15,270,51.04
MKT01352,2025-07-27,CAN01,CAM002,458.22,21765,2020,70,5793.3,90,1554,32.01
MKT01353,2025-07-27,CAN02,,166.46,7692,589,14,1791.79,37,643,55.85
MKT01354,2025-07-27,CAN03,,266.55,31345,974,36,4345.21,105,1054,63.7
MKT01355,2025-07-27,CAN04,,134.58,14309,502,12,1691.59,28,524,36.89
MKT01356,2025-07-27,CAN05,,38.68,1077,266,7,991.53,20,310,51.76
MKT01357,2025-07-27,CAN06,,57.88,11120,455,17,2149.42,27,561,50.48
MKT01358,2025-07-27,CAN07,,127.2,10289,325,5,554.17,11,380,30.05
MKT01359,2025-07-28,CAN01,CAM002,397.1,19618,1121,25,2269.92,30,943,38.0
MKT01360,2025-07-28,CAN02,,208.05,9200,719,15,2055.84,38,808,58.94
MKT01361,2025-07-28,CAN03,,219.93,20791,543,20,2083.86,53,543,55.4
MKT01362,2025-07-28,CAN04,,150.32,13688,598,14,1928.09,23,598,58.99
MKT01363,2025-07-28,CAN05,,42.88,1019,216,4,356.25,6,216,33.09
MKT01364,2025-07-28,CAN06,,67.06,10705,659,14,1853.78,21,762,40.97
MKT01365,2025-07-28,CAN07,,145.12,14221,246,7,742.1,12,246,34.89
MKT01366,2025-07-29,CAN01,CAM002,454.9,17848,1101,44,4047.27,75,1022,50.32
MKT01367,2025-07-29,CAN02,,208.42,11241,662,11,1641.75,31,802,57.74
MKT01368,2025-07-29,CAN03,,199.11,20035,937,33,3026.74,95,937,30.3
MKT01369,2025-07-29,CAN04,,149.95,14181,643,11,1464.25,25,744,60.75
MKT01370,2025-07-29,CAN05,,34.11,2070,486,10,1039.19,22,552,45.89
MKT01371,2025-07-29,CAN06,,74.64,8870,348,8,1137.49,20,370,53.33
MKT01372,2025-07-29,CAN07,,135.35,10248,291,7,933.35,18,321,34.75
MKT01373,2025-07-30,CAN01,CAM002,478.59,21239,1734,44,6085.72,55,1398,52.34
MKT01374,2025-07-30,CAN02,,187.02,8374,694,26,2966.32,52,842,40.37
MKT01375,2025-07-30,CAN03,,234.04,21468,481,11,1113.76,18,622,36.9
MKT01376,2025-07-30,CAN04,,127.37,14654,432,14,1643.5,34,526,31.13
MKT01377,2025-07-30,CAN05,,33.86,1565,354,7,654.63,20,447,33.27
MKT01378,2025-07-30,CAN06,,53.6,5766,408,13,1589.77,31,408,56.14
MKT01379,2025-07-30,CAN07,,144.6,8764,190,7,1037.35,15,222,38.56
MKT01380,2025-07-31,CAN01,CAM002,438.83,18937,1214,36,3297.36,59,1096,35.12
MKT01381,2025-07-31,CAN02,,214.04,11349,737,12,1103.63,19,882,35.89
MKT01382,2025-07-31,CAN03,,232.12,24185,749,21,2359.41,51,749,33.07
MKT01383,2025-07-31,CAN04,,157.79,18137,486,9,800.99,14,626,63.73
MKT01384,2025-07-31,CAN05,,34.11,836,138,4,359.31,8,168,35.78
MKT01385,2025-07-31,CAN06,,69.29,9830,502,17,2057.93,30,502,30.69
MKT01386,2025-07-31,CAN07,,138.28,9033,258,9,1141.21,26,292,31.98
MKT01387,2025-08-01,CAN01,,244.76,9794,648,20,2927.24,32,680,36.69
MKT01388,2025-08-01,CAN02,,171.23,8970,671,20,1788.15,55,809,35.0
MKT01389,2025-08-01,CAN03,CAM003,291.09,32547,919,16,1806.76,32,707,64.46
MKT01390,2025-08-01,CAN04,,138.33,11697,377,11,1187.38,22,385,50.8
MKT01391,2025-08-01,CAN05,,29.09,2381,575,16,2446.59,35,575,34.34
MKT01392,2025-08-01,CAN06,,54.02,5142,265,8,1086.8,17,299,63.6
MKT01393,2025-08-01,CAN07,,108.27,7653,282,11,1125.65,27,323,58.12
MKT01394,2025-08-02,CAN01,,244.64,12474,1002,37,5197.84,102,1005,41.16
MKT01395,2025-08-02,CAN02,,152.62,6294,587,16,2438.39,47,587,58.96
MKT01396,2025-08-02,CAN03,CAM003,345.75,35749,1063,35,5095.97,64,912,45.89
MKT01397,2025-08-02,CAN04,,141.95,15711,387,11,949.3,19,387,60.47
MKT01398,2025-08-02,CAN05,,33.46,2070,346,7,905.91,15,387,37.36
MKT01399,2025-08-02,CAN06,,55.28,5801,144,3,323.65,5,181,57.66
MKT01400,2025-08-02,CAN07,,138.77,12995,471,15,1994.69,24,471,54.4
MKT01401,2025-08-03,CAN01,,253.33,13861,843,29,3439.2,48,930,33.54
MKT01402,2025-08-03,CAN02,,178.32,8681,667,10,1213.62,23,667,62.09
MKT01403,2025-08-03,CAN03,CAM003,286.32,27225,730,25,2462.1,51,562,30.77
MKT01404,2025-08-03,CAN04,,121.08,10612,352,8,685.8,14,398,30.06
MKT01405,2025-08-03,CAN05,,29.66,2032,313,6,617.65,11,383,51.2
MKT01406,2025-08-03,CAN06,,72.21,4456,128,4,461.65,10,147,55.54
MKT01407,2025-08-03,CAN07,,125.18,11597,336,5,597.55,11,336,51.16
MKT01408,2025-08-04,CAN01,,231.44,9849,741,23,1950.6,51,741,53.36
MKT01409,2025-08-04,CAN02,,190.88,9897,873,25,3059.22,38,898,31.63
MKT01410,2025-08-04,CAN03,CAM003,293.49,31817,700,28,3642.9,42,539,42.08
MKT01411,2025-08-04,CAN04,,110.19,11838,283,10,958.01,26,363,53.88
MKT01412,2025-08-04,CAN05,,30.01,1218,201,6,646.96,13,229,34.39
MKT01413,2025-08-04,CAN06,,62.02,8908,324,7,849.01,19,343,47.75
MKT01414,2025-08-04,CAN07,,117.29,8938,299,6,691.28,11,343,49.3
MKT01415,2025-08-05,CAN01,,255.1,12686,769,30,4690.51,86,769,36.32
MKT01416,2025-08-05,CAN02,,148.14,7070,498,17,1386.71,28,554,58.83
MKT01417,2025-08-05,CAN03,CAM003,355.59,28474,1114,21,2148.83,43,1106,37.33
MKT01418,2025-08-05,CAN04,,107.48,12665,382,9,1250.61,24,385,58.82
MKT01419,2025-08-05,CAN05,,36.99,1048,220,5,648.1,14,220,47.91
MKT01420,2025-08-05,CAN06,,83.8,3800,191,5,451.41,8,191,51.19
MKT01421,2025-08-05,CAN07,,116.23,7154,250,4,635.24,8,294,46.58
MKT01422,2025-08-06,CAN01,,234.72,10835,959,37,3559.05,75,1179,32.97
MKT01423,2025-08-06,CAN02,,150.33,7062,507,16,1297.37,31,507,62.22
MKT01424,2025-08-06,CAN03,CAM003,338.12,34669,1201,23,2034.97,28,1113,56.68
MKT01425,2025-08-06,CAN04,,128.31,15036,496,8,1201.65,16,555,51.9
MKT01426,2025-08-06,CAN05,,36.73,1117,234,8,1105.75,22,302,47.45
MKT01427,2025-08-06,CAN06,,57.3,7680,377,12,1807.94,34,467,32.81
MKT01428,2025-08-06,CAN07,,118.18,10673,246,7,832.69,20,300,33.66
MKT01429,2025-08-07,CAN01,,266.32,12283,698,25,2291.58,65,698,35.32
MKT01430,2025-08-07,CAN02,,169.89,7861,481,13,1942.82,32,525,49.67
MKT01431,2025-08-07,CAN03,CAM003,359.17,38168,1361,57,6710.21,106,1251,30.81
MKT01432,2025-08-07,CAN04,,142.37,16665,544,13,2070.24,26,623,34.2
MKT01433,2025-08-07,CAN05,,30.94,1058,230,4,495.1,6,247,47.6
MKT01434,2025-08-07,CAN06,,86.42,5304,188,4,377.48,6,236,35.46
MKT01435,2025-08-07,CAN07,,127.14,12321,380,14,1364.74,27,481,52.22
MKT01436,2025-08-08,CAN01,,286.51,11682,978,20,2842.81,38,1019,43.06
MKT01437,2025-08-08,CAN02,,167.01,8199,507,16,1335.92,45,507,38.96
MKT01438,2025-08-08,CAN03,CAM003,266.94,22744,540,8,744.95,9,500,58.63
MKT01439,2025-08-08,CAN04,,128.2,13160,388,8,1234.98,16,492,45.09
MKT01440,2025-08-08,CAN05,,28.47,2187,515,10,1026.84,25,542,59.42
MKT01441,2025-08-08,CAN06,,69.47,5314,186,7,743.98,15,186,48.82
MKT01442,2025-08-08,CAN07,,118.68,10526,254,5,638.99,11,329,50.49
MKT01443,2025-08-09,CAN01,,263.98,11419,1096,40,4099.85,84,1096,60.08
MKT01444,2025-08-09,CAN02,,187.07,9770,599,19,2144.0,31,761,34.78
MKT01445,2025-08-09,CAN03,CAM003,293.77,23156,663,12,1406.05,23,653,64.26
MKT01446,2025-08-09,CAN04,,143.22,15008,434,11,1751.4,16,465,38.0
MKT01447,2025-08-09,CAN05,,31.3,1667,284,10,1429.38,16,284,55.63
MKT01448,2025-08-09,CAN06,,50.11,5706,252,9,1096.6,16,296,61.56
MKT01449,2025-08-09,CAN07,,106.32,10568,343,7,1036.28,12,373,31.65
MKT01450,2025-08-10,CAN01,,242.93,12625,841,23,3339.14,59,871,34.8
MKT01451,2025-08-10,CAN02,,165.08,8751,660,25,2361.67,47,709,50.86
MKT01452,2025-08-10,CAN03,CAM003,312.21,31582,1085,26,2843.76,32,1065,33.16
MKT01453,2025-08-10,CAN04,,137.12,15545,573,12,1541.1,30,646,62.28
MKT01454,2025-08-10,CAN05,,36.88,1442,387,12,1242.15,35,474,63.25
MKT01455,2025-08-10,CAN06,,74.54,9166,417,16,2320.17,30,476,39.64
MKT01456,2025-08-10,CAN07,,129.95,11457,437,7,565.79,10,500,48.7
MKT01457,2025-08-11,CAN01,,247.31,12282,939,22,2846.73,43,939,47.27
MKT01458,2025-08-11,CAN02,,171.26,9085,733,28,3077.7,82,911,51.38
MKT01459,2025-08-11,CAN03,,181.53,18370,728,14,1419.96,36,860,57.12
MKT01460,2025-08-11,CAN04,,113.2,12630,344,13,1087.52,26,350,51.97
MKT01461,2025-08-11,CAN05,,33.28,1641,301,8,950.7,20,320,31.04
MKT01462,2025-08-11,CAN06,,77.1,7399,391,14,2124.37,30,439,59.77
MKT01463,2025-08-11,CAN07,,119.84,10481,266,8,746.46,23,266,48.21
MKT01464,2025-08-12,CAN01,,254.11,12717,1148,29,4086.35,81,1148,40.88
MKT01465,2025-08-12,CAN02,,182.18,7413,456,18,2264.4,44,531,46.87
MKT01466,2025-08-12,CAN03,,189.01,15252,448,10,1226.29,23,562,60.77
MKT01467,2025-08-12,CAN04,,111.61,8975,273,9,1147.79,22,318,43.63
MKT01468,2025-08-12,CAN05,,34.31,2065,475,10,1455.6,20,563,36.54
MKT01469,2025-08-12,CAN06,,81.07,3803,245,5,710.57,10,277,44.94
MKT01470,2025-08-12,CAN07,,132.04,9077,401,7,953.36,14,500,32.76
MKT01471,2025-08-13,CAN01,,272.57,13463,1199,42,5185.84,107,1347,34.85
MKT01472,2025-08-13,CAN02,,155.0,8059,742,28,3560.81,45,742,61.11
MKT01473,2025-08-13,CAN03,,207.32,19057,434,8,857.27,20,440,30.15
MKT01474,2025-08-13,CAN04,,130.92,15334,428,16,1596.02,41,533,44.71
MKT01475,2025-08-13,CAN05,,31.3,2263,321,8,1147.94,18,340,37.87
MKT01476,2025-08-13,CAN06,,73.89,9001,293,7,588.55,11,293,47.6
MKT01477,2025-08-13,CAN07,,139.22,12022,367,6,813.11,15,375,31.09
MKT01478,2025-08-14,CAN01,,243.74,10983,1100,18,1555.56,30,1100,47.83
MKT01479,2025-08-14,CAN02,,148.82,8039,606,11,1210.39,17,606,58.97
MKT01480,2025-08-14,CAN03,,225.43,22943,695,23,2944.07,55,892,62.4
MKT01481,2025-08-14,CAN04,,125.82,13543,455,7,673.93,14,455,46.06
MKT01482,2025-08-14,CAN05,,32.82,1468,307,5,470.06,10,319,58.21
MKT01483,2025-08-14,CAN06,,46.86,5447,225,6,518.39,15,225,48.42
MKT01484,2025-08-14,CAN07,,111.83,7682,255,5,587.77,8,255,47.9
MKT01485,2025-08-15,CAN01,,259.9,12912,1066,39,5313.2,76,1066,63.97
MKT01486,2025-08-15,CAN02,,172.73,8149,771,16,2185.4,33,952,48.85
MKT01487,2025-08-15,CAN03,,211.33,17358,420,16,2042.86,43,433,63.76
MKT01488,2025-08-15,CAN04,,138.09,14287,443,7,1052.45,13,512,39.64
MKT01489,2025-08-15,CAN05,,38.2,1868,520,15,2118.39,42,520,44.33
MKT01490,2025-08-15,CAN06,,66.18,8541,375,6,526.78,10,443,50.43
MKT01491,2025-08-15,CAN07,,118.01,9959,357,12,1063.66,20,362,43.76
MKT01492,2025-08-16,CAN01,,261.77,14209,1067,30,3689.7,73,1173,57.79
MKT01493,2025-08-16,CAN02,,166.29,6706,461,8,1278.42,14,461,52.23
MKT01494,2025-08-16,CAN03,,237.53,20314,724,13,1319.98,35,739,34.27
MKT01495,2025-08-16,CAN04,,132.88,15796,449,16,1703.86,47,482,51.0
MKT01496,2025-08-16,CAN05,,33.48,872,163,4,479.23,6,163,30.44
MKT01497,2025-08-16,CAN06,,82.76,8940,501,13,1905.9,28,618,48.53
MKT01498,2025-08-16,CAN07,,116.16,8260,264,10,1125.33,21,338,53.7
MKT01499,2025-08-17,CAN01,,221.39,9793,849,27,4195.9,65,1032,36.52
MKT01500,2025-08-17,CAN02,,178.23,8693,796,22,3209.79,34,828,62.04
MKT01501,2025-08-17,CAN03,,203.83,17244,687,13,1593.88,25,760,53.25
MKT01502,2025-08-17,CAN04,,136.0,11072,440,15,1918.01,39,442,53.63
MKT01503,2025-08-17,CAN05,,34.53,2462,528,14,1263.02,29,558,32.05
MKT01504,2025-08-17,CAN06,,74.06,8435,310,11,1299.82,26,310,39.43
MKT01505,2025-08-17,CAN07,,112.24,9653,348,12,1819.2,19,408,45.0
MKT01506,2025-08-18,CAN01,,234.16,10728,1112,17,1507.48,30,1395,47.32
MKT01507,2025-08-18,CAN02,,150.23,6889,379,10,843.7,19,379,56.77
MKT01508,2025-08-18,CAN03,,227.45,24434,1012,18,2632.33,51,1060,53.67
MKT01509,2025-08-18,CAN04,,125.44,10344,363,11,1490.74,22,411,51.1
MKT01510,2025-08-18,CAN05,,33.1,1388,317,8,830.26,17,354,63.9
MKT01511,2025-08-18,CAN06,,61.44,4322,204,6,590.56,16,206,37.1
MKT01512,2025-08-18,CAN07,,119.24,8143,335,6,620.67,16,335,55.02
MKT01513,2025-08-19,CAN01,,216.85,11020,843,28,3909.23,53,843,63.25
MKT01514,2025-08-19,CAN02,,153.99,6796,422,10,1528.12,22,503,51.1
MKT01515,2025-08-19,CAN03,,190.36,17646,582,19,2063.11,50,749,37.91
MKT01516,2025-08-19,CAN04,,121.4,10306,343,10,1446.38,18,374,59.69
MKT01517,2025-08-19,CAN05,,32.28,1864,398,6,695.57,17,400,33.37
MKT01518,2025-08-19,CAN06,,54.28,6049,261,5,412.43,8,315,55.15
MKT01519,2025-08-19,CAN07,,124.12,10242,349,13,1492.87,33,349,62.92
MKT01520,2025-08-20,CAN01,,228.79,9618,662,11,1647.64,16,839,35.59
MKT01521,2025-08-20,CAN02,,190.42,7819,489,18,1753.74,38,489,49.01
MKT01522,2025-08-20,CAN03,,234.7,20564,643,22,2607.92,42,643,55.92
MKT01523,2025-08-20,CAN04,,108.05,9415,377,12,1751.55,19,436,64.65
MKT01524,2025-08-20,CAN05,,38.12,1575,440,12,1205.7,28,440,52.15
MKT01525,2025-08-20,CAN06,,71.81,8978,493,13,1313.85,26,603,57.26
MKT01526,2025-08-20,CAN07,,109.86,7905,200,5,698.23,7,210,64.77
MKT01527,2025-08-21,CAN01,,283.12,12617,761,18,2051.28,34,761,58.27
MKT01528,2025-08-21,CAN02,,186.98,8266,609,22,2575.91,44,609,58.6
MKT01529,2025-08-21,CAN03,,203.6,21858,869,19,1528.21,38,986,36.21
MKT01530,2025-08-21,CAN04,,113.81,13608,455,11,1551.36,18,455,52.03
MKT01531,2025-08-21,CAN05,,37.58,1507,332,10,1305.73,23,419,41.99
MKT01532,2025-08-21,CAN06,,79.3,4954,160,5,744.43,10,166,41.17
MKT01533,2025-08-21,CAN07,,138.53,12708,479,15,1418.2,42,605,62.92
MKT01534,2025-08-22,CAN01,,213.61,10047,690,23,2966.23,65,690,33.84
MKT01535,2025-08-22,CAN02,,147.31,7074,677,23,2954.68,59,677,52.65
MKT01536,2025-08-22,CAN03,,208.42,20775,574,17,2571.29,35,679,49.21
MKT01537,2025-08-22,CAN04,,142.87,15697,610,22,2942.77,51,676,36.33
MKT01538,2025-08-22,CAN05,,35.94,1339,273,10,1301.07,21,273,31.55
MKT01539,2025-08-22,CAN06,,79.95,5046,249,5,768.65,13,249,60.45
MKT01540,2025-08-22,CAN07,,133.19,8932,397,10,1313.83,28,406,35.0
MKT01541,2025-08-23,CAN01,,266.05,11221,636,10,1018.44,16,740,33.22
MKT01542,2025-08-23,CAN02,,173.98,7188,556,11,1391.06,25,556,57.1
MKT01543,2025-08-23,CAN03,,198.84,20886,870,19,1830.37,33,1081,58.06
MKT01544,2025-08-23,CAN04,,113.3,12079,362,13,1194.92,31,362,54.42
MKT01545,2025-08-23,CAN05,,31.44,2097,354,10,1016.42,21,354,46.14
MKT01546,2025-08-23,CAN06,,73.18,6451,409,13,1807.74,31,488,35.69
MKT01547,2025-08-23,CAN07,,116.42,9002,259,6,691.71,12,295,45.87
MKT01548,2025-08-24,CAN01,,236.36,11830,896,14,1241.19,35,896,37.97
MKT01549,2025-08-24,CAN02,,143.58,5829,489,14,1791.12,23,607,38.88
MKT01550,2025-08-24,CAN03,,193.06,17146,658,25,2502.04,62,658,41.8
MKT01551,2025-08-24,CAN04,,120.77,10595,297,7,670.33,10,297,47.8
MKT01552,2025-08-24,CAN05,,31.7,1333,289,10,857.85,16,289,51.24
MKT01553,2025-08-24,CAN06,,75.19,3781,164,4,626.93,7,164,63.59
MKT01554,2025-08-24,CAN07,,138.79,12996,302,8,1071.22,14,338,45.56
MKT01555,2025-08-25,CAN01,,238.71,11756,993,19,2231.86,41,1279,53.31
MKT01556,2025-08-25,CAN02,,169.32,9265,635,23,3208.94,50,635,54.72
MKT01557,2025-08-25,CAN03,,186.36,17264,549,14,2086.81,22,563,58.13
MKT01558,2025-08-25,CAN04,,135.36,12759,415,6,934.53,13,493,45.39
MKT01559,2025-08-25,CAN05,,30.52,2162,484,9,940.48,14,484,51.58
MKT01560,2025-08-25,CAN06,,70.6,7013,291,5,502.41,11,291,40.26
MKT01561,2025-08-25,CAN07,,133.94,8799,343,6,950.6,17,343,35.5
MKT01562,2025-08-26,CAN01,,237.87,11902,1174,31,2857.93,83,1190,49.13
MKT01563,2025-08-26,CAN02,,191.35,8426,470,11,1054.11,30,586,52.14
MKT01564,2025-08-26,CAN03,,210.76,17331,582,16,1338.14,35,582,41.52
MKT01565,2025-08-26,CAN04,,112.0,11532,401,8,1248.34,20,444,35.66
MKT01566,2025-08-26,CAN05,,30.32,2220,435,7,675.49,17,481,60.4
MKT01567,2025-08-26,CAN06,,55.3,4700,148,4,634.79,10,155,43.85
MKT01568,2025-08-26,CAN07,,117.0,11673,247,6,691.77,14,315,37.82
MKT01569,2025-08-27,CAN01,,272.01,13141,956,15,1265.23,40,956,39.16
MKT01570,2025-08-27,CAN02,,172.64,6929,486,16,1573.19,39,591,51.59
MKT01571,2025-08-27,CAN03,,238.96,25993,751,18,1764.75,36,893,57.48
MKT01572,2025-08-27,CAN04,,130.32,11654,539,15,1842.77,32,539,64.04
MKT01573,2025-08-27,CAN05,,28.37,1147,184,6,683.0,12,207,50.74
MKT01574,2025-08-27,CAN06,,61.98,7744,209,3,349.78,5,261,33.46
MKT01575,2025-08-27,CAN07,,118.27,8659,314,12,1130.44,35,333,34.62
MKT01576,2025-08-28,CAN01,,224.32,11641,1042,26,3608.38,57,1042,37.99
MKT01577,2025-08-28,CAN02,,145.91,6075,511,16,2251.5,47,642,64.87
MKT01578,2025-08-28,CAN03,,188.39,21459,958,16,1544.03,36,1220,48.16
MKT01579,2025-08-28,CAN04,,125.52,12680,474,12,1030.7,18,536,31.57
MKT01580,2025-08-28,CAN05,,34.19,2417,573,8,1232.3,19,743,42.75
MKT01581,2025-08-28,CAN06,,50.12,7523,371,10,1250.23,25,467,64.8
MKT01582,2025-08-28,CAN07,,108.85,8898,166,2,304.5,3,212,45.12
MKT01583,2025-08-29,CAN01,,272.1,14758,918,35,3443.2,78,1044,57.16
MKT01584,2025-08-29,CAN02,,164.18,8253,684,22,1884.0,44,758,51.57
MKT01585,2025-08-29,CAN03,,188.95,17567,517,14,1703.59,32,562,37.98
MKT01586,2025-08-29,CAN04,,113.19,11210,381,10,1174.3,28,489,36.64
MKT01587,2025-08-29,CAN05,,35.88,2089,304,12,1549.15,34,304,50.03
MKT01588,2025-08-29,CAN06,,77.88,9123,446,8,712.19,22,446,42.75
MKT01589,2025-08-29,CAN07,,122.32,9788,247,6,771.26,13,247,49.66
MKT01590,2025-08-30,CAN01,,223.93,11544,834,26,3425.28,65,944,30.68
MKT01591,2025-08-30,CAN02,,145.39,7433,575,16,1297.79,28,737,49.71
MKT01592,2025-08-30,CAN03,,233.08,24540,791,15,1403.63,32,974,57.8
MKT01593,2025-08-30,CAN04,,119.03,12264,487,16,1339.77,28,594,35.57
MKT01594,2025-08-30,CAN05,,29.06,1057,188,5,739.66,7,221,57.82
MKT01595,2025-08-30,CAN06,,79.3,9865,433,10,1256.89,20,531,64.2
MKT01596,2025-08-30,CAN07,,115.0,9673,302,4,634.35,7,364,52.88
MKT01597,2025-08-31,CAN01,,227.85,12344,809,23,3130.48,37,942,35.72
MKT01598,2025-08-31,CAN02,,156.15,6540,681,15,2052.05,28,762,44.33
MKT01599,2025-08-31,CAN03,,218.77,24451,983,23,2931.44,59,983,36.82
MKT01600,2025-08-31,CAN04,,138.17,12599,381,10,996.6,22,416,44.66
MKT01601,2025-08-31,CAN05,,34.69,1063,156,4,511.25,8,157,38.42
MKT01602,2025-08-31,CAN06,,63.61,8715,357,9,726.52,23,388,44.73
MKT01603,2025-08-31,CAN07,,119.38,11681,320,10,1549.14,18,320,58.22
MKT01604,2025-09-01,CAN01,,188.45,7661,636,12,1355.34,27,809,54.05
MKT01605,2025-09-01,CAN02,,117.8,5451,372,12,1426.28,35,482,41.04
MKT01606,2025-09-01,CAN03,,145.3,14299,529,20,3117.26,33,529,54.49
MKT01607,2025-09-01,CAN04,,87.66,8203,265,6,512.26,12,331,46.69
MKT01608,2025-09-01,CAN05,,27.99,2260,500,18,1991.35,44,606,51.47
MKT01609,2025-09-01,CAN06,,76.45,7284,384,9,962.71,17,384,62.43
MKT01610,2025-09-01,CAN07,,101.53,6696,176,4,573.62,11,214,49.61
MKT01611,2025-09-02,CAN01,,227.42,9652,785,13,1339.42,26,792,59.92
MKT01612,2025-09-02,CAN02,,147.84,7704,538,18,1969.85,32,607,61.73
MKT01613,2025-09-02,CAN03,,149.25,17730,581,13,1477.95,26,581,51.23
MKT01614,2025-09-02,CAN04,,114.13,11135,251,5,510.31,14,251,44.41
MKT01615,2025-09-02,CAN05,,28.71,2440,503,19,2719.03,42,503,49.49
MKT01616,2025-09-02,CAN06,,76.4,7655,442,12,1155.03,31,516,55.28
MKT01617,2025-09-02,CAN07,,93.11,7753,220,7,805.01,19,263,59.23
MKT01618,2025-09-03,CAN01,,223.51,12274,688,23,3159.56,46,891,54.02
MKT01619,2025-09-03,CAN02,,145.46,7512,592,20,2349.28,44,665,49.22
MKT01620,2025-09-03,CAN03,,170.39,15029,548,14,1588.1,30,548,52.02
MKT01621,2025-09-03,CAN04,,85.71,7635,244,5,418.11,7,312,57.87
MKT01622,2025-09-03,CAN05,,29.57,1337,232,4,613.48,11,237,64.52
MKT01623,2025-09-03,CAN06,,47.94,5339,277,5,460.12,9,277,44.0
MKT01624,2025-09-03,CAN07,,102.6,10032,268,8,679.55,13,268,32.05
MKT01625,2025-09-04,CAN01,,193.91,9409,613,15,1895.25,29,634,43.39
MKT01626,2025-09-04,CAN02,,146.36,6172,423,11,1700.35,23,443,51.04
MKT01627,2025-09-04,CAN03,,176.81,20966,878,34,2731.19,53,1093,39.81
MKT01628,2025-09-04,CAN04,,98.72,10789,352,5,434.86,10,356,61.75
MKT01629,2025-09-04,CAN05,,26.72,2317,534,8,758.36,20,641,53.1
MKT01630,2025-09-04,CAN06,,65.36,4635,282,8,816.93,17,317,31.3
MKT01631,2025-09-04,CAN07,,114.91,8503,214,3,281.66,6,220,34.84
MKT01632,2025-09-05,CAN01,,197.93,9775,712,19,2499.43,53,712,64.13
MKT01633,2025-09-05,CAN02,,147.22,7446,583,18,2203.74,48,652,63.17
MKT01634,2025-09-05,CAN03,,183.03,18009,604,16,2440.65,32,769,50.77
MKT01635,2025-09-05,CAN04,,106.98,10542,370,7,907.03,15,438,50.66
MKT01636,2025-09-05,CAN05,,29.17,1756,352,6,617.77,9,409,58.54
MKT01637,2025-09-05,CAN06,,86.42,7288,422,13,1295.34,27,480,41.34
MKT01638,2025-09-05,CAN07,,85.58,5533,149,3,270.15,4,183,60.58
MKT01639,2025-09-06,CAN01,,185.41,9328,672,14,1462.85,35,672,30.34
MKT01640,2025-09-06,CAN02,,140.04,7359,525,13,1503.23,34,559,38.29
MKT01641,2025-09-06,CAN03,,168.8,14079,382,12,1772.56,34,488,60.42
MKT01642,2025-09-06,CAN04,,101.54,10927,471,10,989.58,26,471,31.83
MKT01643,2025-09-06,CAN05,,28.32,2270,394,15,1454.72,43,394,53.91
MKT01644,2025-09-06,CAN06,,48.17,6092,263,6,613.79,11,293,61.49
MKT01645,2025-09-06,CAN07,,87.56,8361,272,6,592.01,11,353,59.51
MKT01646,2025-09-07,CAN01,,213.18,9575,640,14,1235.15,31,823,54.18
MKT01647,2025-09-07,CAN02,,137.33,7413,765,26,2954.1,73,776,60.84
MKT01648,2025-09-07,CAN03,,142.31,14274,591,10,1462.51,23,591,47.99
MKT01649,2025-09-07,CAN04,,93.79,10480,259,9,1398.52,21,299,40.97
MKT01650,2025-09-07,CAN05,,27.66,1896,354,7,1060.32,10,392,63.02
MKT01651,2025-09-07,CAN06,,76.75,3262,138,3,308.33,7,170,50.05
MKT01652,2025-09-07,CAN07,,87.11,8612,189,3,421.07,8,221,56.0
MKT01653,2025-09-08,CAN01,,178.78,8551,602,14,1947.6,26,752,54.77
MKT01654,2025-09-08,CAN02,,139.58,6947,589,18,2805.03,45,589,56.07
MKT01655,2025-09-08,CAN03,,172.37,18925,572,12,1095.56,19,709,62.57
MKT01656,2025-09-08,CAN04,,94.86,7841,223,6,757.52,15,282,42.71
MKT01657,2025-09-08,CAN05,,24.67,1941,382,9,1372.0,21,472,39.53
MKT01658,2025-09-08,CAN06,,61.57,7563,326,5,620.12,10,395,54.51
MKT01659,2025-09-08,CAN07,,94.61,7879,130,3,290.75,6,166,40.61
MKT01660,2025-09-09,CAN01,,175.04,7562,438,7,688.91,14,438,54.29
MKT01661,2025-09-09,CAN02,,142.21,6344,375,14,1258.23,24,434,48.45
MKT01662,2025-09-09,CAN03,,164.57,17102,440,8,1235.7,21,440,54.1
MKT01663,2025-09-09,CAN04,,92.09,10366,299,11,1284.4,31,313,35.55
MKT01664,2025-09-09,CAN05,,27.36,856,169,5,426.8,12,181,61.35
MKT01665,2025-09-09,CAN06,,52.35,4151,214,7,563.77,12,217,57.1
MKT01666,2025-09-09,CAN07,,86.42,8118,166,3,242.92,8,186,43.14
MKT01667,2025-09-10,CAN01,,192.55,8257,682,14,1337.97,40,877,59.5
MKT01668,2025-09-10,CAN02,,150.69,6809,573,14,1686.74,31,573,63.88
MKT01669,2025-09-10,CAN03,,165.8,16204,559,10,1065.14,24,613,48.11
MKT01670,2025-09-10,CAN04,,97.81,10904,242,8,853.82,16,242,34.6
MKT01671,2025-09-10,CAN05,,25.78,1688,498,9,871.93,14,646,58.67
MKT01672,2025-09-10,CAN06,,86.13,5090,309,11,1502.4,29,389,34.83
MKT01673,2025-09-10,CAN07,,99.85,9869,414,14,1975.87,24,489,38.49
MKT01674,2025-09-11,CAN01,,176.26,7555,758,28,4202.1,67,922,34.82
MKT01675,2025-09-11,CAN02,,115.82,5727,533,10,884.18,28,543,43.21
MKT01676,2025-09-11,CAN03,,156.42,14951,430,7,897.71,15,430,62.64
MKT01677,2025-09-11,CAN04,,91.8,9770,354,11,1662.53,18,450,35.9
MKT01678,2025-09-11,CAN05,,28.84,1337,272,5,477.39,7,272,55.02
MKT01679,2025-09-11,CAN06,,50.62,7758,278,10,1225.96,28,305,52.64
MKT01680,2025-09-11,CAN07,,87.81,5927,161,3,243.44,5,161,63.81
MKT01681,2025-09-12,CAN01,,192.85,8591,619,10,1185.44,24,767,32.67
MKT01682,2025-09-12,CAN02,,124.45,5868,494,17,1910.07,34,494,59.32
MKT01683,2025-09-12,CAN03,,166.57,13518,554,19,2144.54,33,555,37.92
MKT01684,2025-09-12,CAN04,,101.2,10756,369,8,695.39,18,443,54.14
MKT01685,2025-09-12,CAN05,,27.48,2209,393,6,675.24,17,393,32.69
MKT01686,2025-09-12,CAN06,,81.62,7564,470,8,988.43,16,604,30.52
MKT01687,2025-09-12,CAN07,,101.88,6315,243,6,520.5,9,243,34.5
MKT01688,2025-09-13,CAN01,,204.86,10627,706,21,3104.8,38,706,43.29
MKT01689,2025-09-13,CAN02,,118.68,6089,450,11,981.97,25,475,37.2
MKT01690,2025-09-13,CAN03,,179.62,14641,364,11,1734.93,27,364,38.03
MKT01691,2025-09-13,CAN04,,108.66,8720,308,6,734.81,13,393,42.56
MKT01692,2025-09-13,CAN05,,27.32,1927,391,10,1472.44,23,444,32.83
MKT01693,2025-09-13,CAN06,,69.47,6465,316,12,1081.44,21,316,56.02
MKT01694,2025-09-13,CAN07,,85.38,7529,225,8,1162.94,14,291,41.84
MKT01695,2025-09-14,CAN01,,198.28,9043,660,14,1155.35,40,680,59.01
MKT01696,2025-09-14,CAN02,,119.48,5585,388,12,1235.84,35,472,61.16
MKT01697,2025-09-14,CAN03,,164.16,13866,371,11,1686.3,30,465,47.62
MKT01698,2025-09-14,CAN04,,109.01,12086,427,16,1372.23,47,445,59.75
MKT01699,2025-09-14,CAN05,,30.2,1805,394,9,1326.71,18,409,42.42
MKT01700,2025-09-14,CAN06,,72.39,4373,206,7,566.62,10,206,51.82
MKT01701,2025-09-14,CAN07,,92.81,8595,324,11,887.34,30,412,60.35
MKT01702,2025-09-15,CAN01,,185.37,7868,785,15,2384.3,43,785,62.84
MKT01703,2025-09-15,CAN02,,113.5,5008,439,15,2152.44,26,534,59.97
MKT01704,2025-09-15,CAN03,,142.02,11675,403,8,1042.88,12,481,43.04
MKT01705,2025-09-15,CAN04,,99.79,10759,323,6,868.45,11,341,45.53
MKT01706,2025-09-15,CAN05,,26.0,1301,267,4,419.53,9,345,46.91
MKT01707,2025-09-15,CAN06,,72.62,3139,101,2,185.1,3,115,63.37
MKT01708,2025-09-15,CAN07,,112.68,9845,306,8,1279.08,17,319,35.15
MKT01709,2025-09-16,CAN01,,200.98,11029,800,17,2109.53,36,940,37.23
MKT01710,2025-09-16,CAN02,,123.46,6585,463,14,1356.7,28,536,46.45
MKT01711,2025-09-16,CAN03,,166.59,17353,482,17,1883.86,50,617,56.9
MKT01712,2025-09-16,CAN04,,114.08,11597,311,7,923.85,14,393,61.78
MKT01713,2025-09-16,CAN05,,29.49,1824,406,10,1576.84,28,445,64.51
MKT01714,2025-09-16,CAN06,,61.61,7253,355,12,1895.06,21,414,62.48
MKT01715,2025-09-16,CAN07,,95.53,6911,210,3,342.21,6,210,37.93
MKT01716,2025-09-17,CAN01,,212.88,10588,636,18,1506.63,28,636,47.46
MKT01717,2025-09-17,CAN02,,129.37,6733,557,20,2607.09,51,557,44.33
MKT01718,2025-09-17,CAN03,,173.18,20022,673,22,2769.09,44,726,51.86
MKT01719,2025-09-17,CAN04,,99.04,11564,363,12,1724.39,31,463,30.67
MKT01720,2025-09-17,CAN05,,26.25,2110,450,8,908.56,15,450,34.71
MKT01721,2025-09-17,CAN06,,69.11,5346,291,11,1096.75,32,291,58.85
MKT01722,2025-09-17,CAN07,,87.54,7360,233,5,753.79,10,283,45.37
MKT01723,2025-09-18,CAN01,,214.45,9494,861,22,3192.25,38,1045,58.79
MKT01724,2025-09-18,CAN02,,115.09,5206,354,6,895.82,12,425,53.41
MKT01725,2025-09-18,CAN03,,186.8,15735,611,20,2366.93,52,663,57.58
MKT01726,2025-09-18,CAN04,,100.73,9647,371,9,898.16,20,443,34.47
MKT01727,2025-09-18,CAN05,,24.24,1038,230,4,470.55,9,239,36.14
MKT01728,2025-09-18,CAN06,,64.0,7728,203,6,629.2,9,230,62.03
MKT01729,2025-09-18,CAN07,,109.18,9498,241,6,938.16,9,241,46.83
MKT01730,2025-09-19,CAN01,,228.01,9470,869,15,1227.74,32,1076,42.17
MKT01731,2025-09-19,CAN02,,120.12,5693,417,7,969.76,11,437,53.06
MKT01732,2025-09-19,CAN03,,152.6,15263,465,14,1728.13,41,504,52.77
MKT01733,2025-09-19,CAN04,,103.24,9380,312,8,923.87,20,345,47.71
MKT01734,2025-09-19,CAN05,,27.05,1591,278,8,897.1,13,336,36.9
MKT01735,2025-09-19,CAN06,,81.1,3364,152,5,590.66,7,178,35.5
MKT01736,2025-09-19,CAN07,,91.18,7419,218,6,808.66,13,237,46.02
MKT01737,2025-09-20,CAN01,,204.3,9786,635,17,2092.45,44,712,39.45
MKT01738,2025-09-20,CAN02,,137.19,6403,511,17,1450.51,49,511,46.97
MKT01739,2025-09-20,CAN03,,175.67,15553,528,18,2634.38,29,603,30.03
MKT01740,2025-09-20,CAN04,,110.12,13185,500,9,1317.05,14,515,34.12
MKT01741,2025-09-20,CAN05,,25.76,1826,400,6,557.43,13,471,49.73
MKT01742,2025-09-20,CAN06,,77.09,5509,325,11,1537.81,26,400,33.53
MKT01743,2025-09-20,CAN07,,88.58,8559,242,6,867.99,17,289,40.12
MKT01744,2025-09-21,CAN01,,227.26,9272,728,26,2215.97,75,728,38.25
MKT01745,2025-09-21,CAN02,,134.3,6603,633,19,2986.37,42,668,48.61
MKT01746,2025-09-21,CAN03,,167.26,17435,714,14,1671.54,27,825,54.22
MKT01747,2025-09-21,CAN04,,91.35,10019,330,10,1093.73,27,330,46.34
MKT01748,2025-09-21,CAN05,,22.79,1878,490,18,2078.14,32,508,44.6
MKT01749,2025-09-21,CAN06,,54.41,7568,213,4,344.67,8,213,63.89
MKT01750,2025-09-21,CAN07,,86.34,7754,287,9,1312.12,15,311,43.23
MKT01751,2025-09-22,CAN01,,181.77,8124,725,19,2921.1,43,801,49.88
MKT01752,2025-09-22,CAN02,,145.4,7453,453,9,1303.24,15,531,39.1
MKT01753,2025-09-22,CAN03,,173.31,15028,593,21,3080.75,38,718,61.42
MKT01754,2025-09-22,CAN04,,88.95,10583,494,17,2499.88,26,494,38.46
MKT01755,2025-09-22,CAN05,,29.29,1175,192,5,642.76,12,236,41.88
MKT01756,2025-09-22,CAN06,,85.64,7809,376,9,852.09,26,376,36.16
MKT01757,2025-09-22,CAN07,,99.65,7582,223,4,391.27,10,238,46.94
MKT01758,2025-09-23,CAN01,,178.51,7685,553,16,2402.87,43,553,36.7
MKT01759,2025-09-23,CAN02,,142.04,7263,547,17,2260.25,43,611,45.53
MKT01760,2025-09-23,CAN03,,173.27,16367,580,10,1118.07,19,642,46.66
MKT01761,2025-09-23,CAN04,,105.88,8585,344,12,1814.07,31,369,62.92
MKT01762,2025-09-23,CAN05,,23.85,1016,205,3,304.31,5,257,59.81
MKT01763,2025-09-23,CAN06,,61.71,3703,216,4,597.31,10,237,42.8
MKT01764,2025-09-23,CAN07,,113.62,7408,135,2,182.92,3,135,30.77
MKT01765,2025-09-24,CAN01,,209.88,11034,851,13,1596.6,24,851,33.77
MKT01766,2025-09-24,CAN02,,144.6,7238,600,20,2724.98,30,632,52.93
MKT01767,2025-09-24,CAN03,,154.37,16085,470,17,1867.09,43,488,46.46
MKT01768,2025-09-24,CAN04,,87.4,9502,287,7,757.77,20,324,61.1
MKT01769,2025-09-24,CAN05,,26.9,2036,399,12,1437.88,35,427,34.22
MKT01770,2025-09-24,CAN06,,68.04,4407,135,4,325.36,9,153,60.82
MKT01771,2025-09-24,CAN07,,90.55,7878,251,7,925.65,13,263,51.26
MKT01772,2025-09-25,CAN01,,229.05,9176,684,20,2609.94,35,760,35.72
MKT01773,2025-09-25,CAN02,,120.41,5457,395,13,1067.27,34,478,62.91
MKT01774,2025-09-25,CAN03,,145.36,12887,520,11,1336.6,18,620,41.16
MKT01775,2025-09-25,CAN04,,106.1,12723,519,13,1681.51,33,618,35.58
MKT01776,2025-09-25,CAN05,,24.51,2165,524,16,1788.45,25,524,39.8
MKT01777,2025-09-25,CAN06,,67.31,4795,151,5,657.65,7,161,35.56
MKT01778,2025-09-25,CAN07,,112.91,10391,422,9,753.31,15,422,41.2
MKT01779,2025-09-26,CAN01,,203.81,9983,708,25,2696.22,73,736,45.69
MKT01780,2025-09-26,CAN02,,150.42,6229,399,5,445.74,14,506,44.86
MKT01781,2025-09-26,CAN03,,180.19,21577,575,17,2364.0,33,630,47.25
MKT01782,2025-09-26,CAN04,,102.54,11526,286,8,1219.5,13,341,38.24
MKT01783,2025-09-26,CAN05,,23.78,1726,447,11,1479.02,26,447,46.73
MKT01784,2025-09-26,CAN06,,61.65,7919,277,6,550.44,15,277,34.79
MKT01785,2025-09-26,CAN07,,110.21,10776,365,12,1046.42,30,404,35.43
MKT01786,2025-09-27,CAN01,,215.68,10645,769,25,2928.91,54,925,34.3
MKT01787,2025-09-27,CAN02,,118.42,5251,363,7,1089.01,20,449,48.04
MKT01788,2025-09-27,CAN03,,153.65,14437,583,9,1110.7,23,635,30.31
MKT01789,2025-09-27,CAN04,,92.65,10666,364,10,1250.81,17,369,44.73
MKT01790,2025-09-27,CAN05,,24.49,2362,327,9,902.57,13,408,32.48
MKT01791,2025-09-27,CAN06,,72.95,4189,175,5,434.06,14,203,61.7
MKT01792,2025-09-27,CAN07,,105.04,9219,255,7,645.53,15,281,42.1
MKT01793,2025-09-28,CAN01,,197.68,8414,705,11,1318.09,21,857,37.89
MKT01794,2025-09-28,CAN02,,114.68,6248,616,22,2470.68,38,662,61.7
MKT01795,2025-09-28,CAN03,,171.03,20219,839,23,3545.96,52,881,54.17
MKT01796,2025-09-28,CAN04,,97.35,8274,229,5,564.75,12,277,60.7
MKT01797,2025-09-28,CAN05,,26.86,1198,185,6,687.4,11,210,62.71
MKT01798,2025-09-28,CAN06,,55.08,6514,251,6,826.25,16,310,46.63
MKT01799,2025-09-28,CAN07,,103.67,8522,230,5,661.83,10,230,59.75
MKT01800,2025-09-29,CAN01,,209.09,10102,808,21,2333.25,59,808,43.72
MKT01801,2025-09-29,CAN02,,120.31,5164,328,12,1003.53,35,425,49.99
MKT01802,2025-09-29,CAN03,,159.06,18024,640,23,2520.32,57,640,41.07
MKT01803,2025-09-29,CAN04,,106.04,12255,349,8,846.8,17,391,46.89
MKT01804,2025-09-29,CAN05,,24.96,1486,256,4,409.34,8,262,62.04
MKT01805,2025-09-29,CAN06,,85.78,5331,299,9,797.46,25,388,36.43
MKT01806,2025-09-29,CAN07,,92.83,7977,245,8,1117.88,13,305,52.78
MKT01807,2025-09-30,CAN01,,186.32,8743,691,16,2284.15,29,728,57.57
MKT01808,2025-09-30,CAN02,,148.52,6391,631,17,2592.88,46,780,49.11
MKT01809,2025-09-30,CAN03,,147.76,14885,541,9,1124.32,21,579,38.87
MKT01810,2025-09-30,CAN04,,111.58,12642,346,11,1602.63,25,346,46.45
MKT01811,2025-09-30,CAN05,,27.39,2166,403,14,1716.15,25,403,57.42
MKT01812,2025-09-30,CAN06,,85.31,3416,173,3,386.99,8,173,56.51
MKT01813,2025-09-30,CAN07,,114.93,9585,331,12,1019.78,33,344,56.3
MKT01814,2025-10-01,CAN01,,254.42,10795,797,12,1317.48,32,1009,62.3
MKT01815,2025-10-01,CAN02,,172.63,7141,602,18,2297.81,30,757,46.55
MKT01816,2025-10-01,CAN03,,186.38,17266,546,20,1920.58,52,633,42.44
MKT01817,2025-10-01,CAN04,,112.89,10344,228,7,878.99,13,238,38.8
MKT01818,2025-10-01,CAN05,,34.64,1505,292,7,614.92,17,341,64.54
MKT01819,2025-10-01,CAN06,,67.45,5663,189,5,562.54,11,241,51.0
MKT01820,2025-10-01,CAN07,,114.03,7657,242,9,816.25,16,304,53.86
MKT01821,2025-10-02,CAN01,,225.48,11553,628,11,1151.35,19,720,33.49
MKT01822,2025-10-02,CAN02,,151.13,8069,428,12,1024.27,20,494,61.82
MKT01823,2025-10-02,CAN03,,179.15,21410,716,12,1675.86,26,716,34.69
MKT01824,2025-10-02,CAN04,,105.78,10607,310,7,751.11,13,326,60.49
MKT01825,2025-10-02,CAN05,,33.37,1136,270,9,1099.71,17,346,52.61
MKT01826,2025-10-02,CAN06,,59.26,6969,291,9,1129.05,15,362,32.23
MKT01827,2025-10-02,CAN07,,131.95,10591,212,4,539.38,10,240,39.63
MKT01828,2025-10-03,CAN01,,224.89,10288,593,15,1514.55,34,593,53.36
MKT01829,2025-10-03,CAN02,,157.43,6725,551,20,3180.07,36,604,53.26
MKT01830,2025-10-03,CAN03,,199.64,22800,590,11,1604.6,32,706,42.98
MKT01831,2025-10-03,CAN04,,113.94,11039,429,8,674.79,20,429,59.39
MKT01832,2025-10-03,CAN05,,28.51,2139,608,17,2369.54,50,608,38.99
MKT01833,2025-10-03,CAN06,,79.54,6945,276,4,576.35,8,282,59.17
MKT01834,2025-10-03,CAN07,,130.4,8684,344,13,1207.4,21,344,40.0
MKT01835,2025-10-04,CAN01,,213.77,10510,890,24,3552.38,40,890,34.89
MKT01836,2025-10-04,CAN02,,156.69,6425,521,19,1566.84,30,521,36.47
MKT01837,2025-10-04,CAN03,,169.22,14464,597,9,1283.79,17,715,42.05
MKT01838,2025-10-04,CAN04,,130.95,12394,545,11,1607.14,28,693,34.39
MKT01839,2025-10-04,CAN05,,30.6,1276,200,7,903.01,18,214,40.72
MKT01840,2025-10-04,CAN06,,66.63,5936,417,14,1243.06,23,505,43.31
MKT01841,2025-10-04,CAN07,,122.87,9233,186,2,248.87,4,211,61.48
MKT01842,2025-10-05,CAN01,,233.04,11735,901,29,3636.4,50,901,44.34
MKT01843,2025-10-05,CAN02,,144.14,6177,556,8,807.42,15,561,58.87
MKT01844,2025-10-05,CAN03,,210.41,18431,511,18,2281.0,48,606,62.32
MKT01845,2025-10-05,CAN04,,101.98,10848,314,10,1264.21,24,403,31.97
MKT01846,2025-10-05,CAN05,,30.04,1693,291,8,919.16,18,292,46.39
MKT01847,2025-10-05,CAN06,,65.57,7180,408,14,2110.92,28,421,34.17
MKT01848,2025-10-05,CAN07,,113.41,8296,225,5,403.05,11,252,36.43
MKT01849,2025-10-06,CAN01,,241.1,10168,633,11,1335.72,27,714,50.57
MKT01850,2025-10-06,CAN02,,161.97,6901,482,15,1252.46,42,580,47.93
MKT01851,2025-10-06,CAN03,,208.57,24581,800,15,2361.82,29,908,47.98
MKT01852,2025-10-06,CAN04,,119.37,12751,443,15,1826.51,29,495,52.87
MKT01853,2025-10-06,CAN05,,32.6,1729,361,8,1213.03,13,388,48.06
MKT01854,2025-10-06,CAN06,,79.09,7275,450,10,999.39,20,540,31.94
MKT01855,2025-10-06,CAN07,,126.89,9460,232,4,526.8,11,268,62.12
MKT01856,2025-10-07,CAN01,,206.87,9903,588,12,1160.59,18,740,33.33
MKT01857,2025-10-07,CAN02,,163.18,6651,470,13,1448.87,20,585,43.57
MKT01858,2025-10-07,CAN03,,207.28,19724,727,25,2679.25,58,729,58.31
MKT01859,2025-10-07,CAN04,,104.69,11586,401,6,673.25,17,401,56.38
MKT01860,2025-10-07,CAN05,,27.34,1423,223,7,631.97,12,277,54.88
MKT01861,2025-10-07,CAN06,,69.94,5479,164,3,406.4,8,170,54.69
MKT01862,2025-10-07,CAN07,,102.28,8714,312,11,1221.53,24,357,40.89
MKT01863,2025-10-08,CAN01,,205.26,9323,839,31,4428.81,68,1023,60.96
MKT01864,2025-10-08,CAN02,,168.14,7310,617,19,2974.08,32,757,46.53
MKT01865,2025-10-08,CAN03,,217.3,22301,683,11,1040.15,18,844,31.1
MKT01866,2025-10-08,CAN04,,101.92,11429,459,17,1797.43,45,575,52.76
MKT01867,2025-10-08,CAN05,,30.01,2446,690,15,1255.85,40,783,38.47
MKT01868,2025-10-08,CAN06,,65.13,8831,371,6,957.91,11,371,45.53
MKT01869,2025-10-08,CAN07,,131.98,8799,253,9,838.2,17,284,36.49
MKT01870,2025-10-09,CAN01,,200.19,10846,708,16,2528.17,31,708,57.02
MKT01871,2025-10-09,CAN02,,139.32,5930,466,15,2369.6,24,549,50.19
MKT01872,2025-10-09,CAN03,,179.01,15564,395,7,1027.1,15,511,51.77
MKT01873,2025-10-09,CAN04,,99.74,9687,275,5,790.15,12,275,58.96
MKT01874,2025-10-09,CAN05,,32.28,1839,415,9,1310.88,18,498,42.72
MKT01875,2025-10-09,CAN06,,72.26,8213,366,7,912.89,12,366,36.64
MKT01876,2025-10-09,CAN07,,97.76,6997,201,3,473.88,4,201,48.06
MKT01877,2025-10-10,CAN01,,231.31,11493,840,21,2704.21,55,840,60.47
MKT01878,2025-10-10,CAN02,,150.81,7215,482,11,1154.77,25,603,42.15
MKT01879,2025-10-10,CAN03,,174.62,14684,545,9,1351.25,14,631,61.37
MKT01880,2025-10-10,CAN04,,121.75,11732,390,15,2314.94,24,391,59.58
MKT01881,2025-10-10,CAN05,,33.91,993,164,3,458.83,7,164,50.51
MKT01882,2025-10-10,CAN06,,70.35,6262,240,4,401.13,9,307,36.85
MKT01883,2025-10-10,CAN07,,120.02,11049,281,8,876.05,23,317,59.33
MKT01884,2025-10-11,CAN01,,203.86,8745,621,17,1650.79,47,623,64.68
MKT01885,2025-10-11,CAN02,,154.77,7387,436,13,1453.01,25,556,52.97
MKT01886,2025-10-11,CAN03,,186.36,16439,428,9,1054.84,13,481,31.51
MKT01887,2025-10-11,CAN04,,100.46,9502,284,5,418.21,10,337,57.56
MKT01888,2025-10-11,CAN05,,28.2,2411,488,12,1080.07,25,531,42.0
MKT01889,2025-10-11,CAN06,,84.73,5143,191,4,364.58,8,191,38.48
MKT01890,2025-10-11,CAN07,,107.24,7782,267,8,644.44,22,302,35.57
MKT01891,2025-10-12,CAN01,,201.24,8184,541,15,1836.33,44,634,61.82
MKT01892,2025-10-12,CAN02,,156.05,6857,469,11,1256.79,19,605,59.57
MKT01893,2025-10-12,CAN03,,211.38,19450,685,11,901.42,18,685,55.51
MKT01894,2025-10-12,CAN04,,118.86,14045,501,9,1342.8,14,522,56.51
MKT01895,2025-10-12,CAN05,,33.43,1132,242,3,411.27,8,309,54.87
MKT01896,2025-10-12,CAN06,,80.26,8637,379,8,1159.37,13,474,56.2
MKT01897,2025-10-12,CAN07,,100.44,6945,178,2,316.55,3,178,34.38
MKT01898,2025-10-13,CAN01,,225.83,10127,709,24,3502.0,60,739,46.32
MKT01899,2025-10-13,CAN02,,144.54,7623,642,16,1546.28,45,642,41.25
MKT01900,2025-10-13,CAN03,,164.17,14082,630,16,1935.92,41,692,52.98
MKT01901,2025-10-13,CAN04,,123.23,13342,344,9,1419.72,17,380,37.28
MKT01902,2025-10-13,CAN05,,28.79,2244,439,12,1105.36,23,476,48.18
MKT01903,2025-10-13,CAN06,,55.75,7904,243,8,1070.67,13,303,36.52
MKT01904,2025-10-13,CAN07,,99.73,8983,171,5,659.1,8,214,56.89
MKT01905,2025-10-14,CAN01,,221.72,11347,1059,26,2488.77,69,1320,34.34
MKT01906,2025-10-14,CAN02,,154.02,6167,472,9,1146.03,25,576,45.24
MKT01907,2025-10-14,CAN03,,196.24,20472,748,25,2034.33,70,891,41.65
MKT01908,2025-10-14,CAN04,,116.31,11775,370,11,1635.01,16,408,35.11
MKT01909,2025-10-14,CAN05,,26.77,2401,372,14,1761.52,22,372,32.57
MKT01910,2025-10-14,CAN06,,84.48,7071,342,7,698.91,11,401,30.31
MKT01911,2025-10-14,CAN07,,108.33,8305,293,8,1174.94,19,336,54.24
MKT01912,2025-10-15,CAN01,,243.54,11186,713,26,2427.47,41,792,57.06
MKT01913,2025-10-15,CAN02,,130.75,6629,474,10,1012.31,21,483,46.93
MKT01914,2025-10-15,CAN03,,192.39,16783,564,14,1148.75,32,564,62.76
MKT01915,2025-10-15,CAN04,,99.4,10396,381,13,1223.04,38,448,44.51
MKT01916,2025-10-15,CAN05,,31.63,1995,460,7,707.01,19,582,39.33
MKT01917,2025-10-15,CAN06,,76.31,8394,257,9,1239.47,24,283,60.79
MKT01918,2025-10-15,CAN07,,124.69,11536,375,8,1023.73,16,413,32.87
MKT01919,2025-10-16,CAN01,,220.73,9389,677,14,1369.42,40,677,57.3
MKT01920,2025-10-16,CAN02,,151.0,6485,483,11,1508.52,17,548,31.42
MKT01921,2025-10-16,CAN03,,166.2,14854,476,13,1923.62,28,476,36.28
MKT01922,2025-10-16,CAN04,,119.91,11942,335,12,1441.54,34,370,58.5
MKT01923,2025-10-16,CAN05,,31.13,2320,499,12,1646.3,33,537,39.84
MKT01924,2025-10-16,CAN06,,84.46,6953,443,13,1469.91,32,506,35.46
MKT01925,2025-10-16,CAN07,,97.95,9602,303,8,973.23,13,336,49.02
MKT01926,2025-10-17,CAN01,,243.01,10320,949,19,2125.26,56,989,33.27
MKT01927,2025-10-17,CAN02,,145.58,6498,481,12,1857.44,29,560,38.02
MKT01928,2025-10-17,CAN03,,197.85,20830,460,17,2525.43,46,460,30.68
MKT01929,2025-10-17,CAN04,,117.08,9516,285,9,1181.9,14,329,30.55
MKT01930,2025-10-17,CAN05,,27.85,1642,322,7,577.61,19,416,49.69
MKT01931,2025-10-17,CAN06,,50.23,8246,294,6,623.8,10,341,63.61
MKT01932,2025-10-17,CAN07,,114.1,9836,202,5,466.52,9,242,45.61
MKT01933,2025-10-18,CAN01,,203.76,11047,966,34,4894.8,96,1122,52.37
MKT01934,2025-10-18,CAN02,,165.38,6634,581,17,2185.9,38,638,64.91
MKT01935,2025-10-18,CAN03,,171.61,20190,628,22,2521.73,52,686,64.54
MKT01936,2025-10-18,CAN04,,122.6,12400,392,9,1404.14,24,466,33.0
MKT01937,2025-10-18,CAN05,,28.78,2145,421,13,1635.94,24,454,51.37
MKT01938,2025-10-18,CAN06,,51.35,8046,342,11,1265.68,32,436,38.6
MKT01939,2025-10-18,CAN07,,124.0,10366,240,8,1137.29,17,286,40.32
MKT01940,2025-10-19,CAN01,,205.72,11030,754,23,3179.6,45,963,46.95
MKT01941,2025-10-19,CAN02,,149.18,7064,466,16,1466.69,45,519,43.22
MKT01942,2025-10-19,CAN03,,209.19,19614,714,19,1692.27,43,714,39.38
MKT01943,2025-10-19,CAN04,,130.72,10832,237,7,1104.89,17,250,40.07
MKT01944,2025-10-19,CAN05,,33.98,1156,266,6,730.75,13,266,30.45
MKT01945,2025-10-19,CAN06,,68.87,6679,356,13,1800.45,32,367,57.13
MKT01946,2025-10-19,CAN07,,125.67,8814,189,7,582.86,11,206,57.51
MKT01947,2025-10-20,CAN01,,199.5,8971,788,27,2676.84,57,989,62.44
MKT01948,2025-10-20,CAN02,,157.04,8105,718,11,1410.75,19,923,63.02
MKT01949,2025-10-20,CAN03,,211.85,17023,596,16,2210.86,44,623,46.51
MKT01950,2025-10-20,CAN04,,107.47,9047,329,11,1029.01,19,335,30.33
MKT01951,2025-10-20,CAN05,,31.05,2431,440,13,1184.13,33,440,47.19
MKT01952,2025-10-20,CAN06,,56.33,4502,190,3,450.75,8,190,43.28
MKT01953,2025-10-20,CAN07,,109.63,10905,281,10,953.99,16,344,57.7
MKT01954,2025-10-21,CAN01,,237.18,10263,897,14,2208.05,39,978,48.46
MKT01955,2025-10-21,CAN02,,139.39,6337,405,8,702.37,12,446,40.88
MKT01956,2025-10-21,CAN03,,168.16,18958,813,31,2949.61,80,907,32.16
MKT01957,2025-10-21,CAN04,,112.35,12143,324,5,781.92,11,324,43.59
MKT01958,2025-10-21,CAN05,,30.62,1995,378,14,1621.42,39,378,37.68
MKT01959,2025-10-21,CAN06,,79.49,8697,253,8,767.57,23,253,49.32
MKT01960,2025-10-21,CAN07,,105.96,8002,328,11,1699.85,18,332,43.51
MKT01961,2025-10-22,CAN01,,248.27,10712,722,15,1721.1,32,722,40.03
MKT01962,2025-10-22,CAN02,,159.01,7221,534,14,1705.77,41,607,52.07
MKT01963,2025-10-22,CAN03,,180.33,15919,363,7,937.76,14,406,30.73
MKT01964,2025-10-22,CAN04,,119.05,12763,344,6,918.03,9,383,33.68
MKT01965,2025-10-22,CAN05,,26.57,2334,422,11,1162.09,23,500,57.18
MKT01966,2025-10-22,CAN06,,46.86,8080,230,6,832.82,10,230,49.17
MKT01967,2025-10-22,CAN07,,102.29,7993,170,4,476.35,8,173,48.42
MKT01968,2025-10-23,CAN01,,233.56,10418,908,24,3243.08,59,1001,52.55
MKT01969,2025-10-23,CAN02,,162.82,8406,457,8,810.66,16,575,60.04
MKT01970,2025-10-23,CAN03,,216.26,17597,595,10,901.8,19,670,30.77
MKT01971,2025-10-23,CAN04,,110.39,11752,358,9,1400.62,14,360,50.53
MKT01972,2025-10-23,CAN05,,34.52,1989,285,9,1393.9,20,356,61.51
MKT01973,2025-10-23,CAN06,,53.1,3802,184,7,805.78,20,188,60.52
MKT01974,2025-10-23,CAN07,,121.55,10339,192,3,362.65,7,234,54.04
MKT01975,2025-10-24,CAN01,,247.01,10333,992,36,5750.53,63,1096,60.42
MKT01976,2025-10-24,CAN02,,163.28,7576,565,20,3053.04,58,727,64.23
MKT01977,2025-10-24,CAN03,,201.42,23851,723,19,2360.23,36,888,52.52
MKT01978,2025-10-24,CAN04,,118.16,9757,324,9,1096.03,21,324,55.86
MKT01979,2025-10-24,CAN05,,28.24,1515,349,8,1022.17,13,386,54.39
MKT01980,2025-10-24,CAN06,,68.42,7509,314,5,467.21,9,393,45.88
MKT01981,2025-10-24,CAN07,,100.47,8990,241,8,862.71,14,254,45.4
MKT01982,2025-10-25,CAN01,,226.72,9813,786,17,2007.4,33,1008,48.08
MKT01983,2025-10-25,CAN02,,136.63,6137,464,14,1662.51,40,580,49.69
MKT01984,2025-10-25,CAN03,,182.13,16852,566,22,1831.26,35,635,49.09
MKT01985,2025-10-25,CAN04,,110.09,10099,349,5,547.76,10,373,32.59
MKT01986,2025-10-25,CAN05,,29.9,2293,415,9,836.84,15,528,64.75
MKT01987,2025-10-25,CAN06,,82.94,9068,493,16,1435.78,45,493,58.74
MKT01988,2025-10-25,CAN07,,132.19,11782,237,4,389.23,9,237,48.16
MKT01989,2025-10-26,CAN01,,242.07,12563,1112,22,2716.41,49,1112,51.93
MKT01990,2025-10-26,CAN02,,165.13,8552,657,13,1307.33,36,657,57.3
MKT01991,2025-10-26,CAN03,,196.01,16460,496,18,2812.18,44,496,64.4
MKT01992,2025-10-26,CAN04,,130.75,15566,579,10,1024.62,27,705,32.4
MKT01993,2025-10-26,CAN05,,30.19,1110,207,8,1202.52,15,230,33.96
MKT01994,2025-10-26,CAN06,,46.71,4176,241,8,1067.77,15,241,47.7
MKT01995,2025-10-26,CAN07,,106.87,7178,283,5,769.44,9,283,62.63
MKT01996,2025-10-27,CAN01,,230.9,10345,983,31,4688.13,88,1096,45.66
MKT01997,2025-10-27,CAN02,,162.22,7904,498,10,1472.14,21,508,49.99
MKT01998,2025-10-27,CAN03,,189.17,21776,883,19,1656.22,53,951,42.26
MKT01999,2025-10-27,CAN04,,129.4,14230,563,19,2165.06,42,588,44.45
MKT02000,2025-10-27,CAN05,,34.9,2256,435,16,1571.73,32,519,32.11
MKT02001,2025-10-27,CAN06,,70.36,4309,181,4,591.25,10,229,46.42
MKT02002,2025-10-27,CAN07,,120.65,7414,238,8,805.98,16,244,31.2
MKT02003,2025-10-28,CAN01,,201.03,8863,754,15,1530.13,32,861,37.85
MKT02004,2025-10-28,CAN02,,154.88,8448,659,14,1217.61,22,706,57.69
MKT02005,2025-10-28,CAN03,,174.25,16634,609,9,1002.07,19,766,55.75
MKT02006,2025-10-28,CAN04,,113.45,11873,366,10,993.53,15,366,57.3
MKT02007,2025-10-28,CAN05,,34.4,1176,283,4,405.06,6,347,52.76
MKT02008,2025-10-28,CAN06,,46.96,3738,178,6,601.29,16,207,60.01
MKT02009,2025-10-28,CAN07,,112.79,10982,304,11,1759.07,23,304,43.17
MKT02010,2025-10-29,CAN01,,221.93,10428,880,22,2114.26,33,880,33.64
MKT02011,2025-10-29,CAN02,,169.55,8709,665,18,2104.01,37,715,42.32
MKT02012,2025-10-29,CAN03,,176.76,14918,552,10,1191.04,20,570,50.22
MKT02013,2025-10-29,CAN04,,132.03,13335,405,11,1580.29,28,505,64.64
MKT02014,2025-10-29,CAN05,,34.12,993,159,3,308.8,5,199,53.56
MKT02015,2025-10-29,CAN06,,86.38,4511,315,10,844.87,27,392,32.51
MKT02016,2025-10-29,CAN07,,123.89,11613,363,9,1206.4,23,404,63.12
MKT02017,2025-10-30,CAN01,,248.4,11545,907,13,1248.56,38,945,62.93
MKT02018,2025-10-30,CAN02,,173.85,8554,572,15,1262.8,43,712,45.15
MKT02019,2025-10-30,CAN03,,167.83,13702,511,16,1797.35,28,511,44.17
MKT02020,2025-10-30,CAN04,,125.27,11759,327,11,1159.31,18,411,48.18
MKT02021,2025-10-30,CAN05,,26.17,961,201,6,575.63,10,201,40.48
MKT02022,2025-10-30,CAN06,,51.57,8145,353,9,829.46,26,382,42.2
MKT02023,2025-10-30,CAN07,,132.12,11629,286,8,1265.09,22,289,56.68
MKT02024,2025-10-31,CAN01,,263.19,12963,794,24,3741.56,50,1015,58.33
MKT02025,2025-10-31,CAN02,,131.76,5502,354,8,1220.88,19,410,63.92
MKT02026,2025-10-31,CAN03,,204.59,22057,580,17,2420.89,29,635,53.67
MKT02027,2025-10-31,CAN04,,102.73,10992,351,6,488.09,16,385,43.38
MKT02028,2025-10-31,CAN05,,31.69,1007,214,4,471.6,6,214,50.67
MKT02029,2025-10-31,CAN06,,71.42,8927,551,11,921.33,18,638,39.84
MKT02030,2025-10-31,CAN07,,127.24,7902,164,4,446.23,7,164,51.44
MKT02031,2025-11-01,CAN01,,349.85,18911,1231,48,4126.71,112,1282,61.18
MKT02032,2025-11-01,CAN02,,241.39,11171,989,24,2068.99,70,1117,42.02
MKT02033,2025-11-01,CAN03,,268.99,28468,773,30,3858.25,53,822,55.08
MKT02034,2025-11-01,CAN04,,203.43,18460,542,21,1896.77,38,627,52.65
MKT02035,2025-11-01,CAN05,,43.42,1613,437,17,1726.33,50,461,35.72
MKT02036,2025-11-01,CAN06,,54.85,8734,506,16,1705.82,27,623,58.72
MKT02037,2025-11-01,CAN07,,177.68,13916,596,16,1786.47,45,722,31.63
MKT02038,2025-11-02,CAN01,,401.59,21378,2113,77,8346.52,199,2679,50.06
MKT02039,2025-11-02,CAN02,,249.84,12339,864,28,2395.3,83,880,62.9
MKT02040,2025-11-02,CAN03,,322.63,28914,950,26,4022.34,70,1014,30.23
MKT02041,2025-11-02,CAN04,,156.05,18211,709,25,3900.73,72,901,56.74
MKT02042,2025-11-02,CAN05,,49.4,865,188,7,610.24,16,188,63.89
MKT02043,2025-11-02,CAN06,,83.73,6769,368,5,708.4,12,390,43.55
MKT02044,2025-11-02,CAN07,,154.25,13933,365,11,1052.7,25,399,44.37
MKT02045,2025-11-03,CAN01,,384.28,17368,1152,24,2333.16,57,1453,62.16
MKT02046,2025-11-03,CAN02,,252.97,10435,906,26,3057.06,70,923,44.75
MKT02047,2025-11-03,CAN03,,279.29,30026,1067,20,1675.03,44,1179,62.04
MKT02048,2025-11-03,CAN04,,163.12,19256,747,21,1757.06,56,942,48.73
MKT02049,2025-11-03,CAN05,,54.67,1669,373,7,816.48,15,472,51.84
MKT02050,2025-11-03,CAN06,,82.28,12430,413,13,1597.42,33,452,59.94
MKT02051,2025-11-03,CAN07,,185.43,17370,409,9,1377.72,15,409,47.95
MKT02052,2025-11-04,CAN01,,376.06,18492,1463,22,2588.49,50,1463,50.03
MKT02053,2025-11-04,CAN02,,263.31,13119,1249,42,5397.0,121,1249,32.79
MKT02054,2025-11-04,CAN03,,310.16,33671,1503,30,4728.09,82,1503,56.91
MKT02055,2025-11-04,CAN04,,161.34,16326,611,9,951.0,21,611,56.01
MKT02056,2025-11-04,CAN05,,53.96,1560,359,6,735.41,13,359,43.0
MKT02057,2025-11-04,CAN06,,81.68,6304,160,6,770.69,12,160,62.34
MKT02058,2025-11-04,CAN07,,196.3,13383,318,5,544.66,9,318,38.79
MKT02059,2025-11-05,CAN01,,321.92,14205,1075,32,3899.9,85,1386,44.9
MKT02060,2025-11-05,CAN02,,227.81,9911,647,25,2898.51,73,779,62.05
MKT02061,2025-11-05,CAN03,,323.42,27256,813,21,2581.4,58,1027,61.84
MKT02062,2025-11-05,CAN04,,173.03,15465,463,17,1499.4,41,463,33.44
MKT02063,2025-11-05,CAN05,,50.81,1258,342,9,1037.13,22,374,48.36
MKT02064,2025-11-05,CAN06,,79.98,9791,422,6,662.37,17,422,59.5
MKT02065,2025-11-05,CAN07,,173.5,14793,650,10,922.54,17,812,33.83
MKT02066,2025-11-06,CAN01,,401.14,16137,1602,59,6113.21,145,1768,52.61
MKT02067,2025-11-06,CAN02,,249.76,11102,757,26,4096.08,69,942,46.95
MKT02068,2025-11-06,CAN03,,302.21,35513,1168,39,5397.35,85,1275,42.04
MKT02069,2025-11-06,CAN04,,183.27,18011,579,14,1980.59,29,706,59.07
MKT02070,2025-11-06,CAN05,,45.17,2229,456,11,1055.69,29,456,45.4
MKT02071,2025-11-06,CAN06,,64.61,13289,587,19,2782.01,34,723,59.28
MKT02072,2025-11-06,CAN07,,167.62,15819,624,22,2134.01,41,769,37.6
MKT02073,2025-11-07,CAN01,,368.49,17878,1271,40,4884.36,106,1603,53.12
MKT02074,2025-11-07,CAN02,,237.53,11650,855,22,2412.66,41,883,55.33
MKT02075,2025-11-07,CAN03,,325.27,34337,1139,20,2963.04,44,1432,31.08
MKT02076,2025-11-07,CAN04,,189.37,20046,605,24,3072.02,63,750,32.52
MKT02077,2025-11-07,CAN05,,48.71,1620,304,10,1055.79,16,306,57.62
MKT02078,2025-11-07,CAN06,,59.72,13318,685,26,3353.93,68,720,60.16
MKT02079,2025-11-07,CAN07,,193.14,17125,359,11,1750.04,24,360,63.5
MKT02080,2025-11-08,CAN01,,344.35,17578,1647,31,3720.65,91,1678,55.62
MKT02081,2025-11-08,CAN02,,256.48,12416,925,27,4154.63,71,956,61.58
MKT02082,2025-11-08,CAN03,,256.14,25518,666,17,1365.98,34,861,43.52
MKT02083,2025-11-08,CAN04,,173.44,15439,484,18,1567.47,48,565,32.92
MKT02084,2025-11-08,CAN05,,44.75,1933,334,10,1007.35,16,431,61.38
MKT02085,2025-11-08,CAN06,,76.71,7818,418,6,900.52,15,442,49.34
MKT02086,2025-11-08,CAN07,,190.36,15026,560,16,1767.43,26,632,62.86
MKT02087,2025-11-09,CAN01,,375.65,20254,2022,48,6452.6,130,2374,30.37
MKT02088,2025-11-09,CAN02,,271.98,13981,816,21,3132.68,58,878,46.02
MKT02089,2025-11-09,CAN03,,337.51,27904,1141,35,3299.05,87,1141,30.16
MKT02090,2025-11-09,CAN04,,196.75,22005,754,12,1130.16,28,754,35.91
MKT02091,2025-11-09,CAN05,,46.88,2188,428,8,1140.67,22,471,61.72
MKT02092,2025-11-09,CAN06,,83.65,5533,246,4,522.76,7,246,44.43
MKT02093,2025-11-09,CAN07,,196.19,17920,514,17,2254.9,35,597,39.37
MKT02094,2025-11-10,CAN01,,367.4,17485,1174,25,2430.91,59,1174,40.33
MKT02095,2025-11-10,CAN02,,229.47,11572,880,26,2632.22,67,962,62.12
MKT02096,2025-11-10,CAN03,,308.26,25859,1099,28,4060.06,51,1160,61.93
MKT02097,2025-11-10,CAN04,,163.49,16461,431,14,1913.21,36,431,58.8
MKT02098,2025-11-10,CAN05,,54.03,2359,498,12,1349.3,26,638,62.81
MKT02099,2025-11-10,CAN06,,68.79,5507,190,4,359.92,10,196,36.5
MKT02100,2025-11-10,CAN07,,185.4,12216,305,10,997.12,17,378,55.5
MKT02101,2025-11-11,CAN01,,411.81,21644,2091,41,4717.0,114,2345,50.71
MKT02102,2025-11-11,CAN02,,260.7,13029,1060,21,3208.56,49,1060,54.11
MKT02103,2025-11-11,CAN03,,288.99,32594,912,33,3080.32,52,924,42.64
MKT02104,2025-11-11,CAN04,,163.53,17481,477,8,776.8,13,482,59.45
MKT02105,2025-11-11,CAN05,,50.44,1385,393,11,1557.34,28,424,48.08
MKT02106,2025-11-11,CAN06,,55.48,8029,506,12,1362.0,19,629,58.86
MKT02107,2025-11-11,CAN07,,188.42,18496,400,11,1082.03,23,445,49.19
MKT02108,2025-11-12,CAN01,,348.28,17547,1310,22,2540.62,46,1329,63.88
MKT02109,2025-11-12,CAN02,,216.16,10894,1098,25,3379.71,39,1104,60.76
MKT02110,2025-11-12,CAN03,,310.1,31552,905,14,2168.97,41,1039,60.34
MKT02111,2025-11-12,CAN04,,175.07,16562,642,17,1524.53,35,720,49.91
MKT02112,2025-11-12,CAN05,,48.88,2272,502,8,1001.2,23,561,30.11
MKT02113,2025-11-12,CAN06,,50.96,11091,475,8,863.48,21,488,49.16
MKT02114,2025-11-12,CAN07,,182.72,12109,413,11,973.21,32,480,55.26
MKT02115,2025-11-13,CAN01,,377.16,17321,1077,27,4121.94,56,1077,48.22
MKT02116,2025-11-13,CAN02,,229.89,10836,831,15,2225.04,22,1038,46.85
MKT02117,2025-11-13,CAN03,,261.2,24715,1076,25,3828.65,48,1325,41.17
MKT02118,2025-11-13,CAN04,,201.23,23732,876,17,2305.7,36,877,32.39
MKT02119,2025-11-13,CAN05,,53.36,2395,522,15,1283.66,23,673,58.88
MKT02120,2025-11-13,CAN06,,57.84,11123,571,22,3384.29,51,571,48.39
MKT02121,2025-11-13,CAN07,,154.65,13654,505,12,1157.09,32,581,40.42
MKT02122,2025-11-14,CAN01,,334.27,15033,836,14,1672.66,34,838,33.12
MKT02123,2025-11-14,CAN02,,210.2,11372,936,31,3691.05,92,1055,61.68
MKT02124,2025-11-14,CAN03,,340.11,28365,872,17,2253.38,48,1035,63.9
MKT02125,2025-11-14,CAN04,,187.48,21956,553,16,2477.36,43,553,46.36
MKT02126,2025-11-14,CAN05,,42.61,1983,307,10,917.3,27,316,45.4
MKT02127,2025-11-14,CAN06,,85.3,10730,425,7,860.96,12,458,45.17
MKT02128,2025-11-14,CAN07,,195.68,12792,222,7,612.61,16,246,49.8
MKT02129,2025-11-15,CAN01,,335.59,16963,1402,40,3719.59,90,1732,30.84
MKT02130,2025-11-15,CAN02,,211.85,10509,675,13,1636.45,27,849,44.79
MKT02131,2025-11-15,CAN03,,315.3,30623,1348,20,2841.81,55,1571,62.98
MKT02132,2025-11-15,CAN04,,204.77,23285,778,28,2379.64,46,980,43.12
MKT02133,2025-11-15,CAN05,,46.25,1652,332,7,1112.09,15,367,33.15
MKT02134,2025-11-15,CAN06,,59.33,6247,161,5,474.6,10,165,55.73
MKT02135,2025-11-15,CAN07,,172.55,12827,474,7,868.03,12,534,39.27
MKT02136,2025-11-16,CAN01,,383.59,20096,1706,56,6857.33,101,1706,59.45
MKT02137,2025-11-16,CAN02,,267.25,14612,1170,41,4772.21,106,1452,60.65
MKT02138,2025-11-16,CAN03,,291.21,26639,602,21,2761.42,42,752,31.74
MKT02139,2025-11-16,CAN04,,203.74,24217,701,12,1362.43,31,901,48.73
MKT02140,2025-11-16,CAN05,,53.22,1573,295,9,1166.1,18,312,59.51
MKT02141,2025-11-16,CAN06,,46.89,13194,425,13,1322.41,31,425,53.12
MKT02142,2025-11-16,CAN07,,186.96,17582,687,22,3264.66,64,764,60.21
MKT02143,2025-11-17,CAN01,,342.57,14769,1306,42,4434.83,67,1629,64.62
MKT02144,2025-11-17,CAN02,,214.97,9548,780,19,2581.33,52,854,46.39
MKT02145,2025-11-17,CAN03,,303.7,30005,1208,44,4267.9,113,1537,48.4
MKT02146,2025-11-17,CAN04,,183.19,18892,580,10,1093.44,24,691,43.57
MKT02147,2025-11-17,CAN05,,52.42,1950,356,10,940.03,15,405,61.83
MKT02148,2025-11-17,CAN06,,63.72,8311,287,7,656.31,17,367,45.7
MKT02149,2025-11-17,CAN07,,190.78,17910,356,13,1763.02,29,401,47.38
MKT02150,2025-11-18,CAN01,,310.96,16386,1397,25,2247.67,56,1776,51.17
MKT02151,2025-11-18,CAN02,,218.87,11871,866,19,2928.54,53,1020,56.02
MKT02152,2025-11-18,CAN03,,309.52,30553,1002,21,1916.39,54,1002,31.72
MKT02153,2025-11-18,CAN04,,201.41,22376,879,20,1839.37,49,976,38.02
MKT02154,2025-11-18,CAN05,,51.48,859,196,2,214.73,3,205,38.72
MKT02155,2025-11-18,CAN06,,68.78,7965,493,9,937.29,26,538,47.4
MKT02156,2025-11-18,CAN07,,196.01,13144,383,15,1637.96,39,383,42.56
MKT02157,2025-11-19,CAN01,,320.42,14161,1131,25,3304.99,48,1142,39.28
MKT02158,2025-11-19,CAN02,,229.91,9740,595,9,974.19,26,721,38.64
MKT02159,2025-11-19,CAN03,,313.61,34991,1278,44,5406.44,78,1476,52.38
MKT02160,2025-11-19,CAN04,,170.3,18046,498,18,2401.2,41,614,52.6
MKT02161,2025-11-19,CAN05,,45.6,1115,188,6,841.91,12,233,47.27
MKT02162,2025-11-19,CAN06,,53.58,13530,427,17,1505.78,44,427,56.57
MKT02163,2025-11-19,CAN07,,170.15,16992,415,8,945.34,23,415,58.0
MKT02164,2025-11-20,CAN01,CAM004,543.44,23622,1262,32,4433.28,47,1090,56.57
MKT02165,2025-11-20,CAN02,,244.09,13128,1363,54,6374.05,124,1667,49.84
MKT02166,2025-11-20,CAN03,,288.81,31989,821,26,2580.44,61,840,56.21
MKT02167,2025-11-20,CAN04,,203.88,21511,816,14,1297.45,38,952,56.73
MKT02168,2025-11-20,CAN05,,46.2,1757,339,7,776.21,18,433,40.26
MKT02169,2025-11-20,CAN06,,50.06,6341,427,9,949.15,26,427,46.59
MKT02170,2025-11-20,CAN07,,176.87,17057,619,22,2070.42,53,619,36.13
MKT02171,2025-11-21,CAN01,CAM004,512.79,24731,1423,46,4561.84,81,1417,45.55
MKT02172,2025-11-21,CAN02,,242.84,12721,754,23,3044.25,53,940,43.29
MKT02173,2025-11-21,CAN03,,266.4,29058,846,22,1937.35,51,875,62.99
MKT02174,2025-11-21,CAN04,,200.7,17257,536,12,1589.14,32,631,35.65
MKT02175,2025-11-21,CAN05,,46.63,1540,248,8,1218.59,16,302,35.87
MKT02176,2025-11-21,CAN06,,61.27,12508,646,19,1616.5,31,646,32.71
MKT02177,2025-11-21,CAN07,,177.29,16383,595,12,1805.0,31,595,54.06
MKT02178,2025-11-22,CAN01,CAM004,492.67,20143,1095,32,4039.32,38,1044,47.32
MKT02179,2025-11-22,CAN02,,241.6,11397,772,27,3900.22,49,776,51.23
MKT02180,2025-11-22,CAN03,,264.57,30184,837,28,3761.29,74,837,59.7
MKT02181,2025-11-22,CAN04,,157.33,14554,435,11,1121.55,30,541,51.83
MKT02182,2025-11-22,CAN05,,48.35,1420,309,4,352.63,10,362,57.13
MKT02183,2025-11-22,CAN06,,81.68,10027,468,16,1838.62,45,468,58.58
MKT02184,2025-11-22,CAN07,,185.16,11942,385,8,1263.11,14,410,57.75
MKT02185,2025-11-23,CAN01,CAM004,462.75,21828,2026,65,6352.98,139,1746,30.32
MKT02186,2025-11-23,CAN02,,261.83,10716,819,31,3555.16,88,947,59.48
MKT02187,2025-11-23,CAN03,,287.96,33176,1129,26,3156.54,70,1129,31.8
MKT02188,2025-11-23,CAN04,,154.96,13347,499,11,1197.02,31,625,64.19
MKT02189,2025-11-23,CAN05,,53.22,1623,250,5,541.93,13,253,30.22
MKT02190,2025-11-23,CAN06,,54.37,14274,679,20,2548.4,56,679,39.54
MKT02191,2025-11-23,CAN07,,196.15,16988,512,9,1294.41,19,525,42.41
MKT02192,2025-11-24,CAN01,CAM004,581.85,28588,1599,49,6329.93,76,1230,51.21
MKT02193,2025-11-24,CAN02,,215.0,9859,605,10,1023.77,23,702,48.71
MKT02194,2025-11-24,CAN03,,326.39,26596,859,34,4905.98,81,1050,59.14
MKT02195,2025-11-24,CAN04,,176.1,14742,491,15,1951.22,42,558,48.52
MKT02196,2025-11-24,CAN05,,55.02,1899,301,8,1257.73,12,339,47.71
MKT02197,2025-11-24,CAN06,,59.98,11470,432,7,930.92,16,506,35.44
MKT02198,2025-11-24,CAN07,,172.95,12691,341,12,1071.06,35,380,48.01
MKT02199,2025-11-25,CAN01,CAM004,551.12,26537,2172,78,7882.95,144,1671,56.85
MKT02200,2025-11-25,CAN02,,207.34,9739,831,16,1532.91,33,831,49.59
MKT02201,2025-11-25,CAN03,,335.53,39766,1146,39,3752.23,73,1233,64.09
MKT02202,2025-11-25,CAN04,,197.69,18844,684,18,2211.32,52,826,48.76
MKT02203,2025-11-25,CAN05,,46.11,2114,431,10,1037.24,22,517,32.08
MKT02204,2025-11-25,CAN06,,72.92,7356,373,11,1336.27,16,431,38.84
MKT02205,2025-11-25,CAN07,,188.71,17574,563,16,2176.29,25,600,64.14
MKT02206,2025-11-26,CAN01,CAM004,564.56,21991,1706,71,6832.43,133,1313,49.73
MKT02207,2025-11-26,CAN02,,221.67,11341,741,23,2579.86,55,851,47.26
MKT02208,2025-11-26,CAN03,,317.33,29193,881,33,2961.31,78,881,31.85
MKT02209,2025-11-26,CAN04,,154.47,17678,660,14,1532.93,31,810,62.74
MKT02210,2025-11-26,CAN05,,45.3,2467,444,10,1468.26,27,490,58.01
MKT02211,2025-11-26,CAN06,,58.34,10655,376,13,1295.43,36,376,36.05
MKT02212,2025-11-26,CAN07,,175.73,11932,392,6,745.14,13,392,38.12
MKT02213,2025-11-27,CAN01,CAM004,556.34,21726,1632,62,7364.73,88,1392,59.95
MKT02214,2025-11-27,CAN02,,243.63,12120,1058,28,2847.36,50,1284,44.52
MKT02215,2025-11-27,CAN03,,295.36,30629,989,19,2167.68,29,1182,39.94
MKT02216,2025-11-27,CAN04,,163.26,14612,530,19,2646.35,46,576,31.7
MKT02217,2025-11-27,CAN05,,51.96,2037,356,13,1636.67,30,444,47.52
MKT02218,2025-11-27,CAN06,,57.31,6548,280,5,485.21,14,308,56.11
MKT02219,2025-11-27,CAN07,,190.72,11790,332,10,1555.98,26,423,39.79
MKT02220,2025-11-28,CAN01,CAM004,521.26,22282,1846,42,5801.59,88,1555,44.99
MKT02221,2025-11-28,CAN02,,221.19,9085,639,22,2059.47,64,639,38.65
MKT02222,2025-11-28,CAN03,,330.29,35625,924,20,2894.35,40,1024,55.43
MKT02223,2025-11-28,CAN04,,182.86,17744,684,15,1746.42,38,825,53.77
MKT02224,2025-11-28,CAN05,,47.31,1386,198,4,484.12,9,198,41.82
MKT02225,2025-11-28,CAN06,,59.42,9860,472,10,1237.08,25,527,58.56
MKT02226,2025-11-28,CAN07,,185.45,17736,403,6,625.6,16,469,51.43
MKT02227,2025-11-29,CAN01,CAM004,486.76,19675,1788,61,5569.41,126,1376,63.59
MKT02228,2025-11-29,CAN02,,274.43,14991,1276,36,4334.54,85,1575,61.63
MKT02229,2025-11-29,CAN03,,302.19,32619,1205,44,5256.9,111,1207,50.11
MKT02230,2025-11-29,CAN04,,200.74,20761,747,11,1200.53,27,838,41.42
MKT02231,2025-11-29,CAN05,,40.84,919,176,3,401.59,6,176,39.74
MKT02232,2025-11-29,CAN06,,49.58,10931,425,12,1565.87,24,443,62.15
MKT02233,2025-11-29,CAN07,,168.21,12728,482,17,2674.35,44,482,57.61
MKT02234,2025-11-30,CAN01,CAM004,530.99,23364,1786,71,5927.39,110,1374,63.59
MKT02235,2025-11-30,CAN02,,254.72,10772,1015,36,3946.33,98,1277,35.4
MKT02236,2025-11-30,CAN03,,302.87,30459,1054,19,2032.78,43,1105,52.34
MKT02237,2025-11-30,CAN04,,181.49,18504,568,14,1960.9,28,649,40.17
MKT02238,2025-11-30,CAN05,,50.83,1455,262,6,927.65,13,298,47.17
MKT02239,2025-11-30,CAN06,,59.82,13843,643,20,2211.43,49,706,52.62
MKT02240,2025-11-30,CAN07,,198.19,14315,446,14,2053.29,31,569,37.69
MKT02241,2025-12-01,CAN01,,291.44,14837,993,35,5079.33,56,1025,57.32
MKT02242,2025-12-01,CAN02,,194.35,9843,726,15,2383.32,33,736,64.89
MKT02243,2025-12-01,CAN03,CAM005,456.22,38704,1264,26,2436.64,48,988,50.62
MKT02244,2025-12-01,CAN04,,177.8,14359,426,12,969.72,23,473,31.93
MKT02245,2025-12-01,CAN05,,44.09,2347,442,14,1683.16,24,495,54.91
MKT02246,2025-12-01,CAN06,,59.35,9882,556,21,3011.62,35,662,64.16
MKT02247,2025-12-01,CAN07,,150.67,10136,382,14,2147.63,33,469,63.41
MKT02248,2025-12-02,CAN01,,280.02,11989,1195,25,2061.81,44,1325,49.11
MKT02249,2025-12-02,CAN02,,240.0,11953,1150,31,3244.47,61,1192,47.92
MKT02250,2025-12-02,CAN03,CAM005,380.72,41743,834,29,4167.06,40,645,58.37
MKT02251,2025-12-02,CAN04,,182.0,20863,631,12,1495.22,34,819,60.79
MKT02252,2025-12-02,CAN05,,42.28,1304,254,7,598.41,11,271,61.62
MKT02253,2025-12-02,CAN06,,55.09,8520,365,13,2036.87,23,366,36.5
MKT02254,2025-12-02,CAN07,,166.29,10324,308,8,775.68,17,308,63.44
MKT02255,2025-12-03,CAN01,,303.46,15324,1024,24,3207.83,56,1024,64.44
MKT02256,2025-12-03,CAN02,,193.83,8617,794,25,3484.77,64,826,38.92
MKT02257,2025-12-03,CAN03,CAM005,453.01,40251,1075,28,3912.36,41,1002,33.6
MKT02258,2025-12-03,CAN04,,139.06,15026,344,11,1229.01,20,344,62.51
MKT02259,2025-12-03,CAN05,,47.72,2258,376,14,2118.16,24,376,43.0
MKT02260,2025-12-03,CAN06,,72.9,9799,398,9,1229.85,13,454,36.85
MKT02261,2025-12-03,CAN07,,172.95,12478,294,9,1417.33,23,294,47.39
MKT02262,2025-12-04,CAN01,,358.25,18587,1362,43,4647.62,69,1580,62.38
MKT02263,2025-12-04,CAN02,,212.22,8658,666,11,971.03,28,666,48.53
MKT02264,2025-12-04,CAN03,CAM005,370.71,30741,1202,32,2765.84,62,925,54.2
MKT02265,2025-12-04,CAN04,,177.65,19594,689,16,2455.3,39,708,63.32
MKT02266,2025-12-04,CAN05,,44.33,1571,322,9,1112.42,24,322,62.46
MKT02267,2025-12-04,CAN06,,49.6,5620,182,3,320.53,7,206,55.27
MKT02268,2025-12-04,CAN07,,138.1,9148,190,6,722.88,13,238,50.57
MKT02269,2025-12-05,CAN01,,325.09,13212,1091,27,2753.7,66,1351,45.58
MKT02270,2025-12-05,CAN02,,228.6,11033,702,23,2611.05,42,737,51.99
MKT02271,2025-12-05,CAN03,CAM005,391.5,31488,884,29,3997.06,34,762,64.36
MKT02272,2025-12-05,CAN04,,144.77,14292,634,21,2847.8,57,634,53.25
MKT02273,2025-12-05,CAN05,,46.19,1087,200,3,412.45,6,257,47.77
MKT02274,2025-12-05,CAN06,,82.23,6517,215,5,500.53,9,263,56.5
MKT02275,2025-12-05,CAN07,,141.06,11191,382,6,811.69,17,382,37.02
MKT02276,2025-12-06,CAN01,,293.35,15532,1293,33,3068.06,97,1431,53.87
MKT02277,2025-12-06,CAN02,,230.06,11253,973,15,1364.09,40,1251,40.93
MKT02278,2025-12-06,CAN03,CAM005,407.37,34904,1185,43,3849.79,48,983,55.79
MKT02279,2025-12-06,CAN04,,162.78,16513,523,16,1977.77,47,523,39.84
MKT02280,2025-12-06,CAN05,,36.9,2425,498,9,1087.02,21,621,41.63
MKT02281,2025-12-06,CAN06,,82.74,8578,584,11,1272.84,28,631,46.29
MKT02282,2025-12-06,CAN07,,173.45,16225,447,17,2537.28,42,512,60.12
MKT02283,2025-12-07,CAN01,,291.04,15087,969,15,1882.44,40,1061,63.66
MKT02284,2025-12-07,CAN02,,244.63,13000,999,39,3542.26,74,1049,58.11
MKT02285,2025-12-07,CAN03,CAM005,438.51,42872,1331,54,8385.9,99,1076,49.78
MKT02286,2025-12-07,CAN04,,164.84,15738,463,9,851.03,17,463,56.65
MKT02287,2025-12-07,CAN05,,44.21,1239,213,6,603.66,14,258,45.83
MKT02288,2025-12-07,CAN06,,80.59,8777,473,10,1208.28,24,483,64.28
MKT02289,2025-12-07,CAN07,,148.0,14668,333,9,1261.51,20,343,31.83
MKT02290,2025-12-08,CAN01,,308.42,13694,1024,33,3576.28,68,1024,63.47
MKT02291,2025-12-08,CAN02,,230.67,11574,669,25,2679.91,74,669,56.37
MKT02292,2025-12-08,CAN03,CAM005,412.06,37766,1498,46,5095.24,51,1493,51.73
MKT02293,2025-12-08,CAN04,,156.13,14516,371,9,1051.71,20,452,32.48
MKT02294,2025-12-08,CAN05,,42.63,1574,412,7,867.29,12,500,62.52
MKT02295,2025-12-08,CAN06,,61.59,11374,379,5,461.83,7,481,32.21
MKT02296,2025-12-08,CAN07,,157.72,10343,190,6,889.91,15,229,42.27
MKT02297,2025-12-09,CAN01,,308.26,14329,1065,30,4155.14,72,1112,37.4
MKT02298,2025-12-09,CAN02,,191.19,8833,579,22,2792.98,63,579,57.55
MKT02299,2025-12-09,CAN03,CAM005,352.95,27000,997,18,1608.7,21,836,39.57
MKT02300,2025-12-09,CAN04,,167.81,18984,625,15,1628.5,28,735,42.65
MKT02301,2025-12-09,CAN05,,42.42,1905,312,11,1191.68,28,340,38.49
MKT02302,2025-12-09,CAN06,,53.62,11100,441,8,970.35,18,441,43.84
MKT02303,2025-12-09,CAN07,,150.54,14135,585,13,1255.21,25,591,48.9
MKT02304,2025-12-10,CAN01,,326.33,15359,1105,17,2121.15,43,1293,46.92
MKT02305,2025-12-10,CAN02,,211.03,9998,516,11,1102.86,18,583,64.06
MKT02306,2025-12-10,CAN03,CAM005,357.74,31485,1089,29,3858.41,36,838,46.92
MKT02307,2025-12-10,CAN04,,138.46,15925,561,17,1685.83,36,561,46.94
MKT02308,2025-12-10,CAN05,,39.88,1349,295,6,627.6,17,332,30.13
MKT02309,2025-12-10,CAN06,,73.5,8620,365,8,1149.42,13,457,54.95
MKT02310,2025-12-10,CAN07,,153.95,10412,214,7,591.62,19,276,59.46
MKT02311,2025-12-11,CAN01,,323.78,14897,1395,24,2126.22,52,1512,44.26
MKT02312,2025-12-11,CAN02,,196.48,8399,684,25,3145.44,56,868,59.89
MKT02313,2025-12-11,CAN03,CAM005,365.43,39124,1012,19,2706.1,36,850,35.79
MKT02314,2025-12-11,CAN04,,155.6,13549,408,7,1055.96,20,483,49.92
MKT02315,2025-12-11,CAN05,,36.75,2462,408,11,1198.44,30,424,32.1
MKT02316,2025-12-11,CAN06,,60.96,9785,370,8,990.51,17,465,54.08
MKT02317,2025-12-11,CAN07,,141.24,13598,304,8,651.73,13,304,64.54
MKT02318,2025-12-12,CAN01,,287.19,11549,732,14,1720.0,23,888,33.14
MKT02319,2025-12-12,CAN02,,184.67,8755,820,29,2447.36,64,853,47.11
MKT02320,2025-12-12,CAN03,CAM005,448.38,49585,1817,37,3674.13,66,1493,45.79
MKT02321,2025-12-12,CAN04,,176.27,18247,477,8,1275.79,21,531,58.27
MKT02322,2025-12-12,CAN05,,40.64,2419,546,19,2484.81,34,625,47.45
MKT02323,2025-12-12,CAN06,,63.73,11593,508,18,1701.63,51,583,49.11
MKT02324,2025-12-12,CAN07,,147.58,12725,442,7,770.57,15,460,45.68
MKT02325,2025-12-13,CAN01,,293.97,14024,1113,42,5241.9,102,1113,37.18
MKT02326,2025-12-13,CAN02,,202.32,9301,628,11,1337.26,24,651,37.84
MKT02327,2025-12-13,CAN03,CAM005,369.72,38733,1352,36,3106.24,76,1309,41.88
MKT02328,2025-12-13,CAN04,,168.37,19295,665,22,2976.96,57,750,59.68
MKT02329,2025-12-13,CAN05,,46.18,1281,266,8,1189.3,23,266,34.55
MKT02330,2025-12-13,CAN06,,60.15,6968,197,4,332.78,10,227,56.37
MKT02331,2025-12-13,CAN07,,180.43,12814,346,9,1165.79,17,354,39.1
MKT02332,2025-12-14,CAN01,,326.3,13665,1108,32,5087.53,83,1228,62.49
MKT02333,2025-12-14,CAN02,,241.72,10187,693,15,2238.34,29,850,51.07
MKT02334,2025-12-14,CAN03,CAM005,450.42,49100,1903,49,6614.86,102,1544,54.79
MKT02335,2025-12-14,CAN04,,175.69,19824,717,13,1975.39,36,717,48.51
MKT02336,2025-12-14,CAN05,,36.9,860,152,2,283.29,4,191,36.09
MKT02337,2025-12-14,CAN06,,48.58,11342,329,6,502.31,15,329,54.76
MKT02338,2025-12-14,CAN07,,165.3,14958,590,19,1907.37,55,590,36.2
MKT02339,2025-12-15,CAN01,,367.84,18139,1242,26,3213.59,47,1242,44.01
MKT02340,2025-12-15,CAN02,,195.89,8820,692,23,1862.32,65,797,47.51
MKT02341,2025-12-15,CAN03,CAM005,383.94,28732,617,25,3263.08,47,520,30.31
MKT02342,2025-12-15,CAN04,,139.87,15172,477,18,2180.04,33,481,53.54
MKT02343,2025-12-15,CAN05,,44.71,1193,197,3,327.44,7,202,56.57
MKT02344,2025-12-15,CAN06,,68.83,10191,361,12,1666.38,28,361,32.75
MKT02345,2025-12-15,CAN07,,164.83,16140,622,10,874.33,22,747,57.27
MKT02346,2025-12-16,CAN01,,350.12,16607,1286,41,4569.43,92,1481,54.48
MKT02347,2025-12-16,CAN02,,230.96,11486,715,25,3882.74,72,905,48.62
MKT02348,2025-12-16,CAN03,CAM005,440.25,49191,1662,29,4240.36,39,1279,36.29
MKT02349,2025-12-16,CAN04,,139.83,13516,533,17,2145.98,43,533,49.2
MKT02350,2025-12-16,CAN05,,48.6,1622,399,7,1080.85,16,507,55.27
MKT02351,2025-12-16,CAN06,,77.85,7186,323,10,1007.54,22,385,62.04
MKT02352,2025-12-16,CAN07,,142.83,13254,546,11,1576.62,18,570,30.34
MKT02353,2025-12-17,CAN01,,311.45,15768,1341,41,3333.7,78,1433,62.14
MKT02354,2025-12-17,CAN02,,191.22,9790,777,14,1500.75,40,910,36.53
MKT02355,2025-12-17,CAN03,CAM005,432.22,48003,1758,71,5777.23,88,1562,48.62
MKT02356,2025-12-17,CAN04,,170.14,15596,448,7,963.99,20,558,31.32
MKT02357,2025-12-17,CAN05,,42.59,1064,217,4,447.62,7,217,46.24
MKT02358,2025-12-17,CAN06,,74.84,10708,461,9,955.51,19,536,49.41
MKT02359,2025-12-17,CAN07,,153.97,13653,295,11,1119.95,26,356,49.78
MKT02360,2025-12-18,CAN01,,320.39,14822,1463,23,3131.77,54,1466,51.48
MKT02361,2025-12-18,CAN02,,188.61,9780,717,23,3401.36,50,717,61.56
MKT02362,2025-12-18,CAN03,CAM005,374.88,32716,967,15,1660.55,32,963,47.07
MKT02363,2025-12-18,CAN04,,151.77,17843,555,17,1683.12,34,698,53.94
MKT02364,2025-12-18,CAN05,,48.48,1568,282,4,507.09,6,322,45.1
MKT02365,2025-12-18,CAN06,,56.0,10974,333,9,873.01,25,333,52.01
MKT02366,2025-12-18,CAN07,,146.12,12679,466,16,1781.91,37,597,45.61
MKT02367,2025-12-19,CAN01,,276.87,12092,1064,22,2506.33,51,1100,44.05
MKT02368,2025-12-19,CAN02,,238.92,11614,1115,17,2106.46,25,1396,31.94
MKT02369,2025-12-19,CAN03,CAM005,435.12,44233,1514,28,3627.53,40,1269,39.35
MKT02370,2025-12-19,CAN04,,139.03,11610,272,7,962.58,10,340,57.67
MKT02371,2025-12-19,CAN05,,46.71,931,166,5,554.18,11,201,55.74
MKT02372,2025-12-19,CAN06,,70.02,10343,337,11,1217.2,20,431,64.46
MKT02373,2025-12-19,CAN07,,143.1,13393,258,5,615.32,12,258,39.67
MKT02374,2025-12-20,CAN01,,289.99,15644,1174,24,2490.6,37,1443,40.91
MKT02375,2025-12-20,CAN02,,219.8,9824,844,27,3047.55,55,850,61.68
MKT02376,2025-12-20,CAN03,CAM005,354.78,27806,989,32,4951.87,49,774,56.93
MKT02377,2025-12-20,CAN04,,166.08,19352,797,17,2653.9,38,797,31.3
MKT02378,2025-12-20,CAN05,,46.32,1197,144,5,492.72,14,144,39.43
MKT02379,2025-12-20,CAN06,,52.25,8557,336,8,1250.85,14,387,44.84
MKT02380,2025-12-20,CAN07,,151.19,13455,422,9,1151.0,20,534,41.84
MKT02381,2025-12-21,CAN01,,342.53,16896,1052,22,3225.04,46,1127,42.91
MKT02382,2025-12-21,CAN02,,194.45,9115,547,19,1921.9,31,667,37.35
MKT02383,2025-12-21,CAN03,CAM005,385.06,34444,906,15,1609.09,26,698,52.29
MKT02384,2025-12-21,CAN04,,162.85,13601,479,14,2134.75,30,613,49.0
MKT02385,2025-12-21,CAN05,,48.66,1994,341,9,1201.31,25,408,38.21
MKT02386,2025-12-21,CAN06,,54.57,5539,227,5,412.13,9,274,64.18
MKT02387,2025-12-21,CAN07,,180.52,15250,474,9,981.86,16,543,46.54
MKT02388,2025-12-22,CAN01,,343.75,15807,1430,45,7147.47,119,1820,50.5
MKT02389,2025-12-22,CAN02,,207.6,8812,527,20,1764.72,59,651,36.22
MKT02390,2025-12-22,CAN03,CAM005,379.65,42477,1371,30,4021.6,33,1142,34.54
MKT02391,2025-12-22,CAN04,,140.26,11630,368,7,888.48,19,389,62.56
MKT02392,2025-12-22,CAN05,,42.06,1775,377,6,773.03,15,377,32.47
MKT02393,2025-12-22,CAN06,,62.76,12370,420,11,1541.21,24,462,56.25
MKT02394,2025-12-22,CAN07,,173.51,13831,435,11,1661.17,23,435,57.03
MKT02395,2025-12-23,CAN01,,338.48,14351,1322,23,1951.04,54,1509,30.68
MKT02396,2025-12-23,CAN02,,198.75,9476,618,15,2244.55,23,651,44.92
MKT02397,2025-12-23,CAN03,CAM005,340.84,27602,548,15,1682.97,27,505,52.59
MKT02398,2025-12-23,CAN04,,183.59,20208,567,11,930.74,17,567,31.79
MKT02399,2025-12-23,CAN05,,39.23,2074,435,8,668.07,13,537,41.47
MKT02400,2025-12-23,CAN06,,69.84,12109,494,16,1487.58,27,530,59.56
MKT02401,2025-12-23,CAN07,,138.05,13211,268,9,1239.99,24,315,44.61
MKT02402,2025-12-24,CAN01,,360.62,16021,1066,24,3469.94,63,1076,34.15
MKT02403,2025-12-24,CAN02,,221.68,10042,536,19,2043.3,51,550,36.17
MKT02404,2025-12-24,CAN03,CAM005,405.66,33642,938,26,2915.25,44,938,51.68
MKT02405,2025-12-24,CAN04,,175.4,15833,470,12,1551.23,19,509,61.34
MKT02406,2025-12-24,CAN05,,40.52,1542,305,5,549.37,7,336,57.16
MKT02407,2025-12-24,CAN06,,75.6,8200,483,17,1827.37,27,583,62.31
MKT02408,2025-12-24,CAN07,,170.03,11350,283,10,1180.37,27,283,49.63
MKT02409,2025-12-25,CAN01,,342.45,14742,1025,37,5414.9,79,1147,60.34
MKT02410,2025-12-25,CAN02,,209.65,11112,613,14,1415.92,26,634,32.87
MKT02411,2025-12-25,CAN03,CAM005,449.64,41969,1227,25,2374.88,45,1222,52.58
MKT02412,2025-12-25,CAN04,,149.05,17679,423,11,1140.58,21,423,54.68
MKT02413,2025-12-25,CAN05,,37.19,1546,324,6,550.24,10,324,48.23
MKT02414,2025-12-25,CAN06,,47.31,11040,372,14,1889.71,36,474,44.29
MKT02415,2025-12-25,CAN07,,159.21,11687,253,4,587.44,7,288,35.07
MKT02416,2025-12-26,CAN01,,316.07,15981,1529,24,2175.73,60,1529,42.18
MKT02417,2025-12-26,CAN02,,235.44,12612,1016,31,2666.78,51,1016,32.77
MKT02418,2025-12-26,CAN03,,293.93,26899,855,16,1349.67,34,954,46.46
MKT02419,2025-12-26,CAN04,,141.33,15800,471,13,1647.18,28,559,57.65
MKT02420,2025-12-26,CAN05,,46.64,1071,280,8,1095.1,14,320,52.96
MKT02421,2025-12-26,CAN06,,62.74,7708,229,4,629.66,9,244,44.07
MKT02422,2025-12-26,CAN07,,175.51,10663,365,12,1813.47,35,446,59.94
MKT02423,2025-12-27,CAN01,,308.59,12569,743,14,1817.61,21,761,56.8
MKT02424,2025-12-27,CAN02,,188.0,9173,833,24,3664.02,49,997,47.16
MKT02425,2025-12-27,CAN03,,241.88,21120,723,12,1213.89,20,761,33.94
MKT02426,2025-12-27,CAN04,,172.9,14899,534,18,2257.63,49,619,54.06
MKT02427,2025-12-27,CAN05,,37.62,1642,410,9,828.98,15,457,58.93
MKT02428,2025-12-27,CAN06,,78.64,7724,508,13,2071.05,26,594,58.34
MKT02429,2025-12-27,CAN07,,175.01,17139,513,18,2815.76,31,638,39.36
MKT02430,2025-12-28,CAN01,,347.9,15780,1051,23,2905.28,55,1343,51.81
MKT02431,2025-12-28,CAN02,,223.48,10687,682,19,2857.98,33,682,31.4
MKT02432,2025-12-28,CAN03,,299.46,25540,715,13,1346.63,32,715,60.57
MKT02433,2025-12-28,CAN04,,142.28,14506,523,14,1892.13,41,523,30.71
MKT02434,2025-12-28,CAN05,,41.49,2299,465,10,863.32,19,564,44.55
MKT02435,2025-12-28,CAN06,,80.17,5885,380,8,1061.02,18,488,43.0
MKT02436,2025-12-28,CAN07,,146.96,10009,259,6,534.57,14,268,54.03
MKT02437,2025-12-29,CAN01,,347.12,14507,1202,38,3615.06,111,1220,45.11
MKT02438,2025-12-29,CAN02,,223.27,10099,815,21,2047.47,62,919,36.0
MKT02439,2025-12-29,CAN03,,285.51,27761,840,16,2200.22,33,1051,59.32
MKT02440,2025-12-29,CAN04,,171.61,18025,566,18,1443.46,34,720,62.2
MKT02441,2025-12-29,CAN05,,37.0,2318,563,10,1218.54,19,729,30.41
MKT02442,2025-12-29,CAN06,,75.86,7935,473,14,1157.28,29,602,35.75
MKT02443,2025-12-29,CAN07,,138.8,12303,476,9,1363.0,24,570,41.44
MKT02444,2025-12-30,CAN01,,325.51,13324,1269,20,2840.39,48,1402,42.18
MKT02445,2025-12-30,CAN02,,195.55,9053,610,12,1240.97,18,757,37.23
MKT02446,2025-12-30,CAN03,,264.65,21280,617,21,2247.94,40,713,38.16
MKT02447,2025-12-30,CAN04,,177.73,18737,709,14,1647.88,34,755,64.9
MKT02448,2025-12-30,CAN05,,42.69,1358,262,8,1270.36,19,262,53.15
MKT02449,2025-12-30,CAN06,,58.35,8708,358,6,520.44,9,360,36.61
MKT02450,2025-12-30,CAN07,,177.79,17283,303,10,1301.04,18,335,42.34
MKT02451,2025-12-31,CAN01,,296.58,11952,630,12,972.08,31,658,54.77
MKT02452,2025-12-31,CAN02,,214.32,9483,693,15,1943.3,38,824,42.76
MKT02453,2025-12-31,CAN03,,290.73,33480,976,25,3908.26,50,976,41.06
MKT02454,2025-12-31,CAN04,,148.21,17733,554,11,926.6,29,661,60.12
MKT02455,2025-12-31,CAN05,,45.29,1123,244,8,905.05,19,244,49.62
MKT02456,2025-12-31,CAN06,,68.9,12628,537,18,2344.67,37,599,32.13
MKT02457,2025-12-31,CAN07,,168.67,12984,269,7,849.23,13,269,59.5
MKT02458,2026-01-01,CAN01,,162.22,8049,506,17,1489.34,33,506,46.04
MKT02459,2026-01-01,CAN02,,118.09,5313,413,11,1650.79,26,413,43.26
MKT02460,2026-01-01,CAN03,,132.68,14063,498,9,1300.39,21,498,36.88
MKT02461,2026-01-01,CAN04,,76.61,8931,306,11,1303.71,27,306,52.35
MKT02462,2026-01-01,CAN05,CAM016,34.53,2651,440,11,1444.13,20,339,63.86
MKT02463,2026-01-01,CAN06,,55.9,4439,192,5,740.36,11,228,51.15
MKT02464,2026-01-01,CAN07,,73.55,6014,123,2,234.09,5,131,53.27
MKT02465,2026-01-02,CAN01,,165.11,8998,627,22,2214.61,36,712,33.41
MKT02466,2026-01-02,CAN02,,111.08,5577,415,12,1053.37,22,514,63.32
MKT02467,2026-01-02,CAN03,,126.78,13935,433,6,657.21,15,558,60.36
MKT02468,2026-01-02,CAN04,,69.7,7059,219,8,785.56,20,228,57.34
MKT02469,2026-01-02,CAN05,CAM016,27.39,1720,360,8,1188.46,15,277,54.63
MKT02470,2026-01-02,CAN06,,85.81,3819,257,8,852.84,19,309,52.4
MKT02471,2026-01-02,CAN07,,84.05,6112,154,3,336.17,6,154,35.76
MKT02472,2026-01-03,CAN01,,169.9,7028,647,11,966.45,23,835,48.02
MKT02473,2026-01-03,CAN02,,99.44,4305,367,8,1085.91,23,411,59.09
MKT02474,2026-01-03,CAN03,,145.6,14707,327,8,789.62,19,327,51.64
MKT02475,2026-01-03,CAN04,,77.8,6481,272,4,333.64,9,287,40.27
MKT02476,2026-01-03,CAN05,CAM016,29.19,2557,436,7,864.75,14,336,63.4
MKT02477,2026-01-03,CAN06,,58.87,5330,259,4,397.16,6,330,64.38
MKT02478,2026-01-03,CAN07,,87.41,7329,200,6,514.9,16,216,48.16
MKT02479,2026-01-04,CAN01,,152.6,7569,470,8,940.5,21,470,45.05
MKT02480,2026-01-04,CAN02,,95.98,3954,246,4,469.0,9,246,62.54
MKT02481,2026-01-04,CAN03,,144.22,14509,674,23,3306.72,48,821,40.64
MKT02482,2026-01-04,CAN04,,87.88,8997,241,5,423.2,7,301,34.46
MKT02483,2026-01-04,CAN05,CAM016,34.24,1464,262,4,401.81,5,240,53.33
MKT02484,2026-01-04,CAN06,,58.0,4214,223,7,599.73,16,288,61.43
MKT02485,2026-01-04,CAN07,,70.76,7059,216,8,702.7,12,272,39.36
MKT02486,2026-01-05,CAN01,,136.74,5711,459,11,985.91,20,529,48.02
MKT02487,2026-01-05,CAN02,,94.9,4768,305,6,525.43,14,353,64.31
MKT02488,2026-01-05,CAN03,,136.05,12067,340,5,763.89,13,436,53.51
MKT02489,2026-01-05,CAN04,,82.27,8465,198,5,761.13,14,253,47.65
MKT02490,2026-01-05,CAN05,CAM016,31.14,3127,611,15,1893.84,29,470,36.51
MKT02491,2026-01-05,CAN06,,50.35,5263,204,3,335.67,5,204,50.96
MKT02492,2026-01-05,CAN07,,73.29,5788,162,4,413.7,9,183,62.51
MKT02493,2026-01-06,CAN01,,174.96,7973,641,13,1393.63,21,641,56.75
MKT02494,2026-01-06,CAN02,,106.59,5432,478,16,2152.8,31,575,57.33
MKT02495,2026-01-06,CAN03,,147.61,15589,622,16,1310.71,34,752,55.51
MKT02496,2026-01-06,CAN04,,91.02,7477,248,9,776.57,16,248,52.26
MKT02497,2026-01-06,CAN05,CAM016,31.68,3238,479,8,932.43,11,382,46.16
MKT02498,2026-01-06,CAN06,,60.75,3552,176,4,354.56,7,176,50.96
MKT02499,2026-01-06,CAN07,,83.06,8140,305,9,923.25,18,305,55.71
MKT02500,2026-01-07,CAN01,,166.14,7741,529,11,1311.52,30,529,51.42
MKT02501,2026-01-07,CAN02,,105.06,4358,308,10,1293.44,28,375,60.8
MKT02502,2026-01-07,CAN03,,147.29,14771,529,21,1734.9,44,652,45.18
MKT02503,2026-01-07,CAN04,,72.98,6590,278,9,1158.0,26,319,62.51
MKT02504,2026-01-07,CAN05,CAM016,31.59,3070,520,14,1170.95,22,465,30.62
MKT02505,2026-01-07,CAN06,,50.29,6267,235,5,427.64,13,288,62.91
MKT02506,2026-01-07,CAN07,,68.37,5486,134,4,634.99,7,134,41.86
MKT02507,2026-01-08,CAN01,,177.76,8743,482,14,1840.0,24,482,41.61
MKT02508,2026-01-08,CAN02,,108.85,4898,379,13,1105.8,33,472,57.39
MKT02509,2026-01-08,CAN03,,143.8,14452,540,11,1387.88,21,540,49.05
MKT02510,2026-01-08,CAN04,,86.55,7473,222,6,911.06,10,222,63.37
MKT02511,2026-01-08,CAN05,CAM016,34.12,2227,326,5,832.17,11,262,48.85
MKT02512,2026-01-08,CAN06,,64.54,6148,292,7,749.65,16,368,36.62
MKT02513,2026-01-08,CAN07,,84.07,6660,200,4,591.7,10,202,31.27
MKT02514,2026-01-09,CAN01,,151.16,7149,542,15,2000.44,43,553,30.02
MKT02515,2026-01-09,CAN02,,112.98,6096,398,12,1402.55,24,398,32.57
MKT02516,2026-01-09,CAN03,,139.27,11420,420,12,1008.93,34,537,48.34
MKT02517,2026-01-09,CAN04,,68.02,5978,229,8,673.45,12,251,40.63
MKT02518,2026-01-09,CAN05,CAM016,36.59,3483,682,18,1693.5,31,632,36.8
MKT02519,2026-01-09,CAN06,,73.38,4369,266,9,986.37,20,276,52.6
MKT02520,2026-01-09,CAN07,,89.22,5965,174,2,308.84,4,176,41.54
MKT02521,2026-01-10,CAN01,,136.77,6732,493,12,1475.77,27,535,33.96
MKT02522,2026-01-10,CAN02,,98.37,4451,290,9,1437.74,17,290,43.76
MKT02523,2026-01-10,CAN03,,150.23,15124,433,14,1311.77,40,494,45.14
MKT02524,2026-01-10,CAN04,,89.35,7793,179,5,781.16,14,193,48.73
MKT02525,2026-01-10,CAN05,CAM016,29.22,2207,338,12,1520.88,19,260,53.51
MKT02526,2026-01-10,CAN06,,72.83,3706,180,6,899.91,11,212,41.38
MKT02527,2026-01-10,CAN07,,77.5,5582,192,4,320.78,8,239,48.08
MKT02528,2026-01-11,CAN01,,154.18,7623,597,22,3126.11,53,597,41.66
MKT02529,2026-01-11,CAN02,,119.87,6228,537,18,2469.09,43,696,37.36
MKT02530,2026-01-11,CAN03,,117.56,10031,396,7,1000.69,14,396,56.42
MKT02531,2026-01-11,CAN04,,68.21,5515,206,5,541.62,13,261,58.28
MKT02532,2026-01-11,CAN05,CAM016,27.86,1775,356,8,1089.63,16,303,44.68
MKT02533,2026-01-11,CAN06,,66.99,5707,367,7,1056.75,17,367,60.81
MKT02534,2026-01-11,CAN07,,75.96,4600,95,2,189.08,5,107,60.47
MKT02535,2026-01-12,CAN01,,151.96,6713,432,13,1666.88,35,432,41.89
MKT02536,2026-01-12,CAN02,,114.76,4955,468,13,1468.57,25,468,39.61
MKT02537,2026-01-12,CAN03,,116.86,10837,485,9,957.63,14,560,39.44
MKT02538,2026-01-12,CAN04,,78.27,7563,348,5,616.66,8,348,62.48
MKT02539,2026-01-12,CAN05,CAM016,33.48,1590,240,4,612.91,7,208,42.7
MKT02540,2026-01-12,CAN06,,49.42,4184,159,2,249.28,4,171,41.8
MKT02541,2026-01-12,CAN07,,90.71,6771,173,3,372.97,7,221,48.43
MKT02542,2026-01-13,CAN01,,162.68,7326,690,20,3047.99,52,872,57.06
MKT02543,2026-01-13,CAN02,,113.35,5558,407,15,1838.87,36,407,34.68
MKT02544,2026-01-13,CAN03,,133.65,12707,493,12,1375.23,21,493,52.08
MKT02545,2026-01-13,CAN04,,81.04,7354,267,9,1162.21,18,299,32.83
MKT02546,2026-01-13,CAN05,CAM016,35.7,2812,377,8,923.59,17,290,57.21
MKT02547,2026-01-13,CAN06,,86.49,3282,132,3,465.87,6,135,56.29
MKT02548,2026-01-13,CAN07,,74.28,4821,126,4,521.57,10,126,63.33
MKT02549,2026-01-14,CAN01,,159.2,6382,526,18,1564.6,31,526,63.44
MKT02550,2026-01-14,CAN02,,99.79,4037,264,6,606.26,15,300,48.91
MKT02551,2026-01-14,CAN03,,147.44,15255,496,17,2015.27,31,496,32.78
MKT02552,2026-01-14,CAN04,,79.82,6584,175,3,304.24,8,175,40.7
MKT02553,2026-01-14,CAN05,CAM016,36.13,2128,289,9,1486.42,11,250,44.74
MKT02554,2026-01-14,CAN06,,50.46,4160,128,3,388.39,8,128,64.91
MKT02555,2026-01-14,CAN07,,74.0,6809,195,4,457.63,11,247,59.7
MKT02556,2026-01-15,CAN01,,149.16,8188,793,22,2853.49,40,793,31.45
MKT02557,2026-01-15,CAN02,,113.51,5916,445,7,964.83,17,543,59.24
MKT02558,2026-01-15,CAN03,,117.84,13384,398,12,1744.01,25,398,50.77
MKT02559,2026-01-15,CAN04,,82.39,6680,239,7,853.57,13,270,31.26
MKT02560,2026-01-15,CAN05,CAM016,29.2,2872,687,16,1481.91,32,617,41.63
MKT02561,2026-01-15,CAN06,,50.8,5070,216,6,801.69,16,251,62.46
MKT02562,2026-01-15,CAN07,,73.74,4480,131,4,486.53,7,132,34.2
MKT02563,2026-01-16,CAN01,,143.09,6807,423,9,782.98,15,467,46.34
MKT02564,2026-01-16,CAN02,,103.64,5532,403,15,1511.78,38,403,63.8
MKT02565,2026-01-16,CAN03,,134.44,12342,381,9,1106.69,22,447,31.65
MKT02566,2026-01-16,CAN04,,85.25,10189,360,9,731.0,15,448,38.56
MKT02567,2026-01-16,CAN05,CAM016,36.73,1416,293,7,643.87,11,249,36.36
MKT02568,2026-01-16,CAN06,,62.24,3653,210,5,572.29,14,255,59.37
MKT02569,2026-01-16,CAN07,,85.83,6910,147,4,377.76,11,185,45.33
MKT02570,2026-01-17,CAN01,,170.61,7169,466,12,1895.62,31,574,48.33
MKT02571,2026-01-17,CAN02,,120.55,5348,482,18,1458.63,43,482,56.14
MKT02572,2026-01-17,CAN03,,135.39,11272,345,5,559.02,12,388,44.47
MKT02573,2026-01-17,CAN04,,83.01,8606,255,8,940.13,20,290,55.15
MKT02574,2026-01-17,CAN05,CAM016,32.73,1887,269,9,1294.17,19,207,38.48
MKT02575,2026-01-17,CAN06,,50.35,5021,185,3,427.62,8,207,63.38
MKT02576,2026-01-17,CAN07,,81.48,6506,165,5,632.68,10,178,34.42
MKT02577,2026-01-18,CAN01,,137.2,6987,595,10,1453.49,27,649,30.52
MKT02578,2026-01-18,CAN02,,94.32,5033,482,13,1236.02,29,590,58.37
MKT02579,2026-01-18,CAN03,,127.29,14531,657,18,2339.67,34,801,41.88
MKT02580,2026-01-18,CAN04,,76.1,7760,223,5,420.86,11,279,30.92
MKT02581,2026-01-18,CAN05,CAM016,32.43,3474,520,15,1696.69,19,410,40.69
MKT02582,2026-01-18,CAN06,,80.35,4850,290,5,599.21,8,326,46.58
MKT02583,2026-01-18,CAN07,,68.88,5035,185,4,619.95,6,185,48.98
MKT02584,2026-01-19,CAN01,,153.64,6470,612,17,1414.63,48,750,58.23
MKT02585,2026-01-19,CAN02,,92.74,3814,227,6,602.31,14,285,59.3
MKT02586,2026-01-19,CAN03,,127.71,10796,255,6,713.72,15,255,48.17
MKT02587,2026-01-19,CAN04,,80.84,6718,261,6,856.14,15,288,55.32
MKT02588,2026-01-19,CAN05,CAM016,28.88,1374,219,5,736.65,8,169,60.66
MKT02589,2026-01-19,CAN06,,81.19,3430,100,2,205.09,3,101,41.64
MKT02590,2026-01-19,CAN07,,88.39,5461,139,2,304.98,5,177,61.46
MKT02591,2026-01-20,CAN01,,168.17,7758,450,16,2172.83,35,526,62.54
MKT02592,2026-01-20,CAN02,,107.32,4608,387,15,1619.26,26,479,49.46
MKT02593,2026-01-20,CAN03,,142.02,13797,440,9,1187.77,16,493,50.1
MKT02594,2026-01-20,CAN04,,78.0,6978,205,3,421.82,5,205,60.5
MKT02595,2026-01-20,CAN05,CAM016,34.02,1569,374,15,2153.98,26,330,50.15
MKT02596,2026-01-20,CAN06,,54.84,5402,276,4,514.97,8,276,58.38
MKT02597,2026-01-20,CAN07,,88.55,7076,165,3,354.94,5,165,64.69
MKT02598,2026-01-21,CAN01,,138.27,6905,480,12,1380.95,25,608,46.4
MKT02599,2026-01-21,CAN02,,115.31,4641,345,5,453.25,13,420,52.77
MKT02600,2026-01-21,CAN03,,127.12,12906,334,6,746.85,10,395,49.72
MKT02601,2026-01-21,CAN04,,78.76,8038,250,3,373.9,6,277,34.0
MKT02602,2026-01-21,CAN05,CAM016,29.4,2769,474,16,1657.73,24,365,50.97
MKT02603,2026-01-21,CAN06,,72.59,5113,223,6,571.19,12,223,58.1
MKT02604,2026-01-21,CAN07,,78.21,6211,182,4,342.52,9,183,62.13
MKT02605,2026-01-22,CAN01,,140.96,7316,505,9,1239.86,16,602,49.97
MKT02606,2026-01-22,CAN02,,98.43,5083,366,13,1107.18,32,375,32.0
MKT02607,2026-01-22,CAN03,,145.7,13217,381,7,1024.37,17,446,41.88
MKT02608,2026-01-22,CAN04,,82.53,8530,277,5,693.28,10,288,36.33
MKT02609,2026-01-22,CAN05,CAM016,34.14,3346,689,16,2539.04,24,632,62.5
MKT02610,2026-01-22,CAN06,,52.34,4973,242,8,909.82,16,252,62.98
MKT02611,2026-01-22,CAN07,,80.74,5583,181,5,420.49,8,218,32.51
MKT02612,2026-01-23,CAN01,,141.37,6506,453,15,1340.13,29,471,35.97
MKT02613,2026-01-23,CAN02,,92.26,4558,268,8,654.66,17,318,56.56
MKT02614,2026-01-23,CAN03,,147.67,15149,315,11,1146.5,24,329,40.4
MKT02615,2026-01-23,CAN04,,88.28,7252,215,4,568.52,6,273,44.67
MKT02616,2026-01-23,CAN05,CAM016,36.75,3411,601,11,1043.31,22,485,36.39
MKT02617,2026-01-23,CAN06,,68.1,3001,147,3,422.61,8,185,57.79
MKT02618,2026-01-23,CAN07,,76.03,6006,249,8,1016.59,22,266,47.67
MKT02619,2026-01-24,CAN01,,165.03,8989,619,21,2397.42,40,664,40.94
MKT02620,2026-01-24,CAN02,,115.37,5244,465,12,1055.75,20,538,64.86
MKT02621,2026-01-24,CAN03,,140.01,16132,362,6,786.35,15,390,46.99
MKT02622,2026-01-24,CAN04,,85.17,9548,376,9,1209.84,14,463,36.06
MKT02623,2026-01-24,CAN05,CAM016,31.76,3379,738,26,3913.24,46,720,37.87
MKT02624,2026-01-24,CAN06,,78.16,5286,179,7,856.08,10,183,60.45
MKT02625,2026-01-24,CAN07,,73.95,5009,156,4,390.23,6,157,45.64
MKT02626,2026-01-25,CAN01,,164.53,7187,493,9,1011.29,16,493,40.01
MKT02627,2026-01-25,CAN02,,101.49,4076,272,9,1063.52,20,323,30.96
MKT02628,2026-01-25,CAN03,,127.11,12566,323,7,943.09,12,411,51.19
MKT02629,2026-01-25,CAN04,,87.14,8906,290,7,980.6,16,290,45.16
MKT02630,2026-01-25,CAN05,CAM016,29.4,1160,252,9,859.91,19,233,54.13
MKT02631,2026-01-25,CAN06,,79.79,5813,185,7,620.54,16,240,44.29
MKT02632,2026-01-25,CAN07,,88.12,8745,257,9,845.56,24,279,50.25
MKT02633,2026-01-26,CAN01,,182.96,8216,536,16,2230.56,36,583,62.78
MKT02634,2026-01-26,CAN02,,106.26,5665,453,13,2075.76,30,554,49.61
MKT02635,2026-01-26,CAN03,,149.08,15566,470,10,929.22,28,591,51.07
MKT02636,2026-01-26,CAN04,,70.0,8179,229,5,452.02,14,266,53.4
MKT02637,2026-01-26,CAN05,CAM016,33.16,3148,581,9,1537.24,10,447,59.94
MKT02638,2026-01-26,CAN06,,80.53,3182,141,2,257.07,3,141,42.7
MKT02639,2026-01-26,CAN07,,76.67,4682,137,4,385.01,9,145,40.13
MKT02640,2026-01-27,CAN01,,172.57,6951,484,8,1059.79,18,484,58.84
MKT02641,2026-01-27,CAN02,,108.43,5364,311,7,728.36,13,375,60.66
MKT02642,2026-01-27,CAN03,,116.09,11390,444,7,641.6,12,537,52.6
MKT02643,2026-01-27,CAN04,,72.2,6068,171,5,417.48,8,206,50.48
MKT02644,2026-01-27,CAN05,CAM016,29.64,1514,362,5,592.77,7,337,32.36
MKT02645,2026-01-27,CAN06,,64.65,3826,179,5,492.07,12,213,41.8
MKT02646,2026-01-27,CAN07,,91.57,7706,182,6,814.0,17,222,57.31
MKT02647,2026-01-28,CAN01,,182.66,8599,735,17,1480.14,31,779,41.88
MKT02648,2026-01-28,CAN02,,112.1,4886,402,7,565.97,17,496,50.13
MKT02649,2026-01-28,CAN03,,117.35,13267,431,10,1067.75,26,524,31.09
MKT02650,2026-01-28,CAN04,,69.17,5696,156,4,624.56,8,157,37.79
MKT02651,2026-01-28,CAN05,CAM016,29.7,2935,429,8,770.24,14,370,62.32
MKT02652,2026-01-28,CAN06,,68.98,4413,258,8,1204.33,14,311,57.29
MKT02653,2026-01-28,CAN07,,69.76,6437,168,3,393.71,5,216,34.57
MKT02654,2026-01-29,CAN01,,139.51,5696,479,16,2182.81,27,481,60.07
MKT02655,2026-01-29,CAN02,,93.97,4757,414,14,1438.32,24,414,39.51
MKT02656,2026-01-29,CAN03,,135.09,11136,257,9,1405.36,20,275,37.29
MKT02657,2026-01-29,CAN04,,72.1,7722,269,5,584.79,7,291,63.7
MKT02658,2026-01-29,CAN05,CAM016,32.62,1576,253,9,1482.96,20,195,64.49
MKT02659,2026-01-29,CAN06,,77.0,3804,138,4,419.23,10,145,53.63
MKT02660,2026-01-29,CAN07,,70.26,5931,139,3,334.94,7,168,60.33
MKT02661,2026-01-30,CAN01,,178.28,8346,603,15,2160.12,37,605,44.04
MKT02662,2026-01-30,CAN02,,99.5,5142,423,14,2185.97,26,510,31.14
MKT02663,2026-01-30,CAN03,,115.35,9691,314,6,879.72,9,399,63.27
MKT02664,2026-01-30,CAN04,,89.05,9797,376,7,1007.45,11,403,49.11
MKT02665,2026-01-30,CAN05,CAM016,33.09,2734,373,9,1194.94,13,304,63.14
MKT02666,2026-01-30,CAN06,,55.85,4585,281,10,1347.42,16,356,40.37
MKT02667,2026-01-30,CAN07,,75.99,6656,304,9,983.4,15,306,33.94
MKT02668,2026-01-31,CAN01,,173.26,8398,485,17,2357.86,49,508,57.08
MKT02669,2026-01-31,CAN02,,120.87,5397,398,11,888.6,30,516,36.46
MKT02670,2026-01-31,CAN03,,152.42,13157,446,15,2268.02,26,562,38.38
MKT02671,2026-01-31,CAN04,,91.47,7650,176,6,580.82,10,225,45.21
MKT02672,2026-01-31,CAN05,CAM016,36.06,2203,418,15,2416.29,30,369,49.45
MKT02673,2026-01-31,CAN06,,53.29,6128,194,5,639.7,14,215,39.71
MKT02674,2026-01-31,CAN07,,85.69,6399,180,5,401.53,11,191,38.15
MKT02675,2026-02-01,CAN01,,186.99,9735,607,17,1670.71,48,607,50.03
MKT02676,2026-02-01,CAN02,,118.5,5507,493,18,2131.3,49,552,46.26
MKT02677,2026-02-01,CAN03,,170.42,15958,359,9,1304.17,25,394,35.05
MKT02678,2026-02-01,CAN04,,97.97,11149,328,12,1291.39,31,328,32.51
MKT02679,2026-02-01,CAN05,CAM016,37.32,1908,304,8,1038.83,10,260,62.95
MKT02680,2026-02-01,CAN06,,86.47,4600,318,10,1292.9,20,331,52.1
MKT02681,2026-02-01,CAN07,,92.36,6768,214,3,395.03,5,232,35.28
MKT02682,2026-02-02,CAN01,,194.19,8105,594,13,1403.75,36,594,46.44
MKT02683,2026-02-02,CAN02,,108.52,5821,606,23,2910.17,57,606,59.09
MKT02684,2026-02-02,CAN03,,171.61,16061,461,16,1856.73,45,467,32.29
MKT02685,2026-02-02,CAN04,,79.35,9301,377,12,1612.94,18,411,32.26
MKT02686,2026-02-02,CAN05,CAM016,33.84,2994,514,18,2064.43,28,396,49.32
MKT02687,2026-02-02,CAN06,,52.6,5878,238,5,586.88,13,293,60.34
MKT02688,2026-02-02,CAN07,,81.73,6152,132,3,360.26,4,161,52.58
MKT02689,2026-02-03,CAN01,,197.45,8784,700,22,3376.51,45,799,41.7
MKT02690,2026-02-03,CAN02,,128.58,5487,312,9,1095.77,17,312,58.24
MKT02691,2026-02-03,CAN03,,133.85,13846,364,8,1018.91,15,445,45.99
MKT02692,2026-02-03,CAN04,,86.67,7571,250,4,452.1,7,316,32.06
MKT02693,2026-02-03,CAN05,CAM016,38.7,1458,257,4,340.06,6,199,46.5
MKT02694,2026-02-03,CAN06,,80.47,3121,150,2,169.2,5,150,55.68
MKT02695,2026-02-03,CAN07,,77.67,5281,135,3,339.76,8,169,64.95
MKT02696,2026-02-04,CAN01,,200.51,8267,474,17,1692.6,37,532,38.5
MKT02697,2026-02-04,CAN02,,121.86,5306,380,7,594.01,19,380,60.77
MKT02698,2026-02-04,CAN03,,149.87,15742,414,6,850.88,17,414,48.72
MKT02699,2026-02-04,CAN04,,83.01,7665,273,10,1526.17,28,352,61.73
MKT02700,2026-02-04,CAN05,CAM016,33.49,1164,261,8,1083.75,17,221,53.69
MKT02701,2026-02-04,CAN06,,63.19,5488,181,4,590.57,10,190,41.44
MKT02702,2026-02-04,CAN07,,99.64,8406,156,3,261.6,6,156,59.86
MKT02703,2026-02-05,CAN01,,205.26,9079,570,10,917.4,16,732,44.08
MKT02704,2026-02-05,CAN02,,136.25,7131,512,11,1372.6,25,550,51.77
MKT02705,2026-02-05,CAN03,,137.67,11041,431,10,881.76,21,493,45.33
MKT02706,2026-02-05,CAN04,,82.36,7258,263,10,1438.01,21,276,58.26
MKT02707,2026-02-05,CAN05,CAM016,38.43,2108,309,12,1995.38,19,298,55.99
MKT02708,2026-02-05,CAN06,,50.14,4731,184,6,582.78,9,218,55.75
MKT02709,2026-02-05,CAN07,,89.41,5383,118,3,462.63,6,141,53.38
MKT02710,2026-02-06,CAN01,,191.42,9347,727,19,2764.83,54,895,52.59
MKT02711,2026-02-06,CAN02,,126.2,5399,363,9,1302.91,23,445,59.83
MKT02712,2026-02-06,CAN03,,148.54,15449,711,25,2816.61,50,842,31.39
MKT02713,2026-02-06,CAN04,,80.69,7735,286,10,1105.38,22,286,32.53
MKT02714,2026-02-06,CAN05,CAM016,41.38,2619,377,12,1605.94,17,320,58.19
MKT02715,2026-02-06,CAN06,,51.42,3451,173,3,307.89,7,173,54.24
MKT02716,2026-02-06,CAN07,,76.58,5147,209,5,485.24,7,209,32.38
MKT02717,2026-02-07,CAN01,,199.07,8809,735,24,2387.15,45,827,47.08
MKT02718,2026-02-07,CAN02,,123.2,5593,342,11,1024.95,31,355,41.08
MKT02719,2026-02-07,CAN03,,146.2,15181,527,14,1373.91,23,624,55.85
MKT02720,2026-02-07,CAN04,,83.75,7285,181,4,554.22,7,219,37.13
MKT02721,2026-02-07,CAN05,CAM016,37.29,2314,434,12,1029.9,19,391,52.52
MKT02722,2026-02-07,CAN06,,61.11,5008,174,2,311.0,5,174,58.45
MKT02723,2026-02-07,CAN07,,90.14,7899,143,4,409.07,8,143,49.7
MKT02724,2026-02-08,CAN01,,206.78,9955,844,28,3782.27,51,844,46.31
MKT02725,2026-02-08,CAN02,,127.75,5687,327,10,1407.22,21,371,57.19
MKT02726,2026-02-08,CAN03,,166.92,16020,401,8,1190.46,23,401,32.64
MKT02727,2026-02-08,CAN04,,87.35,7936,173,4,537.84,7,224,32.18
MKT02728,2026-02-08,CAN05,CAM016,36.96,2367,417,7,654.29,13,376,57.53
MKT02729,2026-02-08,CAN06,,68.72,6843,245,5,694.84,14,245,51.86
MKT02730,2026-02-08,CAN07,,93.81,6568,108,3,251.84,7,122,42.27
MKT02731,2026-02-09,CAN01,,191.58,9994,728,19,2135.84,56,924,37.94
MKT02732,2026-02-09,CAN02,,125.98,6694,362,9,787.09,19,379,64.41
MKT02733,2026-02-09,CAN03,,169.64,19022,499,13,1109.39,20,499,55.27
MKT02734,2026-02-09,CAN04,,93.2,9798,248,9,1119.3,16,282,45.76
MKT02735,2026-02-09,CAN05,CAM016,40.14,2990,473,16,2189.95,29,435,30.08
MKT02736,2026-02-09,CAN06,,67.22,4729,114,4,570.53,7,114,40.15
MKT02737,2026-02-09,CAN07,,93.08,6248,219,3,374.23,7,248,52.91
MKT02738,2026-02-10,CAN01,,205.77,10107,726,13,1399.24,34,745,63.59
MKT02739,2026-02-10,CAN02,,116.34,5367,444,7,833.77,12,563,63.46
MKT02740,2026-02-10,CAN03,,143.2,13138,433,16,2019.23,26,479,64.72
MKT02741,2026-02-10,CAN04,,79.33,7515,226,6,810.45,9,226,35.53
MKT02742,2026-02-10,CAN05,CAM016,36.51,1304,327,11,1421.0,20,316,57.27
MKT02743,2026-02-10,CAN06,,65.9,6684,235,7,626.4,13,235,63.92
MKT02744,2026-02-10,CAN07,,98.06,8764,312,5,409.57,12,312,46.82
MKT02745,2026-02-11,CAN01,,174.82,8115,633,11,1554.54,16,741,38.85
MKT02746,2026-02-11,CAN02,,132.81,5379,329,8,800.92,19,329,33.0
MKT02747,2026-02-11,CAN03,,172.19,18914,638,20,2023.89,51,736,48.01
MKT02748,2026-02-11,CAN04,,84.74,7651,188,7,716.06,14,232,51.58
MKT02749,2026-02-11,CAN05,CAM016,35.2,1765,256,4,360.74,4,197,40.18
MKT02750,2026-02-11,CAN06,,71.47,5825,344,8,711.5,16,344,30.65
MKT02751,2026-02-11,CAN07,,99.5,9050,387,10,1528.42,16,434,64.31
MKT02752,2026-02-12,CAN01,,185.13,7937,651,15,1359.85,31,679,30.48
MKT02753,2026-02-12,CAN02,,137.75,6120,411,13,1777.95,27,479,58.36
MKT02754,2026-02-12,CAN03,,160.38,15585,356,9,1021.86,23,360,42.43
MKT02755,2026-02-12,CAN04,,79.9,8191,214,4,359.96,7,267,56.99
MKT02756,2026-02-12,CAN05,CAM016,33.2,1910,386,11,937.73,19,339,53.47
MKT02757,2026-02-12,CAN06,,50.38,3344,99,2,221.61,3,122,63.61
MKT02758,2026-02-12,CAN07,,84.65,7005,193,5,587.03,8,194,49.56
MKT02759,2026-02-13,CAN01,,190.53,9452,524,8,1018.7,21,666,50.04
MKT02760,2026-02-13,CAN02,,116.13,5682,472,14,1693.87,30,565,44.18
MKT02761,2026-02-13,CAN03,,149.5,15056,453,13,1500.28,26,548,62.55
MKT02762,2026-02-13,CAN04,,78.25,8611,404,12,1500.51,30,488,46.24
MKT02763,2026-02-13,CAN05,CAM016,33.18,2900,468,14,1476.58,22,422,64.58
MKT02764,2026-02-13,CAN06,,59.52,6841,265,8,1110.0,23,287,33.2
MKT02765,2026-02-13,CAN07,,84.94,7967,284,6,665.57,12,298,41.77
MKT02766,2026-02-14,CAN01,,181.88,8582,811,32,3579.22,65,856,58.67
MKT02767,2026-02-14,CAN02,,120.38,5529,409,9,1102.7,23,468,31.23
MKT02768,2026-02-14,CAN03,,156.9,18245,595,21,2751.47,56,595,35.32
MKT02769,2026-02-14,CAN04,,82.21,9062,279,4,532.07,10,348,52.27
MKT02770,2026-02-14,CAN05,CAM016,33.9,1194,175,5,768.18,9,161,39.07
MKT02771,2026-02-14,CAN06,,85.98,5683,328,6,489.01,15,393,39.51
MKT02772,2026-02-14,CAN07,,81.9,6558,205,3,282.92,7,226,64.89
MKT02773,2026-02-15,CAN01,,185.44,8330,475,9,766.66,18,613,41.43
MKT02774,2026-02-15,CAN02,,133.86,6224,438,6,758.47,16,438,61.32
MKT02775,2026-02-15,CAN03,,151.8,14628,437,10,1336.86,28,488,55.42
MKT02776,2026-02-15,CAN04,,78.42,6539,296,10,1261.67,22,327,63.73
MKT02777,2026-02-15,CAN05,CAM016,32.34,1440,306,11,1373.09,12,292,31.19
MKT02778,2026-02-15,CAN06,,48.87,2834,139,5,745.29,14,170,35.85
MKT02779,2026-02-15,CAN07,,89.25,7477,140,2,301.88,3,140,58.51
MKT02780,2026-02-16,CAN01,,159.98,8355,752,17,2018.38,42,853,58.85
MKT02781,2026-02-16,CAN02,,137.83,5811,560,11,1476.1,19,599,38.4
MKT02782,2026-02-16,CAN03,,146.55,11942,502,11,947.7,20,567,54.85
MKT02783,2026-02-16,CAN04,,93.84,10336,351,11,1716.32,24,387,49.26
MKT02784,2026-02-16,CAN05,CAM016,40.12,1717,323,5,502.01,9,249,39.79
MKT02785,2026-02-16,CAN06,,73.93,7078,244,7,936.44,18,314,42.26
MKT02786,2026-02-16,CAN07,,102.57,7857,208,7,829.0,13,215,62.25
MKT02787,2026-02-17,CAN01,,184.85,8947,636,23,2792.24,63,657,46.2
MKT02788,2026-02-17,CAN02,,127.65,6630,374,6,493.69,13,476,37.83
MKT02789,2026-02-17,CAN03,,167.64,17125,514,13,1574.92,22,514,39.02
MKT02790,2026-02-17,CAN04,,100.98,11978,380,8,726.81,17,425,47.93
MKT02791,2026-02-17,CAN05,CAM016,31.48,2452,508,19,1664.12,27,400,52.14
MKT02792,2026-02-17,CAN06,,75.71,6767,242,7,1025.71,14,255,62.98
MKT02793,2026-02-17,CAN07,,85.02,6478,242,7,940.01,16,273,42.18
MKT02794,2026-02-18,CAN01,,170.25,9058,722,25,2762.17,52,722,30.24
MKT02795,2026-02-18,CAN02,,136.86,7278,433,9,1274.19,14,557,52.06
MKT02796,2026-02-18,CAN03,,161.39,15713,648,14,1426.94,38,764,31.94
MKT02797,2026-02-18,CAN04,,102.26,9119,229,7,1045.06,13,256,61.41
MKT02798,2026-02-18,CAN05,CAM016,32.45,2377,392,11,1221.32,15,371,48.82
MKT02799,2026-02-18,CAN06,,63.07,5812,257,9,1310.52,24,275,43.2
MKT02800,2026-02-18,CAN07,,96.15,7141,175,5,535.48,10,183,40.07
MKT02801,2026-02-19,CAN01,,172.57,8887,555,13,1295.89,33,714,52.15
MKT02802,2026-02-19,CAN02,,116.55,5105,414,9,1393.22,22,450,34.85
MKT02803,2026-02-19,CAN03,,171.89,19632,596,14,2119.97,40,596,57.54
MKT02804,2026-02-19,CAN04,,99.18,7943,225,7,826.19,17,239,51.9
MKT02805,2026-02-19,CAN05,CAM016,33.83,2422,331,11,1504.79,18,265,35.67
MKT02806,2026-02-19,CAN06,,55.11,3121,166,5,744.12,13,213,44.05
MKT02807,2026-02-19,CAN07,,84.51,6080,121,3,362.09,8,140,59.06
MKT02808,2026-02-20,CAN01,,156.51,6445,515,13,1802.33,21,573,62.3
MKT02809,2026-02-20,CAN02,,137.17,6625,664,18,1541.63,42,687,33.5
MKT02810,2026-02-20,CAN03,,163.56,15698,434,6,638.99,17,507,57.99
MKT02811,2026-02-20,CAN04,,81.01,8323,335,7,606.83,15,366,37.44
MKT02812,2026-02-20,CAN05,CAM016,38.25,1521,330,12,1775.1,26,325,38.51
MKT02813,2026-02-20,CAN06,,68.22,3723,154,5,767.34,13,191,47.82
MKT02814,2026-02-20,CAN07,,82.85,8230,270,6,705.41,12,270,49.53
MKT02815,2026-02-21,CAN01,,191.44,7912,489,9,1394.4,20,489,60.73
MKT02816,2026-02-21,CAN02,,105.42,5340,340,7,588.0,13,389,40.97
MKT02817,2026-02-21,CAN03,,150.18,17728,422,10,1537.47,17,483,39.36
MKT02818,2026-02-21,CAN04,,84.71,9471,308,10,1394.47,23,358,61.1
MKT02819,2026-02-21,CAN05,CAM016,39.38,2282,397,8,1051.3,14,359,35.49
MKT02820,2026-02-21,CAN06,,67.28,3004,89,2,253.31,5,99,61.18
MKT02821,2026-02-21,CAN07,,80.6,6547,192,6,718.17,10,192,60.79
MKT02822,2026-02-22,CAN01,,165.45,9025,548,16,1718.3,45,709,52.74
MKT02823,2026-02-22,CAN02,,137.59,7306,608,23,2256.75,67,760,46.19
MKT02824,2026-02-22,CAN03,,132.21,13239,497,12,1189.17,33,552,43.7
MKT02825,2026-02-22,CAN04,,84.39,9020,289,4,413.74,9,304,56.97
MKT02826,2026-02-22,CAN05,CAM016,31.05,1433,334,8,678.5,12,257,49.57
MKT02827,2026-02-22,CAN06,,54.97,6413,251,6,909.06,9,251,55.9
MKT02828,2026-02-22,CAN07,,86.08,6084,128,2,259.52,4,128,35.95
MKT02829,2026-02-23,CAN01,,158.56,7801,503,13,1106.22,21,632,38.72
MKT02830,2026-02-23,CAN02,,130.96,6335,468,14,1956.48,28,497,51.23
MKT02831,2026-02-23,CAN03,,136.25,14013,422,10,1082.68,20,537,36.83
MKT02832,2026-02-23,CAN04,,94.17,10331,320,10,1294.14,22,399,55.28
MKT02833,2026-02-23,CAN05,CAM016,33.83,3040,601,22,3268.82,29,463,57.14
MKT02834,2026-02-23,CAN06,,77.79,3211,196,7,877.0,13,221,49.15
MKT02835,2026-02-23,CAN07,,92.39,7592,227,4,626.89,9,271,39.14
MKT02836,2026-02-24,CAN01,,192.25,9181,816,32,4563.76,53,997,55.73
MKT02837,2026-02-24,CAN02,,129.03,6156,450,16,1933.58,43,457,59.81
MKT02838,2026-02-24,CAN03,,167.52,18392,700,23,3302.46,34,795,33.38
MKT02839,2026-02-24,CAN04,,96.81,8055,247,5,583.46,14,247,39.4
MKT02840,2026-02-24,CAN05,CAM016,40.58,3224,514,7,1055.89,11,396,57.89
MKT02841,2026-02-24,CAN06,,81.76,6338,235,8,1006.32,19,258,45.59
MKT02842,2026-02-24,CAN07,,84.06,5178,141,3,298.6,7,166,36.13
MKT02843,2026-02-25,CAN01,,154.55,6554,427,6,872.78,11,522,54.83
MKT02844,2026-02-25,CAN02,,127.47,5934,453,14,1190.19,37,453,58.21
MKT02845,2026-02-25,CAN03,,143.91,16018,467,12,1694.92,32,467,39.0
MKT02846,2026-02-25,CAN04,,82.65,7550,248,6,617.17,12,314,40.85
MKT02847,2026-02-25,CAN05,CAM016,34.81,3255,531,14,2178.32,19,526,31.83
MKT02848,2026-02-25,CAN06,,73.0,4910,290,10,1506.34,26,319,34.61
MKT02849,2026-02-25,CAN07,,95.16,6106,233,5,565.33,9,292,39.38
MKT02850,2026-02-26,CAN01,,159.63,8583,623,13,1703.38,27,623,48.05
MKT02851,2026-02-26,CAN02,,128.65,6078,563,12,1614.35,31,580,36.39
MKT02852,2026-02-26,CAN03,,168.94,18511,410,14,1284.06,35,473,35.77
MKT02853,2026-02-26,CAN04,,83.38,8267,277,9,1411.77,13,337,41.8
MKT02854,2026-02-26,CAN05,CAM016,35.46,2275,306,9,1357.05,15,236,37.46
MKT02855,2026-02-26,CAN06,,78.58,6770,319,12,1024.37,28,319,34.56
MKT02856,2026-02-26,CAN07,,84.12,6322,157,4,341.71,11,200,47.0
MKT02857,2026-02-27,CAN01,,169.44,9188,802,18,2064.25,35,802,42.45
MKT02858,2026-02-27,CAN02,,118.62,5034,321,7,923.78,14,321,61.79
MKT02859,2026-02-27,CAN03,,138.24,12176,468,9,728.01,14,468,43.39
MKT02860,2026-02-27,CAN04,,86.89,7055,234,8,1108.35,14,248,40.42
MKT02861,2026-02-27,CAN05,CAM016,38.47,3017,470,15,1462.3,27,362,31.29
MKT02862,2026-02-27,CAN06,,61.78,6330,292,7,740.82,14,352,50.82
MKT02863,2026-02-27,CAN07,,87.86,6891,258,5,539.56,9,258,50.84
MKT02864,2026-02-28,CAN01,,204.15,10228,671,25,2125.39,56,853,47.46
MKT02865,2026-02-28,CAN02,,135.31,7110,426,11,1049.43,26,506,37.31
MKT02866,2026-02-28,CAN03,,136.13,15242,362,8,739.7,14,428,41.24
MKT02867,2026-02-28,CAN04,,97.5,8967,277,4,540.41,7,306,33.48
MKT02868,2026-02-28,CAN05,CAM016,36.51,1489,306,12,1754.66,15,285,64.38
MKT02869,2026-02-28,CAN06,,83.04,6376,213,4,554.24,7,213,31.44
MKT02870,2026-02-28,CAN07,,86.97,7171,184,6,708.17,14,184,46.96
MKT02871,2026-03-01,CAN01,,187.1,9914,786,14,1952.82,32,880,52.81
MKT02872,2026-03-01,CAN02,,133.37,6760,425,14,1925.07,27,425,63.96
MKT02873,2026-03-01,CAN03,,182.04,20842,640,11,900.21,31,709,48.1
MKT02874,2026-03-01,CAN04,,92.77,9533,308,9,954.85,18,358,56.17
MKT02875,2026-03-01,CAN05,CAM016,36.41,1580,282,7,737.58,11,217,47.99
MKT02876,2026-03-01,CAN06,,48.77,4585,250,5,571.39,11,250,43.53
MKT02877,2026-03-01,CAN07,,86.55,6609,163,4,421.52,7,163,61.88
MKT02878,2026-03-02,CAN01,,182.63,8107,566,8,1259.59,15,604,43.99
MKT02879,2026-03-02,CAN02,,137.94,6045,469,17,2044.89,39,574,59.42
MKT02880,2026-03-02,CAN03,,181.97,14856,435,13,1211.17,36,457,57.75
MKT02881,2026-03-02,CAN04,,92.64,8413,308,7,661.86,14,382,33.57
MKT02882,2026-03-02,CAN05,CAM016,40.98,2052,344,5,567.55,10,332,32.08
MKT02883,2026-03-02,CAN06,,77.37,6193,166,5,403.44,10,166,54.35
MKT02884,2026-03-02,CAN07,,101.46,6942,184,4,554.55,9,206,37.13
MKT02885,2026-03-03,CAN01,,208.62,10551,925,20,2506.34,40,925,43.26
MKT02886,2026-03-03,CAN02,,128.93,5691,448,16,2496.05,45,545,61.1
MKT02887,2026-03-03,CAN03,,174.59,18177,808,22,1778.69,34,812,35.32
MKT02888,2026-03-03,CAN04,,91.67,8385,277,8,1217.54,20,289,62.17
MKT02889,2026-03-03,CAN05,CAM016,41.76,1822,375,7,779.28,8,319,61.79
MKT02890,2026-03-03,CAN06,,72.8,5321,222,6,887.5,12,285,51.4
MKT02891,2026-03-03,CAN07,,92.38,6992,288,9,1193.51,24,326,46.3
MKT02892,2026-03-04,CAN01,,189.28,8438,549,14,1997.92,30,549,32.35
MKT02893,2026-03-04,CAN02,,127.89,7027,468,7,974.89,18,501,60.48
MKT02894,2026-03-04,CAN03,,165.56,16159,627,10,996.78,24,712,39.7
MKT02895,2026-03-04,CAN04,,114.97,12416,314,6,640.34,13,314,38.49
MKT02896,2026-03-04,CAN05,CAM016,42.12,3217,614,22,1806.17,34,473,35.69
MKT02897,2026-03-04,CAN06,,83.35,6314,283,4,323.98,9,283,30.58
MKT02898,2026-03-04,CAN07,,101.35,8356,195,4,534.69,7,229,42.81
MKT02899,2026-03-05,CAN01,,224.48,10757,671,20,1817.29,37,791,48.86
MKT02900,2026-03-05,CAN02,,144.88,6864,600,21,2013.03,54,632,41.24
MKT02901,2026-03-05,CAN03,,172.62,20170,574,22,2751.5,47,736,41.15
MKT02902,2026-03-05,CAN04,,104.61,11268,461,7,833.79,18,494,50.67
MKT02903,2026-03-05,CAN05,CAM016,45.95,2760,488,19,1846.81,25,427,39.73
MKT02904,2026-03-05,CAN06,,51.97,3144,125,3,257.51,4,125,44.24
MKT02905,2026-03-05,CAN07,,85.18,7127,196,3,367.9,5,237,39.32
MKT02906,2026-03-06,CAN01,,202.27,8690,740,13,1963.76,19,767,56.16
MKT02907,2026-03-06,CAN02,,125.09,5382,342,8,986.88,19,342,48.87
MKT02908,2026-03-06,CAN03,,186.17,16260,522,13,1812.69,20,539,62.47
MKT02909,2026-03-06,CAN04,,90.43,9545,370,10,1484.47,28,379,63.83
MKT02910,2026-03-06,CAN05,CAM016,34.47,3480,521,12,1225.35,24,512,38.98
MKT02911,2026-03-06,CAN06,,82.41,6274,310,7,953.08,12,395,36.1
MKT02912,2026-03-06,CAN07,,104.79,9004,214,6,876.88,14,214,43.81
MKT02913,2026-03-07,CAN01,,190.69,9068,766,13,1755.87,23,766,45.98
MKT02914,2026-03-07,CAN02,,123.4,6148,435,7,855.13,15,563,45.38
MKT02915,2026-03-07,CAN03,,184.38,21919,792,13,1068.04,26,1017,45.95
MKT02916,2026-03-07,CAN04,,91.54,9262,259,5,762.06,12,308,45.78
MKT02917,2026-03-07,CAN05,CAM016,45.81,2816,527,8,1317.74,16,406,42.19
MKT02918,2026-03-07,CAN06,,70.55,6193,310,6,875.64,17,381,63.33
MKT02919,2026-03-07,CAN07,,109.39,7276,268,10,1214.52,26,309,38.25
MKT02920,2026-03-08,CAN01,,209.46,11044,772,17,2703.51,40,772,51.13
MKT02921,2026-03-08,CAN02,,127.21,5947,403,9,1258.66,19,491,49.64
MKT02922,2026-03-08,CAN03,,157.4,13314,435,8,1006.15,19,435,41.72
MKT02923,2026-03-08,CAN04,,97.93,9452,224,8,1266.87,13,280,64.5
MKT02924,2026-03-08,CAN05,CAM016,34.56,1754,335,9,1097.25,15,302,44.68
MKT02925,2026-03-08,CAN06,,75.43,5458,236,3,269.88,7,276,50.62
MKT02926,2026-03-08,CAN07,,98.51,9628,311,12,1099.34,34,327,46.81
MKT02927,2026-03-09,CAN01,,210.5,9000,668,11,907.29,22,774,31.41
MKT02928,2026-03-09,CAN02,,127.05,5239,369,11,1457.69,31,369,62.98
MKT02929,2026-03-09,CAN03,,148.04,15621,571,20,2873.77,37,656,45.16
MKT02930,2026-03-09,CAN04,,103.32,11096,403,10,1384.97,26,403,45.9
MKT02931,2026-03-09,CAN05,CAM016,39.02,2791,668,23,3169.88,40,579,30.58
MKT02932,2026-03-09,CAN06,,53.02,4352,168,4,393.23,10,182,51.77
MKT02933,2026-03-09,CAN07,,87.82,7780,228,6,692.71,10,292,36.51
MKT02934,2026-03-10,CAN01,,186.68,9327,657,14,1728.0,21,711,57.7
MKT02935,2026-03-10,CAN02,,140.08,7330,455,14,1617.69,33,516,39.92
MKT02936,2026-03-10,CAN03,,169.66,16511,563,10,1468.93,18,563,35.35
MKT02937,2026-03-10,CAN04,,106.86,11697,269,7,1024.7,11,269,33.29
MKT02938,2026-03-10,CAN05,CAM016,36.83,2825,512,12,1442.28,19,433,32.88
MKT02939,2026-03-10,CAN06,,59.76,7836,405,11,1560.22,32,421,40.2
MKT02940,2026-03-10,CAN07,,110.63,9285,184,4,423.63,9,184,55.72
MKT02941,2026-03-11,CAN01,,184.46,8546,716,12,1453.26,33,856,39.05
MKT02942,2026-03-11,CAN02,,141.89,7147,600,20,1790.48,40,626,51.78
MKT02943,2026-03-11,CAN03,,190.14,17909,705,13,1933.86,36,857,56.22
MKT02944,2026-03-11,CAN04,,85.84,8478,321,9,1262.98,21,321,42.39
MKT02945,2026-03-11,CAN05,CAM016,34.48,2354,507,7,900.37,12,418,31.33
MKT02946,2026-03-11,CAN06,,78.89,3979,202,7,563.67,18,202,62.87
MKT02947,2026-03-11,CAN07,,94.6,6117,123,3,438.85,6,127,62.21
MKT02948,2026-03-12,CAN01,,182.4,8205,548,11,1036.93,32,574,39.85
MKT02949,2026-03-12,CAN02,,147.36,6661,489,14,1393.04,36,592,39.81
MKT02950,2026-03-12,CAN03,,157.89,15103,593,20,2655.88,43,664,45.16
MKT02951,2026-03-12,CAN04,,85.85,7620,282,4,527.27,11,354,62.24
MKT02952,2026-03-12,CAN05,CAM016,43.58,1307,202,2,407.41,3,200,63.75
MKT02953,2026-03-12,CAN06,,74.96,4583,150,3,408.92,5,150,47.65
MKT02954,2026-03-12,CAN07,,98.99,7712,159,4,631.37,10,159,56.83
MKT02955,2026-03-13,CAN01,,192.09,7764,581,20,3091.35,51,681,43.16
MKT02956,2026-03-13,CAN02,,126.96,6300,432,9,1020.09,18,548,57.1
MKT02957,2026-03-13,CAN03,,188.49,15329,584,15,1530.04,30,711,51.12
MKT02958,2026-03-13,CAN04,,111.89,9601,423,7,1041.02,14,496,33.73
MKT02959,2026-03-13,CAN05,CAM016,37.34,1741,228,5,808.14,7,217,60.87
MKT02960,2026-03-13,CAN06,,79.95,3807,169,5,658.18,11,182,30.15
MKT02961,2026-03-13,CAN07,,109.05,10726,295,9,962.18,20,361,32.8
MKT02962,2026-03-14,CAN01,,201.95,8395,645,19,2767.77,34,655,41.7
MKT02963,2026-03-14,CAN02,,140.25,5855,481,13,1129.53,33,578,62.27
MKT02964,2026-03-14,CAN03,,169.33,18045,529,18,2031.43,52,529,32.12
MKT02965,2026-03-14,CAN04,,85.7,7668,198,6,521.2,17,198,43.99
MKT02966,2026-03-14,CAN05,CAM016,39.64,1436,213,5,686.78,8,192,54.46
MKT02967,2026-03-14,CAN06,,76.39,6698,220,7,821.57,11,284,62.54
MKT02968,2026-03-14,CAN07,,88.2,8405,238,8,875.53,14,238,45.17
MKT02969,2026-03-15,CAN01,,215.46,10479,705,20,2718.76,45,768,34.24
MKT02970,2026-03-15,CAN02,,128.09,5536,389,14,1335.26,32,440,52.57
MKT02971,2026-03-15,CAN03,,180.39,15664,405,16,1704.81,43,517,59.06
MKT02972,2026-03-15,CAN04,,91.02,10222,255,7,1114.4,15,255,63.89
MKT02973,2026-03-15,CAN05,CAM016,34.17,3294,501,19,2925.33,24,486,33.0
MKT02974,2026-03-15,CAN06,,46.89,3938,200,3,436.14,7,240,61.79
MKT02975,2026-03-15,CAN07,,98.06,8843,363,14,1451.86,35,363,54.43
MKT02976,2026-03-16,CAN01,,218.33,11345,589,10,945.06,26,595,45.02
MKT02977,2026-03-16,CAN02,,113.39,5222,380,12,1889.17,27,380,37.04
MKT02978,2026-03-16,CAN03,,161.53,13402,574,21,2565.84,35,661,32.96
MKT02979,2026-03-16,CAN04,,86.83,7400,167,4,617.02,6,167,59.19
MKT02980,2026-03-16,CAN05,CAM016,42.15,2767,399,9,1123.56,11,317,59.61
MKT02981,2026-03-16,CAN06,,49.17,7375,313,9,1055.65,25,313,30.75
MKT02982,2026-03-16,CAN07,,98.37,6702,219,6,703.53,16,223,35.26
MKT02983,2026-03-17,CAN01,,226.71,10272,968,31,2797.63,53,1254,48.21
MKT02984,2026-03-17,CAN02,,121.81,6258,439,16,1356.13,33,553,64.71
MKT02985,2026-03-17,CAN03,,147.6,13466,367,9,1232.06,15,381,58.2
MKT02986,2026-03-17,CAN04,,102.2,11455,252,4,607.75,10,264,54.84
MKT02987,2026-03-17,CAN05,CAM016,42.91,1141,176,7,1100.86,14,150,45.74
MKT02988,2026-03-17,CAN06,,59.96,4483,190,7,1114.19,14,209,41.09
MKT02989,2026-03-17,CAN07,,112.62,10619,377,12,1296.78,34,380,49.68
MKT02990,2026-03-18,CAN01,,226.66,11590,1101,18,2147.24,47,1147,44.31
MKT02991,2026-03-18,CAN02,,136.87,6353,545,11,1429.35,19,554,53.45
MKT02992,2026-03-18,CAN03,,178.68,16338,639,9,1059.91,13,731,53.3
MKT02993,2026-03-18,CAN04,,102.15,11554,368,6,708.57,11,421,31.24
MKT02994,2026-03-18,CAN05,CAM016,43.8,2024,292,7,906.49,8,287,58.83
MKT02995,2026-03-18,CAN06,,47.6,6979,429,16,1969.56,39,429,42.22
MKT02996,2026-03-18,CAN07,,97.24,6515,160,5,724.76,10,206,31.9
MKT02997,2026-03-19,CAN01,,183.13,8712,566,13,1111.31,37,597,48.42
MKT02998,2026-03-19,CAN02,,141.93,7342,446,7,642.25,12,446,32.82
MKT02999,2026-03-19,CAN03,,153.02,12380,377,13,1440.56,38,377,51.64
MKT03000,2026-03-19,CAN04,,109.84,9115,224,6,707.91,17,284,54.39
MKT03001,2026-03-19,CAN05,CAM016,45.6,1428,270,9,1485.27,11,216,43.48
MKT03002,2026-03-19,CAN06,,75.34,7351,266,4,531.04,9,266,51.92
MKT03003,2026-03-19,CAN07,,87.15,8157,208,5,651.15,12,258,61.58
MKT03004,2026-03-20,CAN01,,202.85,9763,914,24,2486.07,45,1113,57.06
MKT03005,2026-03-20,CAN02,,150.12,7082,503,9,973.44,21,625,46.75
MKT03006,2026-03-20,CAN03,,172.72,15164,395,7,1074.47,17,434,38.18
MKT03007,2026-03-20,CAN04,,85.53,7466,257,4,387.61,6,314,51.31
MKT03008,2026-03-20,CAN05,CAM016,39.48,3249,521,15,1525.48,23,408,64.65
MKT03009,2026-03-20,CAN06,,77.95,7057,386,8,641.44,18,386,43.79
MKT03010,2026-03-20,CAN07,,98.13,6748,243,8,1208.42,15,272,45.7
MKT03011,2026-03-21,CAN01,,181.51,8035,495,16,1637.54,27,535,57.15
MKT03012,2026-03-21,CAN02,,120.16,5206,514,10,806.21,19,652,30.21
MKT03013,2026-03-21,CAN03,,158.39,13082,425,11,1727.95,19,517,40.42
MKT03014,2026-03-21,CAN04,,95.76,9329,244,5,575.63,9,281,30.21
MKT03015,2026-03-21,CAN05,CAM016,39.05,2619,656,14,2055.31,20,570,38.23
MKT03016,2026-03-21,CAN06,,57.66,7588,274,5,400.75,12,276,33.08
MKT03017,2026-03-21,CAN07,,96.16,6310,122,3,362.6,4,127,59.87
MKT03018,2026-03-22,CAN01,,172.09,8774,814,27,4174.09,56,885,40.39
MKT03019,2026-03-22,CAN02,,115.39,5245,356,11,1558.74,18,385,30.23
MKT03020,2026-03-22,CAN03,,189.36,22205,692,14,1492.34,27,858,44.39
MKT03021,2026-03-22,CAN04,,100.18,9874,280,11,1487.66,30,355,39.8
MKT03022,2026-03-22,CAN05,CAM016,39.6,2510,531,15,1296.22,23,413,40.07
MKT03023,2026-03-22,CAN06,,61.76,5867,185,5,524.81,8,185,35.18
MKT03024,2026-03-22,CAN07,,111.59,7754,256,6,579.63,13,261,50.46
MKT03025,2026-03-23,CAN01,,173.95,7759,464,8,1010.29,23,464,55.98
MKT03026,2026-03-23,CAN02,,140.16,7476,562,8,1164.14,16,690,42.9
MKT03027,2026-03-23,CAN03,,156.46,13552,489,12,1775.79,21,522,48.64
MKT03028,2026-03-23,CAN04,,104.12,8446,270,9,925.43,14,307,54.23
MKT03029,2026-03-23,CAN05,CAM016,37.11,1653,257,4,371.39,7,222,30.8
MKT03030,2026-03-23,CAN06,,53.55,4273,132,3,366.99,4,150,53.18
MKT03031,2026-03-23,CAN07,,105.17,8633,204,4,626.81,9,204,47.98
MKT03032,2026-03-24,CAN01,,224.46,11095,914,14,1420.84,40,949,63.43
MKT03033,2026-03-24,CAN02,,122.28,5859,374,6,512.44,14,440,44.53
MKT03034,2026-03-24,CAN03,,155.21,14672,412,13,2052.79,28,414,63.84
MKT03035,2026-03-24,CAN04,,91.88,8446,258,8,963.31,23,308,42.7
MKT03036,2026-03-24,CAN05,CAM016,41.73,3337,830,21,2837.88,23,639,64.64
MKT03037,2026-03-24,CAN06,,66.74,3295,203,3,416.78,6,203,45.68
MKT03038,2026-03-24,CAN07,,104.98,9038,304,7,1099.79,19,304,38.35
MKT03039,2026-03-25,CAN01,,177.28,8509,670,19,1580.57,42,773,64.48
MKT03040,2026-03-25,CAN02,,115.35,5574,380,10,1558.0,16,416,37.23
MKT03041,2026-03-25,CAN03,,190.45,17483,406,16,1925.93,47,406,41.17
MKT03042,2026-03-25,CAN04,,94.51,8795,297,9,1417.38,26,314,55.84
MKT03043,2026-03-25,CAN05,CAM016,41.74,2620,495,19,2028.05,36,383,64.6
MKT03044,2026-03-25,CAN06,,77.5,5618,232,7,560.08,14,285,32.55
MKT03045,2026-03-25,CAN07,,113.21,8091,207,7,678.22,10,243,56.33
MKT03046,2026-03-26,CAN01,,220.9,11137,922,21,2230.95,37,943,38.82
MKT03047,2026-03-26,CAN02,,119.35,5991,556,21,2677.61,48,642,62.55
MKT03048,2026-03-26,CAN03,,148.34,16377,364,6,560.34,14,381,34.55
MKT03049,2026-03-26,CAN04,,93.25,10968,390,8,893.25,20,499,37.96
MKT03050,2026-03-26,CAN05,CAM016,36.91,1300,219,2,260.69,3,202,58.39
MKT03051,2026-03-26,CAN06,,63.27,6369,282,7,582.51,20,282,40.47
MKT03052,2026-03-26,CAN07,,106.03,9433,262,7,802.51,14,278,43.86
MKT03053,2026-03-27,CAN01,,177.99,9504,747,17,1808.61,49,924,36.97
MKT03054,2026-03-27,CAN02,,152.61,8104,617,18,2246.88,36,790,47.37
MKT03055,2026-03-27,CAN03,,170.11,20125,581,8,957.8,23,746,34.84
MKT03056,2026-03-27,CAN04,,88.37,9527,308,7,1105.39,16,337,60.75
MKT03057,2026-03-27,CAN05,CAM016,43.58,1610,283,8,1148.14,17,265,44.73
MKT03058,2026-03-27,CAN06,,69.4,3311,206,5,613.5,12,221,45.1
MKT03059,2026-03-27,CAN07,,107.93,7325,303,11,1396.13,27,303,54.51
MKT03060,2026-03-28,CAN01,,176.46,8915,540,14,2097.74,33,662,51.29
MKT03061,2026-03-28,CAN02,,113.98,4571,460,9,965.11,24,465,43.7
MKT03062,2026-03-28,CAN03,,191.16,17551,627,11,1125.3,22,765,40.29
MKT03063,2026-03-28,CAN04,,85.03,10175,332,5,495.84,8,389,39.89
MKT03064,2026-03-28,CAN05,CAM016,36.26,2434,334,8,774.7,11,257,30.43
MKT03065,2026-03-28,CAN06,,76.01,4524,139,2,173.75,5,166,32.22
MKT03066,2026-03-28,CAN07,,101.52,6984,273,8,677.93,14,273,39.73
MKT03067,2026-03-29,CAN01,,179.94,9552,650,16,1582.22,40,650,39.73
MKT03068,2026-03-29,CAN02,,151.5,6103,547,20,3100.91,53,640,49.62
MKT03069,2026-03-29,CAN03,,181.75,16790,716,28,2548.67,57,801,55.37
MKT03070,2026-03-29,CAN04,,85.15,9189,408,6,834.69,16,408,46.5
MKT03071,2026-03-29,CAN05,CAM016,34.66,2181,358,5,656.24,7,335,59.71
MKT03072,2026-03-29,CAN06,,70.36,4065,158,4,433.74,9,164,30.58
MKT03073,2026-03-29,CAN07,,110.14,10097,261,5,734.01,7,300,47.17
MKT03074,2026-03-30,CAN01,,182.43,7319,725,13,1065.48,21,733,62.01
MKT03075,2026-03-30,CAN02,,140.18,7077,456,16,1983.93,32,456,34.12
MKT03076,2026-03-30,CAN03,,164.21,14554,521,11,1615.84,23,676,48.24
MKT03077,2026-03-30,CAN04,,107.35,10175,360,13,1677.93,28,360,52.26
MKT03078,2026-03-30,CAN05,CAM016,38.46,1188,250,8,1197.98,17,193,58.13
MKT03079,2026-03-30,CAN06,,69.62,4502,173,4,604.18,7,175,36.34
MKT03080,2026-03-30,CAN07,,91.89,6038,150,4,612.43,6,150,36.38
MKT03081,2026-03-31,CAN01,,202.95,10564,783,16,2339.09,34,1000,37.83
MKT03082,2026-03-31,CAN02,,145.51,7390,525,10,1269.0,28,573,30.63
MKT03083,2026-03-31,CAN03,,162.94,17042,487,15,2255.61,25,523,36.62
MKT03084,2026-03-31,CAN04,,93.86,9107,259,6,917.25,10,282,64.39
MKT03085,2026-03-31,CAN05,CAM016,40.11,2381,319,8,839.73,14,247,51.07
MKT03086,2026-03-31,CAN06,,51.67,5696,268,5,749.77,10,302,40.92
MKT03087,2026-03-31,CAN07,,104.07,10251,340,10,1525.02,15,390,40.3
MKT03088,2026-04-01,CAN01,,191.54,7968,436,6,953.91,13,492,52.13
MKT03089,2026-04-01,CAN02,,134.95,6256,498,8,783.37,17,609,37.84
MKT03090,2026-04-01,CAN03,,141.76,12803,457,8,1278.34,19,505,49.53
MKT03091,2026-04-01,CAN04,,98.84,9150,316,10,1335.43,19,316,47.47
MKT03092,2026-04-01,CAN05,CAM016,43.11,3035,707,12,1240.22,20,544,43.35
MKT03093,2026-04-01,CAN06,,51.11,4319,184,3,328.94,8,227,31.77
MKT03094,2026-04-01,CAN07,,114.34,10830,342,6,580.36,13,428,61.77
MKT03095,2026-04-02,CAN01,,207.34,10361,971,21,3105.58,41,1174,30.93
MKT03096,2026-04-02,CAN02,,128.12,6337,493,14,2042.23,35,524,39.03
MKT03097,2026-04-02,CAN03,,155.44,16726,601,22,2741.19,49,620,51.25
MKT03098,2026-04-02,CAN04,,101.17,9322,318,12,1871.91,34,384,49.17
MKT03099,2026-04-02,CAN05,CAM016,39.84,2549,635,18,1532.01,26,591,46.39
MKT03100,2026-04-02,CAN06,,70.49,6640,406,12,1624.88,34,406,33.04
MKT03101,2026-04-02,CAN07,,89.03,6515,198,7,865.31,18,243,57.42
MKT03102,2026-04-03,CAN01,,200.36,10092,871,26,3914.4,46,1085,47.29
MKT03103,2026-04-03,CAN02,,124.02,6698,601,20,2505.85,45,641,60.33
MKT03104,2026-04-03,CAN03,,149.45,13890,463,14,1159.26,23,535,33.86
MKT03105,2026-04-03,CAN04,,99.49,9711,428,13,1652.88,24,492,55.54
MKT03106,2026-04-03,CAN05,CAM016,41.82,1696,257,4,480.49,6,198,36.91
MKT03107,2026-04-03,CAN06,,65.84,6452,271,8,1054.14,16,306,31.62
MKT03108,2026-04-03,CAN07,,113.62,10069,324,8,1269.28,16,324,32.7
MKT03109,2026-04-04,CAN01,,207.21,9822,613,22,1944.87,64,617,60.73
MKT03110,2026-04-04,CAN02,,116.19,5789,350,8,1263.48,20,350,34.97
MKT03111,2026-04-04,CAN03,,187.28,20656,638,12,1641.99,22,672,40.43
MKT03112,2026-04-04,CAN04,,96.54,9052,250,3,247.15,6,307,62.97
MKT03113,2026-04-04,CAN05,CAM016,44.49,3053,377,8,1060.14,15,376,60.92
MKT03114,2026-04-04,CAN06,,59.25,6038,192,3,391.87,4,247,48.88
MKT03115,2026-04-04,CAN07,,109.52,7247,132,3,398.64,5,137,49.19
MKT03116,2026-04-05,CAN01,,199.77,9565,843,28,3229.48,63,1064,49.77
MKT03117,2026-04-05,CAN02,,146.22,6171,548,10,1166.73,29,684,51.88
MKT03118,2026-04-05,CAN03,,171.8,14839,508,10,804.46,25,508,51.13
MKT03119,2026-04-05,CAN04,,91.11,10752,380,10,985.52,23,401,47.37
MKT03120,2026-04-05,CAN05,CAM016,40.66,2504,390,12,1257.79,15,365,64.29
MKT03121,2026-04-05,CAN06,,56.95,7881,302,8,733.61,13,337,30.68
MKT03122,2026-04-05,CAN07,,100.43,7712,227,8,961.42,14,261,60.9
MKT03123,2026-04-06,CAN01,,201.72,10342,791,30,3361.25,55,805,52.3
MKT03124,2026-04-06,CAN02,,139.51,7159,402,10,1139.49,24,402,38.74
MKT03125,2026-04-06,CAN03,,184.61,21470,689,17,1770.49,50,791,36.32
MKT03126,2026-04-06,CAN04,,102.04,12051,296,9,1052.23,14,379,41.16
MKT03127,2026-04-06,CAN05,CAM016,35.55,3246,553,9,1531.08,16,527,32.14
MKT03128,2026-04-06,CAN06,,61.39,7478,370,6,803.39,14,374,39.14
MKT03129,2026-04-06,CAN07,,88.41,7265,212,5,723.75,11,215,30.63
MKT03130,2026-04-07,CAN01,,191.82,8194,501,11,1223.52,17,549,36.24
MKT03131,2026-04-07,CAN02,,133.46,6355,390,9,1385.79,21,463,44.38
MKT03132,2026-04-07,CAN03,,141.67,13123,402,9,1192.28,19,512,44.04
MKT03133,2026-04-07,CAN04,,109.17,12521,448,13,1158.35,38,513,30.26
MKT03134,2026-04-07,CAN05,CAM016,37.61,1505,289,5,843.11,11,237,52.55
MKT03135,2026-04-07,CAN06,,84.15,5503,232,4,353.95,8,269,49.32
MKT03136,2026-04-07,CAN07,,98.12,6874,164,3,341.16,8,193,32.9
MKT03137,2026-04-08,CAN01,,176.87,8132,811,28,3777.97,48,811,62.55
MKT03138,2026-04-08,CAN02,,125.84,6158,462,8,1084.21,14,545,63.66
MKT03139,2026-04-08,CAN03,,166.8,18261,493,17,2309.76,47,522,42.07
MKT03140,2026-04-08,CAN04,,107.97,10708,407,15,2114.25,33,513,52.62
MKT03141,2026-04-08,CAN05,CAM016,44.54,3495,855,15,1693.22,20,658,44.03
MKT03142,2026-04-08,CAN06,,69.75,6410,248,5,701.24,8,314,52.8
MKT03143,2026-04-08,CAN07,,105.64,10040,209,3,280.73,7,249,52.63
MKT03144,2026-04-09,CAN01,,213.3,9320,635,12,1783.65,35,652,45.46
MKT03145,2026-04-09,CAN02,,140.54,7267,634,13,2076.77,28,791,62.45
MKT03146,2026-04-09,CAN03,,177.1,20604,569,21,3008.34,54,569,32.81
MKT03147,2026-04-09,CAN04,,107.09,11990,499,12,1746.05,30,499,60.65
MKT03148,2026-04-09,CAN05,CAM016,38.8,1766,430,16,1388.86,35,334,47.92
MKT03149,2026-04-09,CAN06,,54.0,7268,286,9,1415.52,26,293,51.59
MKT03150,2026-04-09,CAN07,,113.42,7010,158,3,421.3,8,190,38.55
MKT03151,2026-04-10,CAN01,,210.88,10473,868,19,2149.37,55,918,38.38
MKT03152,2026-04-10,CAN02,,115.14,6261,442,9,1057.3,14,466,44.69
MKT03153,2026-04-10,CAN03,,166.73,15430,444,15,1571.92,31,570,30.8
MKT03154,2026-04-10,CAN04,,110.54,9662,306,5,507.45,14,306,47.65
MKT03155,2026-04-10,CAN05,CAM016,34.89,2205,336,9,1100.11,14,327,50.0
MKT03156,2026-04-10,CAN06,,54.65,6226,182,3,410.22,7,205,51.91
MKT03157,2026-04-10,CAN07,,96.86,6437,210,7,675.41,14,210,39.81
MKT03158,2026-04-11,CAN01,,193.59,8145,531,13,1796.9,29,562,30.93
MKT03159,2026-04-11,CAN02,,135.25,6872,549,9,1228.78,26,549,48.21
MKT03160,2026-04-11,CAN03,,166.64,14484,559,22,3318.01,60,559,63.69
MKT03161,2026-04-11,CAN04,,114.82,10601,434,15,1779.91,26,464,42.56
MKT03162,2026-04-11,CAN05,CAM016,34.95,3193,544,9,1286.84,12,441,31.19
MKT03163,2026-04-11,CAN06,,51.16,5139,324,6,604.55,9,405,58.59
MKT03164,2026-04-11,CAN07,,104.38,8211,297,7,1113.06,18,317,64.9
MKT03165,2026-04-12,CAN01,,185.84,8658,703,26,3394.57,46,703,41.5
MKT03166,2026-04-12,CAN02,,115.71,5734,370,8,748.33,20,370,32.6
MKT03167,2026-04-12,CAN03,,191.25,22695,785,29,4119.22,79,997,30.89
MKT03168,2026-04-12,CAN04,,92.01,9046,352,8,765.78,20,437,47.56
MKT03169,2026-04-12,CAN05,CAM016,45.75,1346,249,7,945.84,13,216,61.86
MKT03170,2026-04-12,CAN06,,71.92,4053,172,4,368.88,11,222,58.02
MKT03171,2026-04-12,CAN07,,98.03,8623,239,8,1187.56,17,241,33.42
MKT03172,2026-04-13,CAN01,,179.43,7676,595,10,1558.0,29,740,41.95
MKT03173,2026-04-13,CAN02,,146.34,6117,506,15,2306.0,37,513,40.53
MKT03174,2026-04-13,CAN03,,171.24,16975,626,15,1928.85,33,626,62.46
MKT03175,2026-04-13,CAN04,,89.35,8605,331,5,619.47,10,427,63.44
MKT03176,2026-04-13,CAN05,CAM016,41.05,2808,457,19,2782.5,27,365,48.55
MKT03177,2026-04-13,CAN06,,73.9,7347,341,5,591.09,12,378,38.14
MKT03178,2026-04-13,CAN07,,107.36,6970,146,3,300.57,5,188,33.85
MKT03179,2026-04-14,CAN01,,204.52,9518,668,15,2004.97,33,780,64.7
MKT03180,2026-04-14,CAN02,,136.74,6706,437,9,796.86,26,559,57.64
MKT03181,2026-04-14,CAN03,,141.93,13637,403,14,1658.3,23,512,53.18
MKT03182,2026-04-14,CAN04,,101.82,10224,436,17,1692.88,47,476,49.04
MKT03183,2026-04-14,CAN05,CAM016,40.45,1282,169,5,821.28,11,151,51.97
MKT03184,2026-04-14,CAN06,,49.65,7632,221,8,886.13,15,243,51.87
MKT03185,2026-04-14,CAN07,,90.07,6770,212,7,937.61,17,212,62.73
MKT03186,2026-04-15,CAN01,,221.64,11004,1101,30,4604.63,58,1130,47.63
MKT03187,2026-04-15,CAN02,,130.54,6714,381,11,1063.27,27,388,38.11
MKT03188,2026-04-15,CAN03,,182.02,18295,412,12,1686.59,21,420,50.46
MKT03189,2026-04-15,CAN04,,88.19,8330,276,11,1508.2,16,278,40.63
MKT03190,2026-04-15,CAN05,CAM016,38.01,1610,314,12,1069.24,19,262,59.06
MKT03191,2026-04-15,CAN06,,55.2,4939,189,7,661.87,11,189,46.32
MKT03192,2026-04-15,CAN07,,96.86,5883,152,3,348.99,7,152,46.15
MKT03193,2026-04-16,CAN01,,172.46,9098,629,23,2631.34,54,629,61.43
MKT03194,2026-04-16,CAN02,,124.48,6026,493,19,2970.73,48,498,45.32
MKT03195,2026-04-16,CAN03,,151.83,13868,583,20,1788.55,37,609,58.81
MKT03196,2026-04-16,CAN04,,90.82,10165,418,13,1122.24,35,503,33.81
MKT03197,2026-04-16,CAN05,CAM016,38.7,2317,501,14,1632.64,17,386,48.04
MKT03198,2026-04-16,CAN06,,77.25,5507,349,6,544.28,15,414,39.89
MKT03199,2026-04-16,CAN07,,93.34,7552,187,7,890.69,13,241,40.31
MKT03200,2026-04-17,CAN01,,213.99,11281,840,25,3191.12,61,883,38.53
MKT03201,2026-04-17,CAN02,,150.29,6400,496,7,709.33,15,536,45.54
MKT03202,2026-04-17,CAN03,,147.54,12181,542,9,804.19,26,571,48.83
MKT03203,2026-04-17,CAN04,,101.74,11479,372,6,535.26,12,390,44.82
MKT03204,2026-04-17,CAN05,CAM016,37.98,1491,227,7,1001.81,8,175,62.74
MKT03205,2026-04-17,CAN06,,74.14,4416,223,6,482.22,9,223,63.76
MKT03206,2026-04-17,CAN07,,101.08,7544,241,4,564.12,6,268,58.39
MKT03207,2026-04-18,CAN01,,219.32,10329,780,28,3847.58,52,990,59.19
MKT03208,2026-04-18,CAN02,,119.13,6286,396,15,1272.25,23,396,34.03
MKT03209,2026-04-18,CAN03,,178.16,15661,593,13,1475.92,22,605,31.38
MKT03210,2026-04-18,CAN04,,88.16,9382,365,12,1807.54,21,454,47.17
MKT03211,2026-04-18,CAN05,CAM016,45.15,2751,514,15,2351.71,31,396,53.11
MKT03212,2026-04-18,CAN06,,74.83,6672,333,8,699.76,22,422,57.45
MKT03213,2026-04-18,CAN07,,100.73,6642,254,9,792.41,26,302,30.14
MKT03214,2026-04-19,CAN01,,208.74,10044,596,22,1918.53,39,743,44.88
MKT03215,2026-04-19,CAN02,,142.04,6637,550,13,1393.66,24,641,43.41
MKT03216,2026-04-19,CAN03,,160.86,18137,526,8,1089.2,13,552,39.92
MKT03217,2026-04-19,CAN04,,99.34,10152,216,3,437.2,6,254,54.39
MKT03218,2026-04-19,CAN05,CAM016,42.54,1495,213,8,1147.1,13,190,35.88
MKT03219,2026-04-19,CAN06,,68.53,4551,155,5,527.69,14,155,45.53
MKT03220,2026-04-19,CAN07,,88.37,5569,129,4,458.9,9,144,38.33
MKT03221,2026-04-20,CAN01,,191.43,7880,485,11,1002.54,22,565,50.74
MKT03222,2026-04-20,CAN02,,115.1,5473,465,12,1495.22,33,513,32.2
MKT03223,2026-04-20,CAN03,,156.65,14805,581,16,1509.2,29,611,43.27
MKT03224,2026-04-20,CAN04,,104.28,8430,320,6,929.98,16,361,37.64
MKT03225,2026-04-20,CAN05,CAM016,40.77,2674,435,8,825.17,11,379,31.45
MKT03226,2026-04-20,CAN06,,65.2,3686,219,7,970.87,17,219,47.56
MKT03227,2026-04-20,CAN07,,103.3,9880,250,8,1005.41,16,311,33.16
MKT03228,2026-04-21,CAN01,,189.0,9954,549,11,1219.92,23,549,57.38
MKT03229,2026-04-21,CAN02,,146.03,7420,547,13,1461.5,23,596,51.05
MKT03230,2026-04-21,CAN03,,155.72,17670,651,22,2377.9,57,752,58.76
MKT03231,2026-04-21,CAN04,,99.97,11422,269,10,828.91,28,310,53.01
MKT03232,2026-04-21,CAN05,CAM016,42.06,2156,422,14,1621.91,18,352,40.08
MKT03233,2026-04-21,CAN06,,73.34,5509,204,4,600.13,10,204,44.03
MKT03234,2026-04-21,CAN07,,112.56,8725,257,6,767.86,9,257,50.9
MKT03235,2026-04-22,CAN01,,219.92,11435,920,28,4411.94,57,991,43.93
MKT03236,2026-04-22,CAN02,,150.06,7804,460,12,1862.44,27,460,43.42
MKT03237,2026-04-22,CAN03,,151.36,14720,501,15,1922.7,30,620,41.92
MKT03238,2026-04-22,CAN04,,97.23,11611,360,10,1041.54,21,380,40.44
MKT03239,2026-04-22,CAN05,CAM016,45.59,2731,331,12,1048.7,17,255,63.31
MKT03240,2026-04-22,CAN06,,74.33,7117,322,10,1096.66,23,327,45.68
MKT03241,2026-04-22,CAN07,,96.75,8460,287,7,881.77,17,287,48.05
MKT03242,2026-04-23,CAN01,,197.77,9239,697,27,3240.19,59,877,49.9
MKT03243,2026-04-23,CAN02,,131.33,6917,481,16,2139.99,35,506,43.08
MKT03244,2026-04-23,CAN03,,176.49,19562,627,19,1707.57,41,634,37.86
MKT03245,2026-04-23,CAN04,,90.84,9590,391,12,989.96,34,432,33.85
MKT03246,2026-04-23,CAN05,CAM016,40.66,2802,401,15,1955.65,23,320,37.21
MKT03247,2026-04-23,CAN06,,73.5,6467,296,10,928.0,27,340,64.85
MKT03248,2026-04-23,CAN07,,93.59,7545,311,8,921.66,13,376,64.78
MKT03249,2026-04-24,CAN01,,226.78,9608,685,14,1654.64,34,685,36.55
MKT03250,2026-04-24,CAN02,,135.56,6250,482,18,2663.66,52,546,33.69
MKT03251,2026-04-24,CAN03,,180.54,16581,507,11,970.43,18,603,41.47
MKT03252,2026-04-24,CAN04,,111.98,9221,268,10,1380.89,24,269,43.61
MKT03253,2026-04-24,CAN05,CAM016,37.02,1356,330,11,1202.96,12,290,40.04
MKT03254,2026-04-24,CAN06,,60.41,6495,285,10,1380.95,22,285,33.46
MKT03255,2026-04-24,CAN07,,85.77,5393,120,4,507.57,8,145,45.22
MKT03256,2026-04-25,CAN01,,191.16,9752,728,16,2166.63,26,728,59.13
MKT03257,2026-04-25,CAN02,,148.35,7962,613,10,1316.08,23,643,45.38
MKT03258,2026-04-25,CAN03,,175.66,18636,590,13,1269.87,24,635,38.01
MKT03259,2026-04-25,CAN04,,98.72,8374,183,6,782.07,10,213,35.37
MKT03260,2026-04-25,CAN05,CAM016,38.74,1456,322,11,1151.86,18,248,34.15
MKT03261,2026-04-25,CAN06,,56.89,3074,163,5,552.82,9,207,40.41
MKT03262,2026-04-25,CAN07,,93.45,8261,240,4,628.08,11,300,32.49
MKT03263,2026-04-26,CAN01,,202.53,8870,590,17,1570.25,39,714,60.14
MKT03264,2026-04-26,CAN02,,141.52,7453,433,11,935.35,18,514,56.42
MKT03265,2026-04-26,CAN03,,145.37,13134,409,13,1755.09,27,409,60.1
MKT03266,2026-04-26,CAN04,,87.4,7940,298,8,1054.52,18,379,44.16
MKT03267,2026-04-26,CAN05,CAM016,35.17,2329,360,8,1126.62,16,282,37.99
MKT03268,2026-04-26,CAN06,,67.08,3401,159,3,350.97,8,172,30.3
MKT03269,2026-04-26,CAN07,,108.92,9534,274,5,695.93,10,285,40.04
MKT03270,2026-04-27,CAN01,,229.81,10585,716,19,2511.11,43,716,52.31
MKT03271,2026-04-27,CAN02,,124.99,5686,490,8,1265.32,14,490,40.39
MKT03272,2026-04-27,CAN03,CAM011,233.43,20017,640,22,2092.29,38,570,46.93
MKT03273,2026-04-27,CAN04,,104.74,10987,356,10,1094.86,21,459,47.05
MKT03274,2026-04-27,CAN05,CAM016,34.8,1899,470,8,1110.33,14,368,58.74
MKT03275,2026-04-27,CAN06,,59.36,3398,97,2,192.89,4,106,30.82
MKT03276,2026-04-27,CAN07,,89.15,6594,262,9,1260.39,25,262,60.01
MKT03277,2026-04-28,CAN01,,190.18,9214,723,23,3256.24,46,766,59.94
MKT03278,2026-04-28,CAN02,,147.92,8065,513,18,2703.49,40,513,46.15
MKT03279,2026-04-28,CAN03,CAM011,223.89,22701,631,14,1314.82,26,486,45.01
MKT03280,2026-04-28,CAN04,,91.84,9668,412,11,1611.73,25,477,33.46
MKT03281,2026-04-28,CAN05,CAM016,45.41,2640,451,15,2424.24,20,355,37.29
MKT03282,2026-04-28,CAN06,,61.76,4770,259,4,384.65,11,316,37.26
MKT03283,2026-04-28,CAN07,,114.13,9987,295,10,962.03,25,358,36.1
MKT03284,2026-04-29,CAN01,,213.36,10836,821,26,4159.25,73,898,31.65
MKT03285,2026-04-29,CAN02,,127.91,6104,535,16,1580.08,38,652,32.08
MKT03286,2026-04-29,CAN03,CAM011,241.23,18687,492,11,1548.57,23,420,54.83
MKT03287,2026-04-29,CAN04,,100.58,10403,361,13,1756.27,36,361,38.58
MKT03288,2026-04-29,CAN05,CAM016,43.26,1366,305,4,399.27,5,288,34.29
MKT03289,2026-04-29,CAN06,,67.04,5356,209,7,955.09,20,220,41.01
MKT03290,2026-04-29,CAN07,,96.72,7215,221,7,1022.93,20,221,44.8
MKT03291,2026-04-30,CAN01,,200.43,10593,883,20,2289.18,54,977,43.95
MKT03292,2026-04-30,CAN02,,132.82,5456,388,11,1126.54,22,437,35.76
MKT03293,2026-04-30,CAN03,CAM011,231.19,21214,872,35,2868.01,56,832,38.53
MKT03294,2026-04-30,CAN04,,113.57,10108,288,9,912.79,21,310,57.78
MKT03295,2026-04-30,CAN05,CAM016,41.14,3061,530,21,2522.58,31,408,33.15
MKT03296,2026-04-30,CAN06,,46.89,4269,248,4,454.95,7,248,32.25
MKT03297,2026-04-30,CAN07,,88.59,8289,328,9,1051.97,16,382,43.66
MKT03298,2026-05-01,CAN01,,264.91,14304,1311,42,5190.08,121,1467,59.15
MKT03299,2026-05-01,CAN02,,148.21,7471,500,15,2124.04,26,500,51.01
MKT03300,2026-05-01,CAN03,CAM011,313.86,24368,692,11,1154.83,18,626,41.84
MKT03301,2026-05-01,CAN04,,148.24,17766,553,11,1660.15,20,553,54.46
MKT03302,2026-05-01,CAN05,CAM016,48.09,1689,356,11,1164.1,16,343,63.46
MKT03303,2026-05-01,CAN06,,82.87,8976,348,13,2050.69,20,438,34.0
MKT03304,2026-05-01,CAN07,,148.67,13024,352,13,1060.08,21,427,44.59
MKT03305,2026-05-02,CAN01,,239.62,10101,827,20,2010.29,48,1064,54.82
MKT03306,2026-05-02,CAN02,,167.79,6795,422,11,930.13,20,468,64.06
MKT03307,2026-05-02,CAN03,CAM011,369.64,28825,812,21,2386.68,29,772,42.71
MKT03308,2026-05-02,CAN04,,136.65,11749,352,12,977.09,29,352,42.45
MKT03309,2026-05-02,CAN05,CAM016,53.94,1778,287,4,517.06,7,221,34.65
MKT03310,2026-05-02,CAN06,,53.2,5578,244,6,510.83,15,244,31.11
MKT03311,2026-05-02,CAN07,,134.69,11728,253,7,1027.99,13,290,33.11
MKT03312,2026-05-03,CAN01,,291.42,14345,1135,18,2259.41,50,1424,46.46
MKT03313,2026-05-03,CAN02,,152.92,7712,636,17,2392.5,32,809,57.1
MKT03314,2026-05-03,CAN03,CAM011,345.08,34682,1294,43,4558.4,56,1097,36.64
MKT03315,2026-05-03,CAN04,,130.3,12104,412,7,749.0,19,462,46.6
MKT03316,2026-05-03,CAN05,CAM016,52.09,1414,308,11,1373.47,23,237,31.65
MKT03317,2026-05-03,CAN06,,71.48,7922,439,10,1232.49,28,439,46.1
MKT03318,2026-05-03,CAN07,,116.18,8092,244,4,618.56,10,252,48.29
MKT03319,2026-05-04,CAN01,,254.91,10601,725,10,1425.65,24,788,55.69
MKT03320,2026-05-04,CAN02,,156.06,6801,435,8,1259.18,20,466,37.82
MKT03321,2026-05-04,CAN03,CAM011,321.19,31099,878,37,5335.32,52,676,33.19
MKT03322,2026-05-04,CAN04,,119.86,10327,315,6,813.38,17,315,58.86
MKT03323,2026-05-04,CAN05,CAM016,53.04,2942,707,25,2079.77,51,696,62.31
MKT03324,2026-05-04,CAN06,,70.49,5606,260,6,883.82,13,282,60.31
MKT03325,2026-05-04,CAN07,,119.35,8106,283,7,792.75,19,360,64.0
MKT03326,2026-05-05,CAN01,,234.6,10065,575,10,967.36,15,729,43.05
MKT03327,2026-05-05,CAN02,,185.1,8412,565,21,3095.65,32,708,49.76
MKT03328,2026-05-05,CAN03,CAM011,369.12,36040,874,15,2413.64,30,673,30.88
MKT03329,2026-05-05,CAN04,,143.96,16070,460,13,1834.22,36,588,44.64
MKT03330,2026-05-05,CAN05,CAM016,49.45,1205,282,4,463.64,8,269,37.2
MKT03331,2026-05-05,CAN06,,50.68,8214,315,6,649.54,15,406,35.15
MKT03332,2026-05-05,CAN07,,129.7,11664,299,7,562.49,15,329,60.32
MKT03333,2026-05-06,CAN01,,295.92,12794,1025,35,5079.0,66,1088,35.93
MKT03334,2026-05-06,CAN02,,186.93,9821,535,12,1405.65,24,551,57.99
MKT03335,2026-05-06,CAN03,CAM011,306.52,33919,1287,53,8511.01,83,1146,36.66
MKT03336,2026-05-06,CAN04,,113.1,9963,244,5,418.69,14,276,47.27
MKT03337,2026-05-06,CAN05,CAM016,49.61,2690,438,12,1380.33,15,337,41.64
MKT03338,2026-05-06,CAN06,,63.43,6888,188,2,284.96,4,241,46.64
MKT03339,2026-05-06,CAN07,,120.87,9240,277,8,1240.54,12,281,52.69
MKT03340,2026-05-07,CAN01,,252.14,11359,1121,25,2090.78,44,1245,38.47
MKT03341,2026-05-07,CAN02,,172.29,7318,534,16,1487.07,43,601,53.48
MKT03342,2026-05-07,CAN03,CAM011,318.66,31053,787,29,4171.64,38,606,48.41
MKT03343,2026-05-07,CAN04,,135.06,13984,543,17,2244.19,50,594,31.45
MKT03344,2026-05-07,CAN05,CAM016,46.65,2756,471,14,1423.84,15,454,58.5
MKT03345,2026-05-07,CAN06,,85.91,6238,330,7,805.68,15,419,58.9
MKT03346,2026-05-07,CAN07,,120.16,8752,198,5,608.62,10,251,36.7
MKT03347,2026-05-08,CAN01,,257.2,12345,1154,33,5023.32,71,1317,63.55
MKT03348,2026-05-08,CAN02,,171.06,7112,376,11,1084.09,29,376,64.78
MKT03349,2026-05-08,CAN03,CAM011,316.39,33481,1046,29,3297.35,47,805,37.51
MKT03350,2026-05-08,CAN04,,117.03,12044,333,7,970.62,16,373,49.69
MKT03351,2026-05-08,CAN05,CAM016,45.31,1962,422,15,1776.95,28,346,56.0
MKT03352,2026-05-08,CAN06,,63.32,5030,169,4,551.61,11,192,35.01
MKT03353,2026-05-08,CAN07,,143.99,10694,379,9,1069.54,25,452,48.27
MKT03354,2026-05-09,CAN01,,238.87,12022,998,18,1676.99,50,998,55.9
MKT03355,2026-05-09,CAN02,,168.33,7825,534,11,1038.78,22,633,53.04
MKT03356,2026-05-09,CAN03,CAM011,314.49,23823,552,14,1566.17,15,425,61.98
MKT03357,2026-05-09,CAN04,,136.24,15664,485,10,1586.19,22,485,45.26
MKT03358,2026-05-09,CAN05,CAM016,54.41,3221,760,19,2833.1,36,617,43.72
MKT03359,2026-05-09,CAN06,,68.17,8943,323,8,1258.91,16,323,32.45
MKT03360,2026-05-09,CAN07,,120.98,10485,254,9,1285.5,21,317,50.07
MKT03361,2026-05-10,CAN01,,222.75,9050,859,18,2694.18,30,1092,44.8
MKT03362,2026-05-10,CAN02,,176.68,7977,542,14,1830.74,22,572,47.95
MKT03363,2026-05-10,CAN03,CAM011,343.51,34365,1041,40,5920.61,81,801,62.38
MKT03364,2026-05-10,CAN04,,129.46,11091,349,9,1003.53,19,443,35.45
MKT03365,2026-05-10,CAN05,CAM016,44.69,1254,219,7,1021.33,14,173,48.18
MKT03366,2026-05-10,CAN06,,78.72,5409,209,7,1057.47,16,230,56.21
MKT03367,2026-05-10,CAN07,,135.41,10520,274,7,813.39,17,343,39.27
MKT03368,2026-05-11,CAN01,,261.35,13655,1104,40,3502.73,106,1132,62.13
MKT03369,2026-05-11,CAN02,,163.36,7329,575,17,1569.27,43,725,63.1
MKT03370,2026-05-11,CAN03,,236.35,28139,916,26,3112.05,51,1150,43.07
MKT03371,2026-05-11,CAN04,,116.06,9416,224,6,644.41,10,224,44.06
MKT03372,2026-05-11,CAN05,CAM016,49.36,1997,386,11,1717.18,23,297,41.44
MKT03373,2026-05-11,CAN06,,80.99,8727,366,12,1317.27,26,366,31.49
MKT03374,2026-05-11,CAN07,,129.09,12068,496,15,2298.96,44,608,35.4
MKT03375,2026-05-12,CAN01,,280.14,14770,1177,29,3381.55,59,1239,50.97
MKT03376,2026-05-12,CAN02,,152.57,6505,556,12,1456.82,30,713,38.73
MKT03377,2026-05-12,CAN03,,204.6,18923,632,21,2852.0,38,811,49.35
MKT03378,2026-05-12,CAN04,,125.95,11044,274,4,385.03,9,335,59.78
MKT03379,2026-05-12,CAN05,CAM016,47.25,3025,583,12,1565.73,26,501,42.26
MKT03380,2026-05-12,CAN06,,79.24,7824,510,19,2510.08,47,609,35.93
MKT03381,2026-05-12,CAN07,,115.75,11437,429,8,1256.1,16,429,62.48
MKT03382,2026-05-13,CAN01,,283.7,12503,694,13,1364.15,34,861,64.61
MKT03383,2026-05-13,CAN02,,178.95,9464,853,32,4836.07,87,853,30.92
MKT03384,2026-05-13,CAN03,,241.31,27922,987,30,2866.04,77,1128,62.45
MKT03385,2026-05-13,CAN04,,125.25,12819,414,14,1895.63,41,513,64.72
MKT03386,2026-05-13,CAN05,CAM016,49.26,2779,373,11,1463.38,23,287,43.35
MKT03387,2026-05-13,CAN06,,75.67,9729,601,12,960.55,29,601,63.99
MKT03388,2026-05-13,CAN07,,136.81,8355,315,12,1393.71,35,328,42.61
MKT03389,2026-05-14,CAN01,,276.75,15173,1105,25,2305.72,74,1334,36.21
MKT03390,2026-05-14,CAN02,,152.0,7177,738,16,1855.36,34,882,57.94
MKT03391,2026-05-14,CAN03,,226.36,23617,548,19,1947.68,36,548,57.45
MKT03392,2026-05-14,CAN04,,112.66,9241,332,6,859.29,11,378,56.2
MKT03393,2026-05-14,CAN05,CAM016,45.26,2370,574,22,2017.76,39,460,38.19
MKT03394,2026-05-14,CAN06,,55.5,7023,283,9,1397.54,18,340,34.58
MKT03395,2026-05-14,CAN07,,142.37,11522,268,7,925.95,16,318,55.33
MKT03396,2026-05-15,CAN01,,263.89,14033,867,34,4492.57,65,886,52.01
MKT03397,2026-05-15,CAN02,,177.5,8087,486,8,766.54,20,527,49.22
MKT03398,2026-05-15,CAN03,,213.69,24930,923,23,2069.1,34,1129,39.93
MKT03399,2026-05-15,CAN04,,121.78,14005,424,14,1714.85,40,453,46.0
MKT03400,2026-05-15,CAN05,CAM016,50.39,1285,267,9,1459.37,16,217,50.31
MKT03401,2026-05-15,CAN06,,71.56,9337,343,11,1687.15,18,354,57.37
MKT03402,2026-05-15,CAN07,,114.73,10389,339,6,905.47,15,411,41.46
MKT03403,2026-05-16,CAN01,,280.81,12872,930,29,3837.65,63,1198,64.57
MKT03404,2026-05-16,CAN02,,174.33,8884,632,17,1745.28,45,730,56.35
MKT03405,2026-05-16,CAN03,,215.73,23388,808,23,2122.67,51,808,38.26
MKT03406,2026-05-16,CAN04,,135.83,15855,558,20,2649.23,31,583,43.06
MKT03407,2026-05-16,CAN05,CAM016,58.36,1572,293,5,771.33,6,226,59.17
MKT03408,2026-05-16,CAN06,,80.23,7054,399,8,1108.34,17,495,63.46
MKT03409,2026-05-16,CAN07,,141.86,11197,279,7,571.54,11,337,31.1
MKT03410,2026-05-17,CAN01,,251.89,10943,969,34,4013.26,85,1226,54.05
MKT03411,2026-05-17,CAN02,,188.26,10256,701,22,1981.34,60,701,44.76
MKT03412,2026-05-17,CAN03,,240.22,28164,1146,22,3224.72,53,1267,50.63
MKT03413,2026-05-17,CAN04,,123.75,13673,384,10,1435.67,19,426,52.67
MKT03414,2026-05-17,CAN05,CAM016,51.16,3187,650,25,2522.76,33,626,36.8
MKT03415,2026-05-17,CAN06,,57.36,8911,628,21,1713.49,34,714,50.18
MKT03416,2026-05-17,CAN07,,118.51,9359,330,10,1302.41,26,358,63.17
MKT03417,2026-05-18,CAN01,,235.24,12466,848,28,2687.93,51,957,43.09
MKT03418,2026-05-18,CAN02,,159.1,6614,503,16,1611.26,44,653,63.44
MKT03419,2026-05-18,CAN03,,231.05,21674,675,13,1744.14,28,810,52.13
MKT03420,2026-05-18,CAN04,,148.79,12209,382,11,928.07,23,382,53.08
MKT03421,2026-05-18,CAN05,CAM016,56.64,1899,362,14,1938.97,27,294,36.48
MKT03422,2026-05-18,CAN06,,47.16,8309,363,10,1179.15,20,448,31.54
MKT03423,2026-05-18,CAN07,,135.5,11427,441,14,2084.54,24,441,48.26
MKT03424,2026-05-19,CAN01,,225.03,9241,579,18,1555.29,29,737,34.88
MKT03425,2026-05-19,CAN02,,179.47,7584,628,20,3137.32,46,765,53.72
MKT03426,2026-05-19,CAN03,,245.32,23094,869,22,3146.85,41,869,41.44
MKT03427,2026-05-19,CAN04,,138.03,15139,314,10,1157.61,28,354,62.53
MKT03428,2026-05-19,CAN05,CAM016,55.03,2507,439,8,1177.57,17,377,30.07
MKT03429,2026-05-19,CAN06,,47.18,8092,504,11,1561.5,21,504,55.56
MKT03430,2026-05-19,CAN07,,145.18,14476,388,7,721.79,12,392,38.33
MKT03431,2026-05-20,CAN01,,269.44,13054,1269,30,3806.27,89,1330,36.16
MKT03432,2026-05-20,CAN02,,190.63,9902,677,12,1804.71,31,691,36.23
MKT03433,2026-05-20,CAN03,,236.67,23272,766,15,2282.43,40,945,40.96
MKT03434,2026-05-20,CAN04,,132.74,11789,375,9,1144.32,18,394,56.59
MKT03435,2026-05-20,CAN05,CAM016,57.75,2087,364,12,1724.41,18,280,63.21
MKT03436,2026-05-20,CAN06,,77.18,9465,380,6,942.81,10,450,37.02
MKT03437,2026-05-20,CAN07,,121.87,7732,231,8,699.15,13,231,61.1
MKT03438,2026-05-21,CAN01,,249.4,10140,677,19,1767.97,37,819,55.76
MKT03439,2026-05-21,CAN02,,168.86,9269,572,21,3326.65,36,577,58.35
MKT03440,2026-05-21,CAN03,,235.26,24001,1012,24,3143.33,63,1310,31.62
MKT03441,2026-05-21,CAN04,,130.75,12174,325,12,1746.48,28,365,63.56
MKT03442,2026-05-21,CAN05,CAM016,47.89,1832,406,9,1453.94,16,346,35.84
MKT03443,2026-05-21,CAN06,,52.67,5836,291,6,540.35,16,313,35.05
MKT03444,2026-05-21,CAN07,,147.17,12044,268,9,1113.73,16,345,36.77
MKT03445,2026-05-22,CAN01,,263.61,10602,741,14,2005.74,39,748,37.76
MKT03446,2026-05-22,CAN02,,192.6,10306,851,21,3134.44,51,874,63.62
MKT03447,2026-05-22,CAN03,,228.88,22487,706,11,1423.52,26,904,30.49
MKT03448,2026-05-22,CAN04,,119.63,13792,477,14,1729.02,38,498,35.8
MKT03449,2026-05-22,CAN05,CAM016,49.47,1437,292,11,996.55,14,282,56.98
MKT03450,2026-05-22,CAN06,,59.22,9066,368,6,861.38,16,408,61.58
MKT03451,2026-05-22,CAN07,,123.33,8052,254,8,754.64,14,254,30.34
MKT03452,2026-05-23,CAN01,,257.57,10426,766,25,3499.16,50,905,31.98
MKT03453,2026-05-23,CAN02,,199.32,9990,704,23,3260.26,64,704,61.64
MKT03454,2026-05-23,CAN03,,187.33,22193,806,19,2936.19,31,879,55.12
MKT03455,2026-05-23,CAN04,,117.48,14051,412,7,884.35,20,458,56.55
MKT03456,2026-05-23,CAN05,CAM016,48.81,1303,198,5,480.59,9,153,41.33
MKT03457,2026-05-23,CAN06,,53.98,5302,242,5,757.97,10,285,43.82
MKT03458,2026-05-23,CAN07,,139.15,13631,287,10,1067.57,18,311,56.7
MKT03459,2026-05-24,CAN01,,242.72,9949,732,23,2023.07,67,859,44.55
MKT03460,2026-05-24,CAN02,,186.28,9226,731,13,1908.69,26,890,41.06
MKT03461,2026-05-24,CAN03,,189.08,22580,736,14,2102.28,30,784,50.79
MKT03462,2026-05-24,CAN04,,137.54,14437,471,10,1448.17,22,564,49.54
MKT03463,2026-05-24,CAN05,CAM016,48.77,2622,583,11,1134.71,16,564,64.76
MKT03464,2026-05-24,CAN06,,65.51,9485,544,8,945.38,18,544,50.28
MKT03465,2026-05-24,CAN07,,118.59,10859,336,8,838.1,13,336,52.39
MKT03466,2026-05-25,CAN01,,246.26,11797,784,16,1468.09,43,784,63.38
MKT03467,2026-05-25,CAN02,,197.81,9511,774,27,3112.74,62,774,64.64
MKT03468,2026-05-25,CAN03,,208.11,24440,957,33,2696.14,92,957,42.93
MKT03469,2026-05-25,CAN04,,145.3,13147,365,10,1553.06,25,416,34.36
MKT03470,2026-05-25,CAN05,CAM016,58.84,1814,388,5,668.75,6,354,38.57
MKT03471,2026-05-25,CAN06,,53.29,4680,203,6,569.62,15,229,54.81
MKT03472,2026-05-25,CAN07,,132.7,9539,243,4,348.07,8,243,50.38
MKT03473,2026-05-26,CAN01,,284.71,12054,1022,31,4356.27,48,1131,57.75
MKT03474,2026-05-26,CAN02,,184.37,9879,740,17,1687.35,44,911,58.43
MKT03475,2026-05-26,CAN03,,237.53,25235,726,15,2221.48,36,821,33.97
MKT03476,2026-05-26,CAN04,,134.39,13054,562,10,944.32,16,562,63.62
MKT03477,2026-05-26,CAN05,CAM016,46.11,2067,367,8,682.35,11,320,63.65
MKT03478,2026-05-26,CAN06,,53.49,8981,317,8,764.3,12,337,50.51
MKT03479,2026-05-26,CAN07,,134.03,12622,340,8,846.04,12,441,36.32
MKT03480,2026-05-27,CAN01,,297.9,15927,1510,50,5915.04,105,1764,41.02
MKT03481,2026-05-27,CAN02,,155.3,8248,674,19,1676.51,39,817,57.91
MKT03482,2026-05-27,CAN03,,208.53,24472,620,11,1123.73,28,715,54.06
MKT03483,2026-05-27,CAN04,,114.46,9534,346,6,703.44,10,369,43.69
MKT03484,2026-05-27,CAN05,CAM016,54.72,3183,829,21,1964.58,30,815,52.38
MKT03485,2026-05-27,CAN06,,85.26,8383,387,15,1392.06,28,436,61.17
MKT03486,2026-05-27,CAN07,,118.49,10832,342,9,902.45,13,342,56.76
MKT03487,2026-05-28,CAN01,,282.92,14568,1126,26,3133.96,68,1167,58.64
MKT03488,2026-05-28,CAN02,,183.05,8165,754,12,1443.8,27,754,37.19
MKT03489,2026-05-28,CAN03,,212.52,23276,822,26,3480.44,40,1022,44.43
MKT03490,2026-05-28,CAN04,,116.99,11678,347,6,503.38,13,347,34.43
MKT03491,2026-05-28,CAN05,CAM016,59.25,1251,241,8,751.86,12,197,39.33
MKT03492,2026-05-28,CAN06,,51.4,8517,594,9,874.62,26,712,54.99
MKT03493,2026-05-28,CAN07,,130.65,9291,290,9,1423.71,15,374,37.83
MKT03494,2026-05-29,CAN01,,229.08,10499,663,15,2049.42,38,663,35.98
MKT03495,2026-05-29,CAN02,,156.19,7607,589,12,1668.29,26,691,56.57
MKT03496,2026-05-29,CAN03,,191.16,16074,634,21,2874.67,57,644,36.09
MKT03497,2026-05-29,CAN04,,110.54,8939,388,8,930.27,20,388,51.64
MKT03498,2026-05-29,CAN05,CAM016,57.72,2937,436,8,1124.13,14,336,45.42
MKT03499,2026-05-29,CAN06,,78.68,6059,167,5,730.31,9,167,56.52
MKT03500,2026-05-29,CAN07,,116.9,9154,223,7,1013.0,10,223,40.15
MKT03501,2026-05-30,CAN01,,239.45,9902,700,18,2359.06,48,808,63.41
MKT03502,2026-05-30,CAN02,,157.68,6556,412,9,962.62,21,422,61.23
MKT03503,2026-05-30,CAN03,,184.37,21633,599,11,963.09,26,616,48.93
MKT03504,2026-05-30,CAN04,,128.92,13442,327,11,1042.03,21,327,49.68
MKT03505,2026-05-30,CAN05,CAM016,47.56,2109,379,15,1942.92,31,342,53.29
MKT03506,2026-05-30,CAN06,,65.86,3912,191,7,707.36,14,196,34.84
MKT03507,2026-05-30,CAN07,,126.05,8617,240,4,407.65,10,292,33.18
MKT03508,2026-05-31,CAN01,,226.25,9818,580,14,1576.11,32,678,39.84
MKT03509,2026-05-31,CAN02,,182.37,8454,718,12,1225.19,18,839,41.38
MKT03510,2026-05-31,CAN03,,204.67,21387,627,10,1522.11,24,741,37.17
MKT03511,2026-05-31,CAN04,,113.01,11933,340,11,1450.19,25,407,53.47
MKT03512,2026-05-31,CAN05,CAM016,53.61,3396,646,16,1781.54,29,569,55.27
MKT03513,2026-05-31,CAN06,,49.66,5927,226,3,433.23,8,226,50.15
MKT03514,2026-05-31,CAN07,,133.7,11985,389,8,774.17,16,451,34.51
MKT03515,2026-06-01,CAN01,CAM012,432.6,20973,1258,44,4842.95,95,968,58.69
MKT03516,2026-06-01,CAN02,,220.3,9870,564,17,1862.41,48,625,52.36
MKT03517,2026-06-01,CAN03,,257.94,23105,915,17,2537.3,26,915,61.76
MKT03518,2026-06-01,CAN04,,143.91,13894,327,12,1180.85,33,418,34.12
MKT03519,2026-06-01,CAN05,CAM016,54.15,3066,562,21,2488.15,34,496,30.43
MKT03520,2026-06-01,CAN06,,77.58,5061,263,8,1158.51,12,283,63.64
MKT03521,2026-06-01,CAN07,,159.21,10769,177,3,307.4,6,214,54.53
MKT03522,2026-06-02,CAN01,CAM012,506.82,20661,1038,43,4439.67,66,968,30.37
MKT03523,2026-06-02,CAN02,,205.73,10260,827,26,2293.68,47,849,55.46
MKT03524,2026-06-02,CAN03,,267.57,27183,708,12,1357.75,21,914,33.28
MKT03525,2026-06-02,CAN04,,142.36,14337,398,8,1269.47,22,488,37.55
MKT03526,2026-06-02,CAN05,CAM016,59.66,2706,410,12,1126.54,24,316,64.92
MKT03527,2026-06-02,CAN06,,47.88,9056,453,8,888.8,13,481,40.97
MKT03528,2026-06-02,CAN07,,165.44,10159,223,5,480.52,11,233,57.58
MKT03529,2026-06-03,CAN01,CAM012,441.17,21998,1766,43,6341.16,68,1504,42.76
MKT03530,2026-06-03,CAN02,,209.33,10746,611,24,3150.66,64,751,54.23
MKT03531,2026-06-03,CAN03,,247.2,24860,835,17,2296.77,26,835,56.93
MKT03532,2026-06-03,CAN04,,135.04,12211,288,4,512.78,9,332,43.79
MKT03533,2026-06-03,CAN05,CAM016,51.7,2870,379,9,1356.94,13,352,64.98
MKT03534,2026-06-03,CAN06,,85.63,11283,482,13,1343.68,29,517,62.84
MKT03535,2026-06-03,CAN07,,143.62,9601,310,7,865.76,18,341,58.56
MKT03536,2026-06-04,CAN01,CAM012,451.97,21008,1357,56,4872.38,66,1044,31.48
MKT03537,2026-06-04,CAN02,,211.41,9932,664,14,1877.28,35,821,62.01
MKT03538,2026-06-04,CAN03,,269.53,29124,954,30,4448.65,74,958,64.77
MKT03539,2026-06-04,CAN04,,147.95,12646,311,6,786.1,15,368,34.33
MKT03540,2026-06-04,CAN05,CAM016,58.36,1468,323,7,1048.92,13,249,35.4
MKT03541,2026-06-04,CAN06,,64.72,10403,490,19,1577.4,48,631,50.5
MKT03542,2026-06-04,CAN07,,153.44,14338,494,8,1023.72,18,559,53.26
MKT03543,2026-06-05,CAN01,CAM012,471.76,22566,2029,79,10846.51,169,1820,54.74
MKT03544,2026-06-05,CAN02,,173.93,8249,738,12,1347.8,18,738,55.99
MKT03545,2026-06-05,CAN03,,256.77,29687,1032,31,3170.76,67,1032,54.6
MKT03546,2026-06-05,CAN04,,129.46,11987,465,8,648.4,21,496,58.69
MKT03547,2026-06-05,CAN05,CAM016,52.86,2429,392,15,2035.78,20,366,59.89
MKT03548,2026-06-05,CAN06,,78.38,11728,305,11,1154.5,24,305,46.45
MKT03549,2026-06-05,CAN07,,133.6,11073,349,9,1110.6,26,404,49.83
MKT03550,2026-06-06,CAN01,CAM012,479.34,20883,1550,29,3506.05,39,1486,61.67
MKT03551,2026-06-06,CAN02,,209.17,11053,918,33,4572.14,96,918,50.83
MKT03552,2026-06-06,CAN03,,228.55,18485,848,32,3256.36,56,926,34.53
MKT03553,2026-06-06,CAN04,,131.17,14828,389,9,1044.84,19,389,64.64
MKT03554,2026-06-06,CAN05,CAM016,57.33,3267,739,28,2785.47,31,569,52.9
MKT03555,2026-06-06,CAN06,,52.04,10407,512,17,1884.04,43,655,61.26
MKT03556,2026-06-06,CAN07,,154.77,11490,301,11,1225.37,23,358,52.51
MKT03557,2026-06-07,CAN01,CAM012,504.21,20442,1355,21,2050.36,44,1043,48.66
MKT03558,2026-06-07,CAN02,,205.67,10633,863,30,4592.49,66,876,55.93
MKT03559,2026-06-07,CAN03,,222.01,22451,916,31,3744.43,87,1125,54.2
MKT03560,2026-06-07,CAN04,,135.61,13585,424,7,1050.44,11,493,46.29
MKT03561,2026-06-07,CAN05,CAM016,64.48,1309,276,7,988.27,11,243,59.27
MKT03562,2026-06-07,CAN06,,66.15,10281,409,9,1429.27,16,522,44.52
MKT03563,2026-06-07,CAN07,,161.26,15539,337,12,1355.23,33,395,56.79
MKT03564,2026-06-08,CAN01,CAM012,388.11,15989,1236,22,1928.21,43,1225,49.72
MKT03565,2026-06-08,CAN02,,186.45,9193,777,29,3173.27,52,877,58.32
MKT03566,2026-06-08,CAN03,,285.5,32035,1217,19,2904.65,52,1377,44.3
MKT03567,2026-06-08,CAN04,,131.02,11834,355,11,1397.86,26,355,50.78
MKT03568,2026-06-08,CAN05,CAM016,60.55,2878,577,12,1251.73,15,517,50.83
MKT03569,2026-06-08,CAN06,,63.01,7144,262,6,632.94,12,309,55.3
MKT03570,2026-06-08,CAN07,,167.56,15252,600,11,1065.65,31,700,46.87
MKT03571,2026-06-09,CAN01,CAM012,466.81,20067,1106,26,3494.67,35,851,53.46
MKT03572,2026-06-09,CAN02,,221.36,11169,869,29,2841.93,51,1040,48.68
MKT03573,2026-06-09,CAN03,,261.63,23262,694,10,1290.12,27,804,57.94
MKT03574,2026-06-09,CAN04,,153.97,15929,538,16,2152.49,38,611,52.16
MKT03575,2026-06-09,CAN05,CAM016,63.21,2363,512,8,1119.94,14,394,34.53
MKT03576,2026-06-09,CAN06,,49.62,5275,319,10,1170.51,25,399,46.26
MKT03577,2026-06-09,CAN07,,128.08,8906,344,11,1326.24,17,427,42.73
MKT03578,2026-06-10,CAN01,CAM012,502.42,24550,1245,28,2993.1,39,1001,30.83
MKT03579,2026-06-10,CAN02,,220.27,11534,752,17,1498.17,26,809,53.42
MKT03580,2026-06-10,CAN03,,215.6,20939,863,31,3213.63,85,863,63.05
MKT03581,2026-06-10,CAN04,,168.32,16308,548,15,1526.71,42,711,46.89
MKT03582,2026-06-10,CAN05,CAM016,57.91,1395,231,8,858.9,12,198,45.52
MKT03583,2026-06-10,CAN06,,72.23,5313,201,6,833.18,11,256,33.29
MKT03584,2026-06-10,CAN07,,149.41,12508,345,5,569.26,9,407,43.56
MKT03585,2026-06-11,CAN01,CAM012,448.83,17218,1023,25,3818.6,31,980,52.47
MKT03586,2026-06-11,CAN02,,202.23,8904,667,17,1573.74,37,667,45.25
MKT03587,2026-06-11,CAN03,,227.28,20155,730,15,1238.3,38,765,35.37
MKT03588,2026-06-11,CAN04,,146.24,11746,412,10,1105.32,28,479,61.65
MKT03589,2026-06-11,CAN05,CAM016,54.53,1860,330,5,883.53,10,254,48.49
MKT03590,2026-06-11,CAN06,,58.19,10285,455,9,818.57,24,589,39.77
MKT03591,2026-06-11,CAN07,,153.85,10592,306,10,1090.85,15,306,44.77
MKT03592,2026-06-12,CAN01,CAM012,502.58,21630,1445,28,4405.23,36,1412,35.78
MKT03593,2026-06-12,CAN02,,172.45,8219,695,17,2171.12,26,815,49.59
MKT03594,2026-06-12,CAN03,,247.34,25756,794,23,2911.89,36,988,43.28
MKT03595,2026-06-12,CAN04,,160.17,17982,670,13,1936.46,34,670,62.7
MKT03596,2026-06-12,CAN05,CAM016,68.7,2643,343,12,1689.48,16,264,45.54
MKT03597,2026-06-12,CAN06,,55.82,5149,189,5,743.86,8,189,41.28
MKT03598,2026-06-12,CAN07,,160.86,12674,435,15,1248.32,40,473,60.43
MKT03599,2026-06-13,CAN01,CAM012,393.88,17039,1131,23,2555.28,34,870,34.03
MKT03600,2026-06-13,CAN02,,187.22,7843,565,10,1242.41,25,641,42.74
MKT03601,2026-06-13,CAN03,,247.39,24879,964,15,1289.86,32,964,58.64
MKT03602,2026-06-13,CAN04,,136.71,12789,437,9,1326.13,20,529,63.83
MKT03603,2026-06-13,CAN05,CAM016,64.61,3008,676,11,1758.01,21,584,47.6
MKT03604,2026-06-13,CAN06,,66.02,5581,275,6,518.53,12,275,36.17
MKT03605,2026-06-13,CAN07,,147.41,10583,267,9,783.15,25,312,34.62
MKT03606,2026-06-14,CAN01,CAM012,392.62,18373,1097,32,3441.89,59,984,33.49
MKT03607,2026-06-14,CAN02,,220.68,11024,629,21,3327.83,40,654,56.42
MKT03608,2026-06-14,CAN03,,276.89,24978,993,33,4600.82,95,993,39.69
MKT03609,2026-06-14,CAN04,,151.86,17575,733,22,1926.52,61,733,47.22
MKT03610,2026-06-14,CAN05,CAM016,54.26,2874,496,18,1738.72,30,382,33.2
MKT03611,2026-06-14,CAN06,,76.3,8466,370,12,1895.68,31,478,64.48
MKT03612,2026-06-14,CAN07,,152.94,14449,598,19,2176.77,49,733,40.47
MKT03613,2026-06-15,CAN01,CAM012,428.94,21847,1722,72,11402.23,91,1400,45.25
MKT03614,2026-06-15,CAN02,,220.78,11402,849,32,2583.72,61,849,57.66
MKT03615,2026-06-15,CAN03,,266.07,24291,897,29,2951.43,84,897,58.99
MKT03616,2026-06-15,CAN04,,152.22,16884,456,15,2157.68,34,460,54.65
MKT03617,2026-06-15,CAN05,CAM016,51.21,1682,419,7,630.74,10,413,55.33
MKT03618,2026-06-15,CAN06,,50.61,9802,395,11,1177.91,31,476,47.87
MKT03619,2026-06-15,CAN07,,133.26,11705,474,7,815.94,16,474,64.12
MKT03620,2026-06-16,CAN01,CAM012,430.75,17672,1064,39,5715.72,59,819,31.51
MKT03621,2026-06-16,CAN02,,197.34,8865,732,25,2721.63,61,783,57.11
MKT03622,2026-06-16,CAN03,,217.72,23415,535,12,1167.17,20,691,50.01
MKT03623,2026-06-16,CAN04,,133.94,12762,432,12,1269.29,33,432,38.94
MKT03624,2026-06-16,CAN05,CAM016,67.86,2167,353,5,514.0,11,295,35.97
MKT03625,2026-06-16,CAN06,,48.47,9530,459,9,855.02,19,549,56.12
MKT03626,2026-06-16,CAN07,,134.4,12427,297,5,631.16,7,297,37.68
MKT03627,2026-06-17,CAN01,CAM012,424.35,20231,1105,26,2658.63,37,1098,64.45
MKT03628,2026-06-17,CAN02,,194.21,9606,749,12,1875.5,18,950,30.1
MKT03629,2026-06-17,CAN03,,278.63,27261,1066,39,3429.77,114,1066,35.59
MKT03630,2026-06-17,CAN04,,168.48,15262,464,8,835.24,18,597,56.36
MKT03631,2026-06-17,CAN05,CAM016,64.47,2389,542,14,1159.23,24,420,38.53
MKT03632,2026-06-17,CAN06,,56.59,9998,371,5,654.48,14,371,37.91
MKT03633,2026-06-17,CAN07,,137.96,11968,276,8,1234.09,13,330,55.08
MKT03634,2026-06-18,CAN01,CAM012,502.65,22481,1407,42,6248.68,50,1083,42.53
MKT03635,2026-06-18,CAN02,,171.45,7765,466,12,1634.66,24,533,59.48
MKT03636,2026-06-18,CAN03,,240.86,23279,564,14,1710.63,32,723,49.69
MKT03637,2026-06-18,CAN04,,144.59,12118,279,5,427.92,9,358,60.15
MKT03638,2026-06-18,CAN05,CAM016,58.88,2863,421,8,962.39,16,388,38.89
MKT03639,2026-06-18,CAN06,,53.73,11102,304,4,633.71,8,320,51.38
MKT03640,2026-06-18,CAN07,,129.48,12323,392,7,1027.33,16,411,46.63
MKT03641,2026-06-19,CAN01,CAM012,477.67,21576,1485,57,4945.54,72,1343,34.77
MKT03642,2026-06-19,CAN02,,222.4,12185,788,27,4229.67,69,819,35.22
MKT03643,2026-06-19,CAN03,,223.74,20375,715,21,3272.2,53,768,54.92
MKT03644,2026-06-19,CAN04,,141.69,13201,388,14,1252.89,21,462,38.13
MKT03645,2026-06-19,CAN05,CAM016,58.74,2759,478,9,801.78,19,435,38.23
MKT03646,2026-06-19,CAN06,,66.59,6880,403,12,1510.06,26,523,53.88
MKT03647,2026-06-19,CAN07,,158.68,12625,433,16,1381.7,28,445,44.07
MKT03648,2026-06-20,CAN01,CAM012,485.81,23948,1640,49,7470.78,84,1618,42.47
MKT03649,2026-06-20,CAN02,,198.48,8429,633,17,1373.04,38,650,62.04
MKT03650,2026-06-20,CAN03,,227.14,25390,953,37,5308.95,95,1106,44.97
MKT03651,2026-06-20,CAN04,,162.58,18034,705,19,2198.01,35,743,64.71
MKT03652,2026-06-20,CAN05,CAM016,56.1,2608,638,18,2078.94,33,521,45.73
MKT03653,2026-06-20,CAN06,,55.41,7095,320,6,543.05,9,345,63.38
MKT03654,2026-06-20,CAN07,,136.11,10214,275,10,1481.35,23,311,61.87
MKT03655,2026-06-21,CAN01,CAM012,505.06,21418,1831,30,3350.58,52,1651,31.44
MKT03656,2026-06-21,CAN02,,213.1,9173,653,25,2911.52,68,653,34.74
MKT03657,2026-06-21,CAN03,,271.71,31879,1239,35,3361.9,99,1506,54.97
MKT03658,2026-06-21,CAN04,,145.55,16098,361,10,1333.36,28,452,42.82
MKT03659,2026-06-21,CAN05,CAM016,62.1,2447,400,7,903.84,9,376,59.65
MKT03660,2026-06-21,CAN06,,63.72,7400,283,6,766.11,12,346,49.09
MKT03661,2026-06-21,CAN07,,159.99,14251,518,18,2174.47,48,611,39.18
MKT03662,2026-06-22,CAN01,CAM012,486.72,18937,1293,32,3854.7,56,1239,38.95
MKT03663,2026-06-22,CAN02,,175.11,7582,436,14,1844.56,26,542,63.48
MKT03664,2026-06-22,CAN03,,236.1,27400,812,21,3131.37,44,952,59.96
MKT03665,2026-06-22,CAN04,,143.44,13843,404,9,1332.78,24,470,41.55
MKT03666,2026-06-22,CAN05,CAM016,62.86,2331,301,11,1392.45,18,232,42.31
MKT03667,2026-06-22,CAN06,,76.2,8879,352,8,680.9,20,357,39.35
MKT03668,2026-06-22,CAN07,,133.34,8030,231,4,547.47,10,262,47.83
MKT03669,2026-06-23,CAN01,CAM012,504.19,24389,1787,65,6611.14,108,1375,63.85
MKT03670,2026-06-23,CAN02,,210.18,10912,876,31,3141.4,78,1114,40.32
MKT03671,2026-06-23,CAN03,,238.89,24750,687,16,2240.25,41,802,53.25
MKT03672,2026-06-23,CAN04,,167.8,16344,685,24,2343.49,70,722,59.71
MKT03673,2026-06-23,CAN05,CAM016,63.07,2430,562,9,1518.79,17,465,50.04
MKT03674,2026-06-23,CAN06,,78.45,8418,377,13,1354.42,29,381,53.87
MKT03675,2026-06-23,CAN07,,144.31,13448,488,12,1545.44,21,571,56.41
MKT03676,2026-06-24,CAN01,CAM012,475.81,23783,1804,75,7464.59,121,1527,58.97
MKT03677,2026-06-24,CAN02,,189.47,9524,804,15,1248.81,34,975,62.84
MKT03678,2026-06-24,CAN03,,251.34,29461,921,24,2282.38,43,1105,41.89
MKT03679,2026-06-24,CAN04,,158.3,14676,635,15,1744.77,31,719,32.84
MKT03680,2026-06-24,CAN05,CAM016,61.84,2899,518,12,1479.72,17,457,43.58
MKT03681,2026-06-24,CAN06,,46.81,6779,175,4,330.05,7,210,34.98
MKT03682,2026-06-24,CAN07,,144.58,8938,274,6,578.93,9,287,40.47
MKT03683,2026-06-25,CAN01,CAM012,496.38,23860,1924,33,2918.78,37,1526,33.94
MKT03684,2026-06-25,CAN02,,222.91,9490,754,13,1569.81,34,754,64.21
MKT03685,2026-06-25,CAN03,,260.24,27622,1252,40,5333.59,93,1342,42.62
MKT03686,2026-06-25,CAN04,,159.26,17769,480,13,1738.73,33,480,41.41
MKT03687,2026-06-25,CAN05,CAM016,55.48,3155,726,25,2906.54,38,628,32.55
MKT03688,2026-06-25,CAN06,,71.98,6001,243,8,882.17,15,243,33.26
MKT03689,2026-06-25,CAN07,,149.5,14265,541,15,1458.05,23,653,63.28
MKT03690,2026-06-26,CAN01,CAM012,431.29,16923,1359,43,3964.55,70,1046,48.23
MKT03691,2026-06-26,CAN02,,195.76,8172,722,14,1993.76,32,839,50.15
MKT03692,2026-06-26,CAN03,,233.34,22266,446,12,1586.13,19,536,60.36
MKT03693,2026-06-26,CAN04,,142.25,13967,366,7,620.71,10,366,48.21
MKT03694,2026-06-26,CAN05,CAM016,53.11,2059,347,9,1116.7,16,291,34.57
MKT03695,2026-06-26,CAN06,,56.56,5430,303,7,865.79,16,334,54.56
MKT03696,2026-06-26,CAN07,,171.74,11180,283,4,335.57,8,283,47.91
MKT03697,2026-06-27,CAN01,CAM012,404.01,16746,1483,49,7088.45,74,1236,46.91
MKT03698,2026-06-27,CAN02,,194.34,8184,596,19,2656.82,42,702,58.44
MKT03699,2026-06-27,CAN03,,252.9,25220,981,17,1459.35,32,981,54.21
MKT03700,2026-06-27,CAN04,,134.47,10785,275,9,1086.19,25,275,39.9
MKT03701,2026-06-27,CAN05,CAM016,63.28,2966,665,12,1195.11,16,655,64.32
MKT03702,2026-06-27,CAN06,,68.03,4538,299,9,914.28,19,328,44.28
MKT03703,2026-06-27,CAN07,,128.18,10541,252,3,465.34,5,278,59.46
MKT03704,2026-06-28,CAN01,CAM012,462.93,17519,1502,54,4993.31,107,1329,53.71
MKT03705,2026-06-28,CAN02,,227.47,10845,579,17,1779.18,50,723,31.59
MKT03706,2026-06-28,CAN03,,273.23,29761,1074,18,2599.14,30,1238,55.59
MKT03707,2026-06-28,CAN04,,147.25,12209,497,14,1305.37,35,497,33.01
MKT03708,2026-06-28,CAN05,CAM016,63.51,1353,234,7,601.41,13,231,41.22
MKT03709,2026-06-28,CAN06,,51.26,6106,283,8,925.93,17,283,30.1
MKT03710,2026-06-28,CAN07,,167.1,14258,389,11,1002.17,17,501,55.51
MKT03711,2026-06-29,CAN01,CAM012,412.15,15922,786,25,2587.79,28,646,31.42
MKT03712,2026-06-29,CAN02,,223.92,11257,852,18,1893.94,48,954,44.99
MKT03713,2026-06-29,CAN03,,227.06,20536,525,12,1362.48,19,621,51.02
MKT03714,2026-06-29,CAN04,,163.27,19256,463,13,1762.85,22,537,31.43
MKT03715,2026-06-29,CAN05,CAM016,57.11,3392,809,32,4346.17,39,668,58.29
MKT03716,2026-06-29,CAN06,,54.86,6372,319,12,973.69,30,326,48.46
MKT03717,2026-06-29,CAN07,,145.89,13493,476,15,1598.44,37,476,40.35
MKT03718,2026-06-30,CAN01,CAM012,427.19,18802,1344,21,1868.41,37,1215,52.48
MKT03719,2026-06-30,CAN02,,186.1,9791,811,16,2348.15,44,875,47.27
MKT03720,2026-06-30,CAN03,,218.37,19203,501,15,1245.9,35,593,58.57
MKT03721,2026-06-30,CAN04,,167.52,15228,447,14,1869.48,40,488,63.87
MKT03722,2026-06-30,CAN05,CAM016,59.23,2653,621,23,2595.73,26,478,41.28
MKT03723,2026-06-30,CAN06,,63.61,5244,175,3,344.59,6,214,63.06
MKT03724,2026-06-30,CAN07,,133.25,11792,493,7,777.14,16,579,46.87
MKT03725,2026-07-01,CAN01,CAM012,369.28,16188,1179,22,3154.19,25,932,37.32
MKT03726,2026-07-01,CAN02,,170.37,8359,659,17,1754.02,50,659,32.25
MKT03727,2026-07-01,CAN03,,232.04,19259,760,25,3093.7,48,973,34.02
MKT03728,2026-07-01,CAN04,CAM015,235.11,19674,682,12,1610.57,23,581,55.69
MKT03729,2026-07-01,CAN05,CAM016,61.99,2850,512,11,1015.63,19,487,56.55
MKT03730,2026-07-01,CAN06,,61.43,5465,200,4,443.84,10,210,38.51
MKT03731,2026-07-01,CAN07,,139.46,12745,446,12,1218.57,29,542,39.3
MKT03732,2026-07-02,CAN01,CAM012,467.29,18982,1718,49,7460.64,63,1341,34.37
MKT03733,2026-07-02,CAN02,,188.99,8816,792,27,3012.29,52,903,65.0
MKT03734,2026-07-02,CAN03,,209.45,23414,811,26,2500.74,40,811,32.38
MKT03735,2026-07-02,CAN04,CAM015,235.6,18573,484,16,1656.2,24,423,57.92
MKT03736,2026-07-02,CAN05,CAM016,61.74,2739,481,19,1751.65,31,370,50.5
MKT03737,2026-07-02,CAN06,,56.19,6616,173,5,733.84,8,187,47.07
MKT03738,2026-07-02,CAN07,,135.37,9395,188,7,579.36,18,220,55.85
MKT03739,2026-07-03,CAN01,CAM012,357.11,14471,1268,29,2602.26,62,985,64.05
MKT03740,2026-07-03,CAN02,,159.45,7383,430,15,1947.62,26,542,44.37
MKT03741,2026-07-03,CAN03,,199.73,23519,1002,17,2684.96,25,1002,60.14
MKT03742,2026-07-03,CAN04,CAM015,201.67,20535,557,9,1143.38,12,542,42.32
MKT03743,2026-07-03,CAN05,CAM016,58.98,1859,419,14,1575.6,28,376,62.26
MKT03744,2026-07-03,CAN06,,54.4,8568,482,9,790.78,26,498,37.12
MKT03745,2026-07-03,CAN07,,139.9,9037,397,7,1077.84,19,483,37.56
MKT03746,2026-07-04,CAN01,CAM012,380.91,18478,1384,22,3471.9,24,1065,57.48
MKT03747,2026-07-04,CAN02,,159.2,7292,470,13,2045.32,30,470,51.58
MKT03748,2026-07-04,CAN03,,216.81,22939,872,25,3000.03,66,920,31.85
MKT03749,2026-07-04,CAN04,CAM015,238.02,18706,703,15,1453.35,23,541,55.5
MKT03750,2026-07-04,CAN05,CAM016,54.05,1423,185,4,462.87,7,143,55.09
MKT03751,2026-07-04,CAN06,,53.73,7179,350,5,502.76,8,350,45.34
MKT03752,2026-07-04,CAN07,,135.71,11185,283,9,735.81,16,307,33.8
MKT03753,2026-07-05,CAN01,CAM012,422.06,20056,1314,47,6853.17,97,1277,39.15
MKT03754,2026-07-05,CAN02,,205.33,9002,913,18,2323.31,44,1038,59.92
MKT03755,2026-07-05,CAN03,,200.25,22774,697,22,1784.71,64,810,32.97
MKT03756,2026-07-05,CAN04,CAM015,206.7,17021,464,18,2620.23,33,357,56.51
MKT03757,2026-07-05,CAN05,CAM016,61.12,1195,243,9,1024.35,16,187,32.94
MKT03758,2026-07-05,CAN06,,72.93,10817,537,11,1449.47,27,607,59.17
MKT03759,2026-07-05,CAN07,,146.56,14430,385,11,1355.79,16,439,45.43
MKT03760,2026-07-06,CAN01,CAM012,420.99,21464,1292,28,3490.69,36,994,36.98
MKT03761,2026-07-06,CAN02,,186.02,7550,537,10,936.57,25,537,57.68
MKT03762,2026-07-06,CAN03,,201.51,21008,672,19,2434.69,31,783,57.03
MKT03763,2026-07-06,CAN04,CAM015,210.62,21135,921,30,3816.46,60,851,58.76
MKT03764,2026-07-06,CAN05,CAM016,54.07,3276,631,18,2000.38,24,486,40.14
MKT03765,2026-07-06,CAN06,,76.79,4366,173,3,403.12,7,210,63.81
MKT03766,2026-07-06,CAN07,,146.16,9555,275,8,748.93,17,331,58.04
MKT03767,2026-07-07,CAN01,CAM012,463.29,18040,1527,40,4304.48,46,1193,59.23
MKT03768,2026-07-07,CAN02,,203.98,9756,721,26,2906.04,49,894,42.15
MKT03769,2026-07-07,CAN03,,233.91,27469,709,11,1090.57,29,709,33.07
MKT03770,2026-07-07,CAN04,CAM015,224.72,22031,582,15,1301.72,21,464,43.11
MKT03771,2026-07-07,CAN05,CAM016,62.32,3330,871,19,2449.15,31,675,44.9
MKT03772,2026-07-07,CAN06,,75.38,8463,385,8,964.14,18,426,34.51
MKT03773,2026-07-07,CAN07,,137.53,12346,277,5,479.11,13,277,53.74
MKT03774,2026-07-08,CAN01,CAM012,464.22,22227,1072,23,2000.8,39,985,43.34
MKT03775,2026-07-08,CAN02,,212.51,9014,749,25,3170.48,68,920,35.78
MKT03776,2026-07-08,CAN03,,235.76,20859,902,21,2603.35,35,977,41.37
MKT03777,2026-07-08,CAN04,CAM015,207.45,15688,608,15,1703.25,28,541,43.04
MKT03778,2026-07-08,CAN05,CAM016,54.75,3283,553,8,1174.73,12,426,37.4
MKT03779,2026-07-08,CAN06,,72.4,7928,361,12,1339.89,32,421,56.62
MKT03780,2026-07-08,CAN07,,124.66,8767,264,5,489.92,10,291,54.13
MKT03781,2026-07-09,CAN01,CAM012,360.88,17488,1267,51,7950.71,78,1065,62.99
MKT03782,2026-07-09,CAN02,,169.64,8959,817,26,4088.76,46,817,43.45
MKT03783,2026-07-09,CAN03,,206.21,20785,580,21,2764.47,41,619,57.92
MKT03784,2026-07-09,CAN04,CAM015,222.58,24290,728,25,3134.25,46,560,37.71
MKT03785,2026-07-09,CAN05,CAM016,52.36,2100,278,9,1503.82,15,214,36.8
MKT03786,2026-07-09,CAN06,,68.07,9976,556,11,1056.37,18,620,53.49
MKT03787,2026-07-09,CAN07,,155.91,15287,383,10,1236.24,22,450,49.38
MKT03788,2026-07-10,CAN01,CAM012,372.25,17946,1085,39,3548.97,79,835,41.94
MKT03789,2026-07-10,CAN02,,158.86,7613,682,17,1501.91,45,833,64.46
MKT03790,2026-07-10,CAN03,,203.75,19389,759,23,2503.91,43,859,61.01
MKT03791,2026-07-10,CAN04,CAM015,183.03,18820,780,15,1883.25,19,600,62.67
MKT03792,2026-07-10,CAN05,CAM016,52.14,2032,267,8,1225.74,14,206,50.59
MKT03793,2026-07-10,CAN06,,74.78,8798,348,5,664.37,14,423,47.83
MKT03794,2026-07-10,CAN07,,142.73,9412,233,8,799.19,20,233,32.85
MKT03795,2026-07-11,CAN01,CAM012,457.81,18099,1742,40,3461.0,60,1651,63.69
MKT03796,2026-07-11,CAN02,,182.66,8355,660,23,2465.0,43,660,52.51
MKT03797,2026-07-11,CAN03,,264.11,22959,1036,16,1923.94,42,1216,51.36
MKT03798,2026-07-11,CAN04,CAM015,206.56,16853,370,14,1540.1,26,359,36.96
MKT03799,2026-07-11,CAN05,CAM016,56.51,1145,296,4,398.97,4,268,63.14
MKT03800,2026-07-11,CAN06,,69.36,10008,575,14,1304.11,33,612,53.44
MKT03801,2026-07-11,CAN07,,150.99,13291,325,6,592.31,12,356,60.53
MKT03802,2026-07-12,CAN01,CAM012,417.03,17974,1064,39,6253.98,65,947,32.31
MKT03803,2026-07-12,CAN02,,171.25,8397,759,29,3104.03,74,967,56.09
MKT03804,2026-07-12,CAN03,,222.1,19634,511,12,1794.52,18,624,63.57
MKT03805,2026-07-12,CAN04,CAM015,194.87,17306,419,7,871.81,12,323,48.85
MKT03806,2026-07-12,CAN05,CAM016,53.49,2996,469,14,1584.31,15,361,58.86
MKT03807,2026-07-12,CAN06,,68.92,5359,243,7,592.83,14,315,36.03
MKT03808,2026-07-12,CAN07,,142.9,11524,417,14,1877.3,29,541,44.48
MKT03809,2026-07-13,CAN01,CAM012,417.58,17235,1163,28,4392.4,45,1036,36.71
MKT03810,2026-07-13,CAN02,,181.83,8276,827,22,2953.3,62,828,36.95
MKT03811,2026-07-13,CAN03,,250.64,30043,993,27,2161.68,58,993,57.58
MKT03812,2026-07-13,CAN04,CAM015,213.74,21883,816,30,4252.57,65,759,54.6
MKT03813,2026-07-13,CAN05,CAM016,51.26,2951,425,16,1424.82,30,394,57.24
MKT03814,2026-07-13,CAN06,,49.87,8584,446,12,1569.2,32,446,58.98
MKT03815,2026-07-13,CAN07,,129.21,11436,411,13,1186.55,37,477,50.16
MKT03816,2026-07-14,CAN01,CAM012,473.89,23188,1879,47,6451.89,75,1658,43.89
MKT03817,2026-07-14,CAN02,,166.94,8031,716,12,1772.57,24,795,60.82
MKT03818,2026-07-14,CAN03,,237.19,24728,565,18,2340.04,38,650,47.91
MKT03819,2026-07-14,CAN04,CAM015,184.71,18127,497,19,2828.15,36,383,56.84
MKT03820,2026-07-14,CAN05,CAM016,49.64,1139,227,5,718.58,8,207,62.77
MKT03821,2026-07-14,CAN06,,68.22,5340,313,8,1233.52,19,405,54.73
MKT03822,2026-07-14,CAN07,,138.8,12414,378,11,1463.55,20,378,59.43
MKT03823,2026-07-15,CAN01,CAM012,419.88,18580,1144,21,2641.86,23,1029,41.0
MKT03824,2026-07-15,CAN02,,174.99,8739,478,17,1736.14,50,481,32.08
MKT03825,2026-07-15,CAN03,,209.53,17497,696,23,2805.41,37,696,51.39
MKT03826,2026-07-15,CAN04,CAM015,180.23,19450,543,12,1663.97,19,418,43.54
MKT03827,2026-07-15,CAN05,CAM016,56.84,2884,544,15,1316.56,26,504,57.45
MKT03828,2026-07-15,CAN06,,58.54,9027,381,15,1245.04,42,381,53.33
MKT03829,2026-07-15,CAN07,,159.93,14158,562,19,2707.8,39,562,42.7
MKT03830,2026-07-16,CAN01,CAM012,381.9,16099,1465,44,6603.0,75,1369,53.69
MKT03831,2026-07-16,CAN02,,183.27,7910,690,11,1429.28,28,690,40.57
MKT03832,2026-07-16,CAN03,,228.79,24504,660,16,2501.53,32,666,35.16
MKT03833,2026-07-16,CAN04,CAM015,205.5,16552,522,8,730.14,14,455,38.62
MKT03834,2026-07-16,CAN05,CAM016,58.77,1768,339,7,743.51,8,325,33.25
MKT03835,2026-07-16,CAN06,,67.0,4846,286,8,1255.58,21,350,48.75
MKT03836,2026-07-16,CAN07,,143.53,10356,309,11,1597.98,22,376,56.9
MKT03837,2026-07-17,CAN01,CAM012,431.33,19873,1495,46,5557.69,82,1150,40.66
MKT03838,2026-07-17,CAN02,,173.85,8364,549,16,2285.01,34,651,59.24
MKT03839,2026-07-17,CAN03,,222.79,24937,914,24,2831.42,45,914,39.37
MKT03840,2026-07-17,CAN04,CAM015,237.5,22918,889,28,3683.9,37,839,57.42
MKT03841,2026-07-17,CAN05,CAM016,48.64,2147,348,5,668.98,10,330,33.28
MKT03842,2026-07-17,CAN06,,52.16,11014,396,6,735.72,10,498,54.48
MKT03843,2026-07-17,CAN07,,139.47,12042,434,7,630.07,17,544,62.83
MKT03844,2026-07-18,CAN01,CAM012,439.08,18100,1452,58,5770.56,79,1316,55.42
MKT03845,2026-07-18,CAN02,,197.98,9054,599,22,3127.56,52,767,40.49
MKT03846,2026-07-18,CAN03,,200.26,19833,778,24,2983.84,50,778,44.69
MKT03847,2026-07-18,CAN04,CAM015,198.23,19721,737,16,2179.6,31,607,33.91
MKT03848,2026-07-18,CAN05,CAM016,54.36,2381,375,9,1372.74,19,336,34.99
MKT03849,2026-07-18,CAN06,,49.9,5733,208,4,329.04,10,208,36.62
MKT03850,2026-07-18,CAN07,,160.61,12537,417,15,2159.87,38,417,44.44
MKT03851,2026-07-19,CAN01,CAM012,393.53,17056,1082,35,4521.61,61,904,38.21
MKT03852,2026-07-19,CAN02,,206.3,9319,747,18,2438.12,31,903,40.44
MKT03853,2026-07-19,CAN03,,237.91,27640,1202,24,2340.86,63,1225,31.5
MKT03854,2026-07-19,CAN04,CAM015,182.28,13977,417,14,1307.21,22,392,44.08
MKT03855,2026-07-19,CAN05,CAM016,60.57,1779,306,11,1450.78,19,265,40.76
MKT03856,2026-07-19,CAN06,,59.69,7525,445,14,2016.65,33,555,34.71
MKT03857,2026-07-19,CAN07,,156.77,11946,380,9,1267.48,26,387,32.13
MKT03858,2026-07-20,CAN01,CAM012,455.94,22782,1536,26,3465.01,46,1258,35.79
MKT03859,2026-07-20,CAN02,,208.47,9925,613,14,1466.21,21,705,48.28
MKT03860,2026-07-20,CAN03,,267.14,24280,788,26,2556.91,71,890,62.44
MKT03861,2026-07-20,CAN04,CAM015,215.72,21407,557,12,1199.66,23,476,54.11
MKT03862,2026-07-20,CAN05,CAM016,59.27,1331,223,7,731.53,11,192,54.96
MKT03863,2026-07-20,CAN06,,58.54,6863,240,9,929.62,17,253,47.63
MKT03864,2026-07-20,CAN07,,140.27,10833,239,7,666.17,19,304,35.57
MKT03865,2026-07-21,CAN01,CAM012,441.97,21635,1218,22,3430.46,39,951,36.85
MKT03866,2026-07-21,CAN02,,185.27,9778,652,21,2908.8,45,652,31.25
MKT03867,2026-07-21,CAN03,,241.24,25769,866,19,2035.48,56,866,50.07
MKT03868,2026-07-21,CAN04,CAM015,226.17,21691,650,12,1071.91,24,596,63.33
MKT03869,2026-07-21,CAN05,CAM016,63.63,1736,438,11,1030.46,17,413,43.67
MKT03870,2026-07-21,CAN06,,75.59,8632,462,8,837.4,21,577,58.34
MKT03871,2026-07-21,CAN07,,160.49,14687,303,5,783.02,12,334,59.7
MKT03872,2026-07-22,CAN01,CAM012,374.91,15782,898,22,2085.54,31,768,45.93
MKT03873,2026-07-22,CAN02,,196.27,9286,703,21,2994.91,49,703,31.7
MKT03874,2026-07-22,CAN03,,253.91,26446,1121,32,3994.8,85,1372,59.97
MKT03875,2026-07-22,CAN04,CAM015,191.94,15154,564,12,1613.84,21,434,45.0
MKT03876,2026-07-22,CAN05,CAM016,62.93,3304,396,15,1539.4,32,305,55.32
MKT03877,2026-07-22,CAN06,,53.49,4519,224,6,574.41,15,272,45.23
MKT03878,2026-07-22,CAN07,,157.02,14118,569,10,1491.58,27,625,54.1
MKT03879,2026-07-23,CAN01,CAM012,441.19,16511,1041,42,5630.41,56,1003,56.1
MKT03880,2026-07-23,CAN02,,183.78,7767,715,17,1363.71,42,798,31.5
MKT03881,2026-07-23,CAN03,,224.22,21262,562,13,1458.3,37,663,35.85
MKT03882,2026-07-23,CAN04,CAM015,180.31,14888,351,5,452.51,10,311,53.08
MKT03883,2026-07-23,CAN05,CAM016,50.32,1755,375,15,1525.15,28,362,55.57
MKT03884,2026-07-23,CAN06,,51.68,6955,298,5,633.06,11,298,30.01
MKT03885,2026-07-23,CAN07,,132.89,11811,349,6,523.65,9,435,49.06
MKT03886,2026-07-24,CAN01,CAM012,450.72,20365,1366,50,7222.73,105,1075,56.06
MKT03887,2026-07-24,CAN02,,165.31,7077,727,25,3461.43,44,727,44.58
MKT03888,2026-07-24,CAN03,,238.54,25279,852,16,1809.65,24,989,51.29
MKT03889,2026-07-24,CAN04,CAM015,210.9,18971,625,26,3997.21,47,610,38.3
MKT03890,2026-07-24,CAN05,CAM016,60.97,2349,436,7,734.58,12,336,47.3
MKT03891,2026-07-24,CAN06,,64.49,9987,530,16,1351.47,25,619,32.39
MKT03892,2026-07-24,CAN07,,121.65,11479,227,5,635.88,11,270,39.76
MKT03893,2026-07-25,CAN01,CAM012,357.52,17122,1302,29,4050.06,33,1257,37.87
MKT03894,2026-07-25,CAN02,,162.24,6517,566,15,1293.41,27,716,57.16
MKT03895,2026-07-25,CAN03,,211.31,23472,588,15,2098.75,32,588,52.72
MKT03896,2026-07-25,CAN04,CAM015,232.73,24767,642,11,1605.39,18,582,50.68
MKT03897,2026-07-25,CAN05,CAM016,59.94,1580,306,12,1703.53,23,294,51.0
MKT03898,2026-07-25,CAN06,,71.43,5588,295,7,706.94,15,314,58.63
MKT03899,2026-07-25,CAN07,,148.65,9886,338,11,1335.22,28,358,39.7
MKT03900,2026-07-26,CAN01,CAM012,417.4,16008,881,29,2648.49,39,704,30.01
MKT03901,2026-07-26,CAN02,,177.65,7370,675,24,3390.65,47,697,58.32
MKT03902,2026-07-26,CAN03,,222.96,20781,616,17,1571.0,50,687,30.28
MKT03903,2026-07-26,CAN04,CAM015,192.34,17435,400,12,1145.42,23,308,43.38
MKT03904,2026-07-26,CAN05,CAM016,50.23,1401,299,4,626.82,8,287,33.44
MKT03905,2026-07-26,CAN06,,50.22,4367,184,6,834.45,11,197,45.51
MKT03906,2026-07-26,CAN07,,160.21,10461,323,8,949.57,17,373,46.46
MKT03907,2026-07-27,CAN01,CAM012,454.46,21497,1690,40,4004.38,69,1632,47.14
MKT03908,2026-07-27,CAN02,,177.65,7621,473,17,1762.79,39,486,34.09
MKT03909,2026-07-27,CAN03,,265.27,25302,746,12,1581.97,32,746,63.79
MKT03910,2026-07-27,CAN04,CAM015,194.31,20664,466,15,1934.73,19,439,45.65
MKT03911,2026-07-27,CAN05,CAM016,63.38,3388,431,11,1426.57,18,332,40.47
MKT03912,2026-07-27,CAN06,,64.6,4510,168,3,471.01,4,177,44.11
MKT03913,2026-07-27,CAN07,,151.71,12190,255,4,607.83,10,299,62.84
MKT03914,2026-07-28,CAN01,CAM012,389.37,16510,1294,40,3532.59,67,1087,53.94
MKT03915,2026-07-28,CAN02,,179.94,7433,519,16,2437.01,47,519,51.83
MKT03916,2026-07-28,CAN03,,246.88,25541,734,12,1815.97,25,734,52.52
MKT03917,2026-07-28,CAN04,CAM015,221.95,24285,878,21,2043.15,44,764,48.23
MKT03918,2026-07-28,CAN05,CAM016,55.74,3220,481,14,1152.94,24,370,38.75
MKT03919,2026-07-28,CAN06,,85.12,10526,443,11,1255.31,29,443,54.71
MKT03920,2026-07-28,CAN07,,133.14,10665,307,8,742.25,19,323,42.19
MKT03921,2026-07-29,CAN01,CAM012,462.97,21723,1703,53,4313.23,96,1653,50.23
MKT03922,2026-07-29,CAN02,,167.41,8322,630,14,1304.02,40,695,64.74
MKT03923,2026-07-29,CAN03,,206.89,17831,497,13,1160.89,31,546,47.86
MKT03924,2026-07-29,CAN04,CAM015,194.67,18125,594,22,2400.01,40,538,56.09
MKT03925,2026-07-29,CAN05,CAM016,52.68,2332,322,4,452.07,6,282,54.81
MKT03926,2026-07-29,CAN06,,64.56,10424,433,9,887.65,21,531,37.4
MKT03927,2026-07-29,CAN07,,124.64,8934,342,9,1009.95,17,342,58.14
MKT03928,2026-07-30,CAN01,CAM012,430.0,17778,1183,29,3026.66,47,984,51.43
MKT03929,2026-07-30,CAN02,,167.16,7514,537,9,1323.89,26,653,45.68
MKT03930,2026-07-30,CAN03,,237.4,26638,905,35,3186.94,63,1005,33.41
MKT03931,2026-07-30,CAN04,CAM015,182.64,18782,390,14,1179.39,28,300,57.32
MKT03932,2026-07-30,CAN05,CAM016,48.14,2321,483,16,1932.49,30,399,59.92
MKT03933,2026-07-30,CAN06,,71.81,6451,290,9,1394.38,26,290,51.14
MKT03934,2026-07-30,CAN07,,119.4,8063,190,5,700.68,10,212,36.19
MKT03935,2026-07-31,CAN01,CAM012,459.11,17304,1133,42,5212.54,89,1017,52.4
MKT03936,2026-07-31,CAN02,,175.43,8769,663,17,2279.72,39,777,62.07
MKT03937,2026-07-31,CAN03,,243.59,27065,1115,28,4197.4,44,1121,34.59
MKT03938,2026-07-31,CAN04,CAM015,241.03,19173,622,19,2001.8,22,479,45.17
MKT03939,2026-07-31,CAN05,CAM016,51.84,3383,491,18,2161.0,36,446,35.43
MKT03940,2026-07-31,CAN06,,74.11,5918,328,12,1186.66,21,328,30.52
MKT03941,2026-07-31,CAN07,,149.77,13839,355,13,1742.64,25,355,34.21
MKT03942,2026-08-01,CAN01,,257.55,11795,857,29,3636.86,66,880,43.82
MKT03943,2026-08-01,CAN02,,170.1,6843,508,10,1029.95,17,509,58.09
MKT03944,2026-08-01,CAN03,CAM013,352.92,29965,568,23,3506.75,43,478,55.19
MKT03945,2026-08-01,CAN04,CAM015,186.39,16175,572,18,1548.75,25,516,31.66
MKT03946,2026-08-01,CAN05,CAM016,55.02,2331,412,11,1303.16,17,331,39.4
MKT03947,2026-08-01,CAN06,,65.56,8924,474,11,911.15,28,525,63.79
MKT03948,2026-08-01,CAN07,,131.38,10469,259,6,514.73,9,300,62.39
MKT03949,2026-08-02,CAN01,,257.07,11235,772,29,3745.23,79,928,33.67
MKT03950,2026-08-02,CAN02,,187.46,8286,708,21,2547.31,40,872,58.37
MKT03951,2026-08-02,CAN03,CAM013,325.68,30322,951,19,1971.17,27,920,37.15
MKT03952,2026-08-02,CAN04,CAM015,185.94,16001,470,18,2687.97,22,370,52.33
MKT03953,2026-08-02,CAN05,CAM016,56.97,1467,271,7,875.69,11,209,50.56
MKT03954,2026-08-02,CAN06,,70.85,5475,173,6,827.11,10,184,56.05
MKT03955,2026-08-02,CAN07,,110.26,6905,116,2,280.68,5,124,41.99
MKT03956,2026-08-03,CAN01,,214.16,10987,851,15,2075.98,32,851,35.54
MKT03957,2026-08-03,CAN02,,184.53,9804,597,14,1706.33,31,699,51.9
MKT03958,2026-08-03,CAN03,CAM013,297.67,31120,841,33,4341.25,49,798,39.98
MKT03959,2026-08-03,CAN04,CAM015,168.21,12689,490,12,1167.29,26,409,45.79
MKT03960,2026-08-03,CAN05,CAM016,55.97,2748,579,16,1777.43,20,458,48.64
MKT03961,2026-08-03,CAN06,,63.48,8804,362,11,1335.39,30,362,57.96
MKT03962,2026-08-03,CAN07,,115.87,7152,238,4,349.95,7,286,34.99
MKT03963,2026-08-04,CAN01,,255.45,12437,929,28,4290.6,78,989,36.38
MKT03964,2026-08-04,CAN02,,190.0,9183,819,29,4496.11,82,1015,61.33
MKT03965,2026-08-04,CAN03,CAM013,357.34,27598,764,28,2792.47,37,588,45.73
MKT03966,2026-08-04,CAN04,CAM015,163.41,12859,365,12,1923.63,24,281,30.51
MKT03967,2026-08-04,CAN05,CAM016,54.36,2112,275,4,453.01,7,226,46.06
MKT03968,2026-08-04,CAN06,,49.58,9602,375,14,1410.34,32,375,50.03
MKT03969,2026-08-04,CAN07,,139.48,13008,457,11,1005.0,22,478,35.36
MKT03970,2026-08-05,CAN01,,283.39,13792,1101,25,2473.46,61,1204,47.92
MKT03971,2026-08-05,CAN02,,162.7,6731,575,14,1593.1,23,727,34.45
MKT03972,2026-08-05,CAN03,CAM013,298.55,26429,711,21,1743.28,25,630,51.29
MKT03973,2026-08-05,CAN04,CAM015,206.33,21960,500,18,2609.94,24,403,61.11
MKT03974,2026-08-05,CAN05,CAM016,44.1,2562,370,8,977.68,11,285,39.9
MKT03975,2026-08-05,CAN06,,81.85,4534,185,7,801.31,15,188,53.97
MKT03976,2026-08-05,CAN07,,106.35,9143,237,4,385.62,11,249,49.35
MKT03977,2026-08-06,CAN01,,261.4,11899,972,26,3219.84,73,972,61.95
MKT03978,2026-08-06,CAN02,,191.25,9130,706,14,1145.35,32,706,36.62
MKT03979,2026-08-06,CAN03,CAM013,356.26,38535,1532,37,4829.47,55,1226,32.7
MKT03980,2026-08-06,CAN04,CAM015,161.12,12441,399,16,2367.86,28,307,48.33
MKT03981,2026-08-06,CAN05,CAM016,45.39,2793,585,14,1943.07,20,451,33.94
MKT03982,2026-08-06,CAN06,,58.76,6498,231,6,743.58,9,261,54.85
MKT03983,2026-08-06,CAN07,,106.71,9241,221,8,1227.51,21,276,62.45
MKT03984,2026-08-07,CAN01,,253.16,10827,924,24,2851.09,58,1134,64.14
MKT03985,2026-08-07,CAN02,,152.76,7125,438,12,1627.96,20,517,45.47
MKT03986,2026-08-07,CAN03,CAM013,300.9,30217,1328,49,4336.98,94,1131,34.2
MKT03987,2026-08-07,CAN04,CAM015,203.81,15563,518,15,1519.91,22,437,40.53
MKT03988,2026-08-07,CAN05,CAM016,51.36,2013,457,8,1004.46,14,358,44.88
MKT03989,2026-08-07,CAN06,,58.76,8071,326,7,665.05,14,348,62.82
MKT03990,2026-08-07,CAN07,,109.16,8695,253,9,789.66,19,253,41.02
MKT03991,2026-08-08,CAN01,,238.2,12370,851,33,3909.54,97,995,39.3
MKT03992,2026-08-08,CAN02,,144.16,6186,480,7,775.51,17,612,47.47
MKT03993,2026-08-08,CAN03,CAM013,272.02,29181,707,28,2422.66,30,642,60.0
MKT03994,2026-08-08,CAN04,CAM015,185.7,14677,383,8,1250.55,13,301,30.79
MKT03995,2026-08-08,CAN05,CAM016,49.64,2074,295,5,759.79,6,241,30.44
MKT03996,2026-08-08,CAN06,,68.81,8136,353,10,1392.53,20,390,45.31
MKT03997,2026-08-08,CAN07,,123.14,9301,417,12,1280.2,21,500,49.62
MKT03998,2026-08-09,CAN01,,272.24,13073,939,28,2540.47,61,1003,54.51
MKT03999,2026-08-09,CAN02,,182.49,9711,794,26,2437.52,66,946,59.13
MKT04000,2026-08-09,CAN03,CAM013,301.71,30889,790,19,2583.52,35,762,42.23
MKT04001,2026-08-09,CAN04,CAM015,185.15,18505,577,23,2449.72,36,519,64.7
MKT04002,2026-08-09,CAN05,CAM016,55.12,2462,462,18,2406.11,26,356,56.3
MKT04003,2026-08-09,CAN06,,64.43,9894,457,9,1025.88,23,494,55.74
MKT04004,2026-08-09,CAN07,,123.01,8765,157,3,321.01,7,172,46.06
MKT04005,2026-08-10,CAN01,,286.75,15356,1149,42,6095.75,74,1440,32.19
MKT04006,2026-08-10,CAN02,,173.11,9113,711,21,2797.44,55,822,37.74
MKT04007,2026-08-10,CAN03,,200.02,17174,553,18,2347.2,43,711,56.47
MKT04008,2026-08-10,CAN04,CAM015,164.67,13189,408,16,1490.97,28,328,54.01
MKT04009,2026-08-10,CAN05,CAM016,54.28,2825,557,9,909.75,16,429,55.83
MKT04010,2026-08-10,CAN06,,80.96,8602,486,18,2602.23,49,486,47.29
MKT04011,2026-08-10,CAN07,,137.07,12309,423,12,1079.92,25,469,38.99
MKT04012,2026-08-11,CAN01,,275.96,12519,1083,31,3939.2,81,1404,38.25
MKT04013,2026-08-11,CAN02,,169.32,8928,643,15,1207.02,38,814,42.18
MKT04014,2026-08-11,CAN03,,210.8,19528,522,9,1204.02,17,672,64.72
MKT04015,2026-08-11,CAN04,CAM015,207.63,22526,774,32,3664.35,54,596,60.69
MKT04016,2026-08-11,CAN05,CAM016,50.23,2055,275,11,1738.7,12,261,30.18
MKT04017,2026-08-11,CAN06,,51.55,7355,317,11,1410.94,19,344,32.09
MKT04018,2026-08-11,CAN07,,119.66,9426,410,12,1468.96,28,411,32.41
MKT04019,2026-08-12,CAN01,,249.56,13449,1415,36,4651.91,105,1792,53.51
MKT04020,2026-08-12,CAN02,,189.94,7943,430,9,836.36,25,541,46.68
MKT04021,2026-08-12,CAN03,,183.34,20623,816,21,2136.42,55,891,35.56
MKT04022,2026-08-12,CAN04,CAM015,194.94,19213,804,32,4771.03,66,639,37.75
MKT04023,2026-08-12,CAN05,CAM016,42.64,2952,712,12,1832.12,21,632,37.27
MKT04024,2026-08-12,CAN06,,72.98,4984,173,3,339.02,5,220,61.67
MKT04025,2026-08-12,CAN07,,137.55,9130,179,6,753.8,12,180,41.71
MKT04026,2026-08-13,CAN01,,213.43,9989,886,25,3160.92,39,1004,51.38
MKT04027,2026-08-13,CAN02,,159.66,7799,534,9,842.41,20,656,50.37
MKT04028,2026-08-13,CAN03,,228.7,25566,567,12,1004.6,22,587,47.34
MKT04029,2026-08-13,CAN04,CAM015,212.4,16545,384,12,1922.89,22,296,32.76
MKT04030,2026-08-13,CAN05,CAM016,50.67,2317,464,12,1133.23,23,460,61.9
MKT04031,2026-08-13,CAN06,,85.72,4245,222,6,601.12,10,222,43.41
MKT04032,2026-08-13,CAN07,,114.27,10235,212,8,860.59,20,244,36.39
MKT04033,2026-08-14,CAN01,,225.73,11510,1150,43,6378.37,70,1406,51.25
MKT04034,2026-08-14,CAN02,,152.06,6854,513,10,1154.68,21,574,38.51
MKT04035,2026-08-14,CAN03,,209.96,22886,872,33,3575.57,78,960,33.91
MKT04036,2026-08-14,CAN04,CAM015,202.25,18541,406,11,1665.58,23,398,46.47
MKT04037,2026-08-14,CAN05,CAM016,45.34,1540,265,8,1242.79,13,204,51.58
MKT04038,2026-08-14,CAN06,,66.94,8174,369,14,1442.73,28,392,34.0
MKT04039,2026-08-14,CAN07,,124.23,12329,436,11,1014.94,20,464,50.08
MKT04040,2026-08-15,CAN01,,263.87,12911,978,21,1724.17,54,1265,47.39
MKT04041,2026-08-15,CAN02,,178.5,9554,745,26,3945.06,74,794,54.7
MKT04042,2026-08-15,CAN03,,177.5,15678,398,10,1415.92,29,398,44.6
MKT04043,2026-08-15,CAN04,CAM015,173.46,15269,399,8,1316.78,14,307,62.91
MKT04044,2026-08-15,CAN05,CAM016,51.44,2741,525,18,1867.05,20,448,33.53
MKT04045,2026-08-15,CAN06,,67.23,5048,350,8,739.08,18,350,34.9
MKT04046,2026-08-15,CAN07,,130.38,11091,277,5,673.1,9,295,37.67
MKT04047,2026-08-16,CAN01,,286.03,12757,813,16,1918.35,46,813,39.13
MKT04048,2026-08-16,CAN02,,180.7,7463,428,16,2043.93,44,512,62.52
MKT04049,2026-08-16,CAN03,,225.53,22730,983,17,2152.54,40,1010,44.44
MKT04050,2026-08-16,CAN04,CAM015,201.76,22048,482,11,1204.73,23,417,53.26
MKT04051,2026-08-16,CAN05,CAM016,54.07,2177,466,14,1725.71,29,432,40.34
MKT04052,2026-08-16,CAN06,,50.7,4861,280,11,1723.66,23,298,32.04
MKT04053,2026-08-16,CAN07,,138.2,11614,298,6,487.52,9,330,32.27
MKT04054,2026-08-17,CAN01,,213.09,9223,789,30,3837.26,49,891,52.04
MKT04055,2026-08-17,CAN02,,182.71,9704,668,10,1451.36,20,810,55.37
MKT04056,2026-08-17,CAN03,,178.19,18573,833,14,1765.0,28,837,63.22
MKT04057,2026-08-17,CAN04,CAM015,205.97,19882,640,15,2318.54,19,579,57.74
MKT04058,2026-08-17,CAN05,CAM016,45.2,2027,352,5,857.09,9,305,55.85
MKT04059,2026-08-17,CAN06,,62.77,7341,318,7,861.94,17,318,43.46
MKT04060,2026-08-17,CAN07,,107.99,9748,188,3,271.31,8,188,30.87
MKT04061,2026-08-18,CAN01,,227.79,9179,610,20,2468.63,30,610,40.17
MKT04062,2026-08-18,CAN02,,144.14,6936,506,12,1280.2,27,633,39.28
MKT04063,2026-08-18,CAN03,,195.82,18304,640,19,2081.41,45,793,48.77
MKT04064,2026-08-18,CAN04,CAM015,187.55,17543,507,11,1544.8,18,409,60.38
MKT04065,2026-08-18,CAN05,CAM016,42.87,1181,208,4,527.8,8,160,50.28
MKT04066,2026-08-18,CAN06,,85.37,5676,201,4,529.63,6,219,31.04
MKT04067,2026-08-18,CAN07,,112.75,7441,182,5,696.71,9,182,30.37
MKT04068,2026-08-19,CAN01,,268.0,14567,1145,22,2992.03,52,1381,41.27
MKT04069,2026-08-19,CAN02,,167.86,7847,581,19,1861.04,46,689,32.26
MKT04070,2026-08-19,CAN03,,206.05,19119,812,32,4301.73,59,929,47.68
MKT04071,2026-08-19,CAN04,CAM015,175.5,13756,434,11,1639.09,16,424,32.61
MKT04072,2026-08-19,CAN05,CAM016,43.7,2569,319,11,1126.65,22,264,63.43
MKT04073,2026-08-19,CAN06,,83.48,5475,249,8,1264.37,18,249,38.41
MKT04074,2026-08-19,CAN07,,138.54,12960,396,6,585.55,11,407,44.75
MKT04075,2026-08-20,CAN01,,285.74,15620,1450,41,3756.61,82,1450,47.23
MKT04076,2026-08-20,CAN02,,144.2,7635,639,16,2512.87,31,656,48.51
MKT04077,2026-08-20,CAN03,,235.42,19680,627,17,1628.5,41,787,47.8
MKT04078,2026-08-20,CAN04,CAM015,203.79,17609,552,15,1957.94,30,457,51.03
MKT04079,2026-08-20,CAN05,CAM016,57.05,2989,396,15,2199.78,30,347,45.23
MKT04080,2026-08-20,CAN06,,78.95,8443,321,6,768.91,10,321,33.49
MKT04081,2026-08-20,CAN07,,120.39,8709,402,16,1439.39,33,452,62.99
MKT04082,2026-08-21,CAN01,,262.45,12446,800,31,3401.13,48,816,31.23
MKT04083,2026-08-21,CAN02,,145.92,6485,411,10,1383.04,21,497,60.89
MKT04084,2026-08-21,CAN03,,185.08,16829,364,6,553.44,15,419,39.48
MKT04085,2026-08-21,CAN04,CAM015,167.91,18349,575,23,3687.15,38,483,37.91
MKT04086,2026-08-21,CAN05,CAM016,44.12,2036,282,9,1014.69,14,217,34.51
MKT04087,2026-08-21,CAN06,,60.46,5833,268,7,655.63,12,288,36.03
MKT04088,2026-08-21,CAN07,,122.85,8051,211,7,1022.39,20,242,40.37
MKT04089,2026-08-22,CAN01,,274.13,11828,829,27,2503.65,44,1017,60.34
MKT04090,2026-08-22,CAN02,,165.49,8246,781,18,2389.97,52,781,49.38
MKT04091,2026-08-22,CAN03,,229.25,25319,700,16,2189.83,42,769,61.21
MKT04092,2026-08-22,CAN04,CAM015,205.06,17550,565,12,1389.21,16,443,58.87
MKT04093,2026-08-22,CAN05,CAM016,53.05,3388,802,25,2433.4,28,662,44.33
MKT04094,2026-08-22,CAN06,,55.84,8982,414,11,1609.34,16,483,48.96
MKT04095,2026-08-22,CAN07,,123.63,10859,259,10,1381.96,25,302,48.11
MKT04096,2026-08-23,CAN01,,270.45,11570,1026,18,2261.2,45,1026,48.78
MKT04097,2026-08-23,CAN02,,174.48,8864,602,23,3356.4,36,770,47.83
MKT04098,2026-08-23,CAN03,,191.54,15529,501,14,1952.32,31,511,55.36
MKT04099,2026-08-23,CAN04,CAM015,160.43,16367,521,15,2089.91,27,485,49.69
MKT04100,2026-08-23,CAN05,CAM016,45.31,1638,260,5,732.77,7,253,56.2
MKT04101,2026-08-23,CAN06,,66.21,8202,464,8,739.05,14,511,34.3
MKT04102,2026-08-23,CAN07,,131.89,11180,371,14,1207.86,35,371,30.87
MKT04103,2026-08-24,CAN01,,239.53,12916,1060,28,4041.34,43,1353,38.16
MKT04104,2026-08-24,CAN02,,185.95,9373,554,11,1260.63,29,604,60.41
MKT04105,2026-08-24,CAN03,,225.11,21191,527,20,1636.43,37,571,59.15
MKT04106,2026-08-24,CAN04,CAM015,169.25,15244,447,18,2883.86,30,351,36.29
MKT04107,2026-08-24,CAN05,CAM016,52.14,2108,367,11,1371.34,15,283,41.06
MKT04108,2026-08-24,CAN06,,86.06,6640,309,7,908.88,12,359,57.84
MKT04109,2026-08-24,CAN07,,109.59,9132,212,8,899.42,19,236,47.5
MKT04110,2026-08-25,CAN01,,259.46,12102,1026,19,1583.54,53,1147,39.03
MKT04111,2026-08-25,CAN02,,146.54,7094,559,19,2864.01,56,588,44.75
MKT04112,2026-08-25,CAN03,,187.18,19231,659,18,1633.27,41,832,58.64
MKT04113,2026-08-25,CAN04,CAM015,196.84,18243,572,19,2282.9,36,444,59.27
MKT04114,2026-08-25,CAN05,CAM016,56.88,1909,302,7,1081.86,8,240,46.5
MKT04115,2026-08-25,CAN06,,68.14,4356,222,4,374.77,7,222,46.51
MKT04116,2026-08-25,CAN07,,119.13,10211,351,10,1196.51,28,415,53.11
MKT04117,2026-08-26,CAN01,,245.08,12681,1187,26,2270.8,68,1537,46.8
MKT04118,2026-08-26,CAN02,,144.21,6693,504,12,968.39,27,589,63.99
MKT04119,2026-08-26,CAN03,,229.91,21997,780,16,1677.99,38,816,61.24
MKT04120,2026-08-26,CAN04,CAM015,167.46,14246,538,19,2261.76,24,414,63.94
MKT04121,2026-08-26,CAN05,CAM016,48.21,2479,473,12,1355.77,21,364,57.48
MKT04122,2026-08-26,CAN06,,79.24,5680,175,3,252.39,4,208,64.91
MKT04123,2026-08-26,CAN07,,122.17,9958,199,7,1022.41,15,199,55.99
MKT04124,2026-08-27,CAN01,,230.65,11360,650,14,1993.33,35,827,60.82
MKT04125,2026-08-27,CAN02,,170.23,8112,595,20,1665.99,45,757,39.86
MKT04126,2026-08-27,CAN03,,188.51,19153,652,23,3408.17,60,652,36.4
MKT04127,2026-08-27,CAN04,CAM015,200.62,16562,436,15,1384.0,28,336,58.43
MKT04128,2026-08-27,CAN05,CAM016,45.6,1208,299,8,676.62,17,292,51.12
MKT04129,2026-08-27,CAN06,,63.55,7405,300,10,1481.67,15,352,35.67
MKT04130,2026-08-27,CAN07,,125.24,9220,377,6,789.35,12,448,58.29
MKT04131,2026-08-28,CAN01,,282.69,15431,1237,45,5899.83,83,1237,48.55
MKT04132,2026-08-28,CAN02,,163.66,8787,633,24,2993.68,67,717,33.12
MKT04133,2026-08-28,CAN03,,231.03,26646,736,25,2517.54,38,736,46.56
MKT04134,2026-08-28,CAN04,CAM015,196.77,18699,495,12,1133.9,21,430,47.9
MKT04135,2026-08-28,CAN05,CAM016,51.07,3305,483,18,2708.29,23,383,31.25
MKT04136,2026-08-28,CAN06,,67.87,7673,324,6,836.51,14,396,63.66
MKT04137,2026-08-28,CAN07,,112.12,7081,265,5,516.16,13,265,64.17
MKT04138,2026-08-29,CAN01,,258.71,14141,780,25,2205.69,61,794,37.45
MKT04139,2026-08-29,CAN02,,161.58,7677,446,15,1223.07,27,478,31.51
MKT04140,2026-08-29,CAN03,,184.62,19425,564,22,2707.56,62,617,45.9
MKT04141,2026-08-29,CAN04,CAM015,183.62,15602,579,9,1457.11,19,468,57.28
MKT04142,2026-08-29,CAN05,CAM016,46.86,2549,607,19,2366.21,39,595,53.72
MKT04143,2026-08-29,CAN06,,53.06,4686,122,4,362.69,11,122,34.29
MKT04144,2026-08-29,CAN07,,128.06,9674,250,5,772.55,9,303,41.04
MKT04145,2026-08-30,CAN01,,213.85,10362,598,20,2456.51,46,600,51.93
MKT04146,2026-08-30,CAN02,,175.65,8772,475,10,926.67,22,517,33.33
MKT04147,2026-08-30,CAN03,,228.92,18324,425,7,594.36,15,425,50.45
MKT04148,2026-08-30,CAN04,CAM015,198.08,17467,332,12,1750.17,19,308,54.88
MKT04149,2026-08-30,CAN05,CAM016,47.31,3064,557,12,1484.11,26,512,63.02
MKT04150,2026-08-30,CAN06,,86.06,6748,279,5,426.03,7,298,48.03
MKT04151,2026-08-30,CAN07,,125.13,8500,210,5,429.83,11,215,44.11
MKT04152,2026-08-31,CAN01,,224.16,9112,747,24,3827.52,52,767,40.35
MKT04153,2026-08-31,CAN02,,149.01,6021,496,13,1270.49,27,626,47.55
MKT04154,2026-08-31,CAN03,,205.39,18700,575,17,1689.74,26,662,35.52
MKT04155,2026-08-31,CAN04,CAM015,176.5,13351,413,7,1066.0,14,391,53.71
MKT04156,2026-08-31,CAN05,CAM016,43.38,2793,586,12,1816.77,25,506,43.02
MKT04157,2026-08-31,CAN06,,58.77,8834,446,6,714.23,9,488,59.42
MKT04158,2026-08-31,CAN07,,133.15,9912,298,8,1184.74,14,298,44.21
MKT04159,2026-09-01,CAN01,CAM014,324.34,14834,906,26,3984.02,32,768,37.14
MKT04160,2026-09-01,CAN02,,147.75,7587,591,20,1762.41,56,742,39.06
MKT04161,2026-09-01,CAN03,,158.16,13997,353,9,1417.31,17,353,46.33
MKT04162,2026-09-01,CAN04,CAM015,130.55,13881,383,7,639.14,9,327,40.78
MKT04163,2026-09-01,CAN05,CAM016,40.34,2163,291,9,1261.79,18,224,55.68
MKT04164,2026-09-01,CAN06,,84.08,6995,367,10,1168.85,23,367,63.31
MKT04165,2026-09-01,CAN07,,88.33,6096,139,3,301.43,8,144,51.87
MKT04166,2026-09-02,CAN01,CAM014,291.36,13510,1041,23,2944.03,31,907,55.8
MKT04167,2026-09-02,CAN02,,121.26,5036,305,7,868.47,20,324,51.81
MKT04168,2026-09-02,CAN03,,146.13,13413,516,20,1675.33,45,529,59.37
MKT04169,2026-09-02,CAN04,CAM015,130.17,13532,501,11,1670.52,23,430,46.1
MKT04170,2026-09-02,CAN05,CAM016,34.83,1597,330,9,1363.12,19,315,43.97
MKT04171,2026-09-02,CAN06,,74.45,3922,185,6,774.74,17,185,60.75
MKT04172,2026-09-02,CAN07,,109.89,8423,355,13,1284.62,32,355,52.35
MKT04173,2026-09-03,CAN01,CAM014,264.66,12313,1041,21,2644.57,31,882,36.26
MKT04174,2026-09-03,CAN02,,130.01,6165,463,13,1166.13,32,519,63.38
MKT04175,2026-09-03,CAN03,,161.08,17074,615,22,1798.43,38,627,53.56
MKT04176,2026-09-03,CAN04,CAM015,167.0,15936,367,5,672.77,6,295,48.56
MKT04177,2026-09-03,CAN05,CAM016,39.08,2714,449,18,2798.52,22,434,53.77
MKT04178,2026-09-03,CAN06,,60.85,5365,230,7,896.57,10,265,31.89
MKT04179,2026-09-03,CAN07,,98.59,7021,196,7,991.45,12,196,31.45
MKT04180,2026-09-04,CAN01,CAM014,337.63,15405,919,35,2805.47,67,774,58.12
MKT04181,2026-09-04,CAN02,,147.54,5927,473,11,1420.49,26,570,41.42
MKT04182,2026-09-04,CAN03,,165.3,17949,437,13,2061.19,24,484,34.88
MKT04183,2026-09-04,CAN04,CAM015,154.95,15384,661,9,1378.54,13,509,62.37
MKT04184,2026-09-04,CAN05,CAM016,42.87,3215,848,29,3138.87,33,684,58.38
MKT04185,2026-09-04,CAN06,,64.27,5259,219,6,709.94,14,268,39.52
MKT04186,2026-09-04,CAN07,,94.56,6473,137,2,194.5,4,169,48.97
MKT04187,2026-09-05,CAN01,CAM014,335.95,17150,1501,51,6904.17,98,1393,38.94
MKT04188,2026-09-05,CAN02,,141.13,5784,432,8,1105.24,14,475,35.57
MKT04189,2026-09-05,CAN03,,154.15,17989,589,20,2331.47,33,651,46.66
MKT04190,2026-09-05,CAN04,CAM015,161.41,14327,416,9,1049.24,18,320,62.8
MKT04191,2026-09-05,CAN05,CAM016,45.34,3011,562,9,933.41,19,541,47.06
MKT04192,2026-09-05,CAN06,,51.62,6986,262,8,1078.19,17,262,32.97
MKT04193,2026-09-05,CAN07,,110.54,8706,207,4,367.1,8,207,30.69
MKT04194,2026-09-06,CAN01,CAM014,277.8,10802,756,14,1434.4,16,590,44.12
MKT04195,2026-09-06,CAN02,,137.82,7010,427,15,1218.13,38,457,44.52
MKT04196,2026-09-06,CAN03,,145.92,15900,397,11,1177.01,29,406,57.12
MKT04197,2026-09-06,CAN04,CAM015,131.76,14145,386,14,1527.29,20,297,32.79
MKT04198,2026-09-06,CAN05,CAM016,43.81,2987,555,16,1453.94,21,492,52.35
MKT04199,2026-09-06,CAN06,,66.81,4986,280,5,712.09,13,321,37.05
MKT04200,2026-09-06,CAN07,,95.85,7446,253,4,622.54,6,288,47.04
MKT04201,2026-09-07,CAN01,CAM014,259.25,9914,581,18,2022.43,23,456,62.31
MKT04202,2026-09-07,CAN02,,121.4,6186,449,7,865.58,10,575,55.16
MKT04203,2026-09-07,CAN03,,185.8,17712,419,9,957.83,15,506,35.8
MKT04204,2026-09-07,CAN04,CAM015,135.7,13043,440,8,1073.77,10,350,59.74
MKT04205,2026-09-07,CAN05,CAM016,39.13,3158,497,8,914.91,13,383,48.31
MKT04206,2026-09-07,CAN06,,70.28,7572,258,8,729.87,20,321,55.79
MKT04207,2026-09-07,CAN07,,110.09,10168,407,7,920.75,15,514,32.8
MKT04208,2026-09-08,CAN01,CAM014,277.19,13949,976,25,2461.05,43,751,32.72
MKT04209,2026-09-08,CAN02,,152.36,6846,405,8,984.91,15,443,31.33
MKT04210,2026-09-08,CAN03,,183.71,16997,596,19,1890.63,38,639,42.02
MKT04211,2026-09-08,CAN04,CAM015,129.68,14306,387,7,1085.43,10,334,37.4
MKT04212,2026-09-08,CAN05,CAM016,37.23,1639,302,5,810.96,11,257,59.09
MKT04213,2026-09-08,CAN06,,53.28,7670,343,11,1641.33,21,343,54.11
MKT04214,2026-09-08,CAN07,,87.37,6197,259,7,883.84,12,320,44.93
MKT04215,2026-09-09,CAN01,CAM014,298.11,12636,664,22,2501.87,27,511,54.99
MKT04216,2026-09-09,CAN02,,149.07,6383,444,7,1008.9,10,444,56.59
MKT04217,2026-09-09,CAN03,,165.23,19429,665,11,903.13,19,665,48.52
MKT04218,2026-09-09,CAN04,CAM015,171.73,15744,551,14,1898.95,21,533,34.77
MKT04219,2026-09-09,CAN05,CAM016,34.99,1561,339,5,448.87,9,261,61.66
MKT04220,2026-09-09,CAN06,,81.87,7115,262,6,573.92,13,295,62.0
MKT04221,2026-09-09,CAN07,,109.9,9979,244,3,460.05,7,269,53.02
MKT04222,2026-09-10,CAN01,CAM014,307.25,11569,648,19,2145.54,35,543,63.44
MKT04223,2026-09-10,CAN02,,128.83,5875,388,8,894.31,18,453,51.78
MKT04224,2026-09-10,CAN03,,174.49,14708,594,13,1613.72,36,594,56.61
MKT04225,2026-09-10,CAN04,CAM015,166.35,16534,392,11,1199.59,17,310,57.15
MKT04226,2026-09-10,CAN05,CAM016,40.08,2557,590,12,1840.12,21,560,63.09
MKT04227,2026-09-10,CAN06,,57.77,4472,147,2,262.66,4,147,55.44
MKT04228,2026-09-10,CAN07,,111.4,7883,269,10,1170.09,16,290,40.06
MKT04229,2026-09-11,CAN01,CAM014,268.0,11473,839,30,4913.99,49,750,42.41
MKT04230,2026-09-11,CAN02,,148.64,6024,553,18,2585.83,48,671,64.16
MKT04231,2026-09-11,CAN03,,179.83,16664,638,9,799.7,22,821,62.6
MKT04232,2026-09-11,CAN04,CAM015,143.97,15658,413,9,1283.04,16,318,61.41
MKT04233,2026-09-11,CAN05,CAM016,42.81,2996,432,14,2040.44,25,406,62.87
MKT04234,2026-09-11,CAN06,,84.64,4852,219,7,909.92,12,219,44.44
MKT04235,2026-09-11,CAN07,,108.67,8661,364,10,986.14,20,449,32.95
MKT04236,2026-09-12,CAN01,CAM014,319.44,15208,744,19,1964.09,21,573,49.27
MKT04237,2026-09-12,CAN02,,117.83,5507,421,10,1293.65,28,495,45.26
MKT04238,2026-09-12,CAN03,,186.92,15560,677,18,2686.61,29,690,45.15
MKT04239,2026-09-12,CAN04,CAM015,160.5,15898,361,14,1506.33,16,312,62.91
MKT04240,2026-09-12,CAN05,CAM016,41.61,1612,283,7,1045.65,13,260,56.62
MKT04241,2026-09-12,CAN06,,49.54,3669,133,2,298.96,4,154,33.64
MKT04242,2026-09-12,CAN07,,94.3,7746,217,6,899.43,14,242,31.63
MKT04243,2026-09-13,CAN01,CAM014,296.81,14768,1020,39,5496.23,46,838,48.6
MKT04244,2026-09-13,CAN02,,142.02,6954,458,7,656.97,12,472,37.49
MKT04245,2026-09-13,CAN03,,144.5,14283,471,16,2039.65,33,471,56.07
MKT04246,2026-09-13,CAN04,CAM015,160.35,16452,426,16,1469.75,32,370,53.35
MKT04247,2026-09-13,CAN05,CAM016,36.34,3381,573,22,3070.38,39,441,56.38
MKT04248,2026-09-13,CAN06,,86.67,3344,131,4,506.79,11,131,34.93
MKT04249,2026-09-13,CAN07,,93.07,8842,205,7,1037.36,13,208,48.61
MKT04250,2026-09-14,CAN01,CAM014,303.44,14098,1188,44,6888.74,56,1108,43.65
MKT04251,2026-09-14,CAN02,,148.82,6221,476,10,1205.07,16,566,57.29
MKT04252,2026-09-14,CAN03,,167.74,18620,628,12,1618.9,35,798,55.98
MKT04253,2026-09-14,CAN04,CAM015,151.47,12450,362,5,633.88,6,357,35.91
MKT04254,2026-09-14,CAN05,CAM016,34.68,1208,205,7,840.87,9,170,38.75
MKT04255,2026-09-14,CAN06,,56.68,5105,328,11,1319.21,27,351,44.69
MKT04256,2026-09-14,CAN07,,90.22,5502,185,4,569.86,10,213,33.51
MKT04257,2026-09-15,CAN01,CAM014,280.02,12769,605,16,2192.83,31,568,34.91
MKT04258,2026-09-15,CAN02,,114.61,5617,553,14,1612.33,27,553,38.33
MKT04259,2026-09-15,CAN03,,174.7,15676,617,11,1384.08,31,617,42.08
MKT04260,2026-09-15,CAN04,CAM015,137.07,10525,231,7,691.07,7,178,56.86
MKT04261,2026-09-15,CAN05,CAM016,44.78,2926,607,11,1413.87,12,467,57.49
MKT04262,2026-09-15,CAN06,,80.43,5177,283,11,1281.95,25,303,61.37
MKT04263,2026-09-15,CAN07,,111.22,9204,299,6,556.18,10,299,46.79
MKT04264,2026-09-16,CAN01,CAM014,324.17,13231,791,30,4221.81,55,655,63.99
MKT04265,2026-09-16,CAN02,,151.37,6850,479,10,1332.85,28,479,52.12
MKT04266,2026-09-16,CAN03,,151.22,17575,494,15,1279.66,38,524,45.27
MKT04267,2026-09-16,CAN04,CAM015,144.96,15381,421,9,932.58,20,417,52.34
MKT04268,2026-09-16,CAN05,CAM016,40.02,2681,569,12,1296.37,23,523,39.3
MKT04269,2026-09-16,CAN06,,52.38,6263,379,12,1383.02,29,476,64.57
MKT04270,2026-09-16,CAN07,,96.74,6682,208,3,432.89,6,260,58.08
MKT04271,2026-09-17,CAN01,CAM014,344.08,14522,1024,22,1871.56,27,788,60.67
MKT04272,2026-09-17,CAN02,,144.35,7697,677,26,3123.05,61,781,31.27
MKT04273,2026-09-17,CAN03,,191.28,21792,669,11,1010.56,21,845,45.98
MKT04274,2026-09-17,CAN04,CAM015,145.16,13319,430,9,1520.69,14,382,36.21
MKT04275,2026-09-17,CAN05,CAM016,41.58,3162,438,14,1973.17,29,337,48.43
MKT04276,2026-09-17,CAN06,,83.67,3963,119,2,236.53,5,143,64.68
MKT04277,2026-09-17,CAN07,,102.05,9951,279,7,997.09,13,315,45.24
MKT04278,2026-09-18,CAN01,CAM014,295.61,13689,897,26,3890.12,44,692,59.38
MKT04279,2026-09-18,CAN02,,147.37,6948,571,11,1028.66,17,571,57.2
MKT04280,2026-09-18,CAN03,,169.13,17202,650,23,3283.84,39,731,58.88
MKT04281,2026-09-18,CAN04,CAM015,167.58,18095,664,18,2049.57,38,599,49.92
MKT04282,2026-09-18,CAN05,CAM016,40.5,1292,260,4,373.11,7,200,63.68
MKT04283,2026-09-18,CAN06,,71.27,7140,234,5,660.39,7,234,31.06
MKT04284,2026-09-18,CAN07,,96.01,6457,128,2,176.86,5,128,45.72
MKT04285,2026-09-19,CAN01,CAM014,257.36,13015,891,16,2160.42,31,871,30.07
MKT04286,2026-09-19,CAN02,,148.36,6284,497,10,1419.26,18,599,49.87
MKT04287,2026-09-19,CAN03,,143.8,12598,432,7,607.58,20,471,44.77
MKT04288,2026-09-19,CAN04,CAM015,127.84,11765,440,8,894.71,12,339,32.24
MKT04289,2026-09-19,CAN05,CAM016,42.12,1801,239,5,858.93,10,205,32.93
MKT04290,2026-09-19,CAN06,,50.78,3225,121,3,340.73,7,136,60.99
MKT04291,2026-09-19,CAN07,,97.27,8314,290,9,1274.37,24,290,35.4
MKT04292,2026-09-20,CAN01,CAM014,275.72,11597,811,21,2642.93,35,714,53.51
MKT04293,2026-09-20,CAN02,,135.32,5953,421,6,867.01,16,506,31.58
MKT04294,2026-09-20,CAN03,,184.44,21937,556,20,2940.07,38,632,51.01
MKT04295,2026-09-20,CAN04,CAM015,131.72,12201,392,12,1187.35,22,326,35.75
MKT04296,2026-09-20,CAN05,CAM016,34.91,2506,590,14,1281.39,17,589,45.26
MKT04297,2026-09-20,CAN06,,58.89,3401,112,3,409.45,7,112,63.05
MKT04298,2026-09-20,CAN07,,87.19,5322,141,4,578.94,9,182,42.82
MKT04299,2026-09-21,CAN01,CAM014,269.77,13073,704,29,3535.5,60,599,36.74
MKT04300,2026-09-21,CAN02,,118.52,5241,354,10,1094.81,15,370,34.66
MKT04301,2026-09-21,CAN03,,172.27,14682,641,12,1530.52,20,782,52.64
MKT04302,2026-09-21,CAN04,CAM015,137.79,10574,328,9,910.88,11,253,52.12
MKT04303,2026-09-21,CAN05,CAM016,41.49,1586,302,11,1039.93,20,233,62.28
MKT04304,2026-09-21,CAN06,,57.64,4863,171,4,356.48,9,186,44.15
MKT04305,2026-09-21,CAN07,,103.71,8259,227,6,769.0,12,227,46.61
MKT04306,2026-09-22,CAN01,CAM014,314.0,15353,1176,23,2139.91,36,921,47.39
MKT04307,2026-09-22,CAN02,,139.39,5827,411,9,862.88,20,534,39.66
MKT04308,2026-09-22,CAN03,,149.59,15887,574,21,2485.06,42,601,33.11
MKT04309,2026-09-22,CAN04,CAM015,132.13,11825,358,14,1633.86,21,311,36.94
MKT04310,2026-09-22,CAN05,CAM016,39.21,1381,287,5,732.47,6,230,57.55
MKT04311,2026-09-22,CAN06,,79.2,5702,323,6,866.93,9,332,39.98
MKT04312,2026-09-22,CAN07,,111.76,8624,178,4,615.39,11,205,30.87
MKT04313,2026-09-23,CAN01,CAM014,318.27,13987,1105,26,3404.93,42,921,40.83
MKT04314,2026-09-23,CAN02,,126.83,6937,528,10,988.17,28,534,63.18
MKT04315,2026-09-23,CAN03,,190.95,18908,634,20,2917.0,41,697,49.71
MKT04316,2026-09-23,CAN04,CAM015,146.4,11386,438,15,1655.0,22,384,36.26
MKT04317,2026-09-23,CAN05,CAM016,34.89,1835,336,11,1626.2,23,281,49.1
MKT04318,2026-09-23,CAN06,,51.6,3373,120,3,370.0,5,144,50.17
MKT04319,2026-09-23,CAN07,,91.55,5703,190,7,672.07,12,222,50.7
MKT04320,2026-09-24,CAN01,CAM014,320.67,14825,1250,21,3276.27,28,977,38.84
MKT04321,2026-09-24,CAN02,,137.88,6803,496,12,1724.05,35,499,56.43
MKT04322,2026-09-24,CAN03,,176.36,16969,479,18,1892.71,41,592,46.78
MKT04323,2026-09-24,CAN04,CAM015,142.19,13038,423,8,901.53,15,364,56.51
MKT04324,2026-09-24,CAN05,CAM016,36.73,1590,269,9,1168.8,14,261,41.39
MKT04325,2026-09-24,CAN06,,73.6,3307,185,6,679.94,13,235,57.41
MKT04326,2026-09-24,CAN07,,109.31,10285,424,16,1837.48,38,545,42.14
MKT04327,2026-09-25,CAN01,CAM014,298.69,13476,1085,26,3289.89,47,1055,37.06
MKT04328,2026-09-25,CAN02,,137.26,6188,471,11,1747.03,32,560,32.56
MKT04329,2026-09-25,CAN03,,169.63,14862,351,11,1547.87,23,351,37.85
MKT04330,2026-09-25,CAN04,CAM015,171.8,16188,594,9,980.27,11,457,34.91
MKT04331,2026-09-25,CAN05,CAM016,35.1,2471,440,16,2484.59,19,439,54.71
MKT04332,2026-09-25,CAN06,,52.16,5157,253,9,1326.96,25,303,47.34
MKT04333,2026-09-25,CAN07,,106.45,8774,186,7,681.96,14,186,63.05
MKT04334,2026-09-26,CAN01,CAM014,320.19,14765,899,26,4128.38,31,692,63.06
MKT04335,2026-09-26,CAN02,,122.93,6731,450,11,1298.25,32,549,45.76
MKT04336,2026-09-26,CAN03,,153.65,14738,509,16,1898.43,37,563,30.3
MKT04337,2026-09-26,CAN04,CAM015,167.49,16770,455,18,2782.93,28,414,36.3
MKT04338,2026-09-26,CAN05,CAM016,41.58,2349,513,8,1285.55,17,487,62.15
MKT04339,2026-09-26,CAN06,,46.83,5534,273,4,467.6,10,310,32.42
MKT04340,2026-09-26,CAN07,,114.72,10388,345,9,876.55,26,359,39.11
MKT04341,2026-09-27,CAN01,CAM014,283.16,12184,851,16,1364.15,21,655,33.61
MKT04342,2026-09-27,CAN02,,152.1,6573,558,10,1566.53,24,594,57.74
MKT04343,2026-09-27,CAN03,,182.62,15312,608,15,2280.53,25,608,49.5
MKT04344,2026-09-27,CAN04,CAM015,147.19,15416,447,14,1363.52,27,437,63.48
MKT04345,2026-09-27,CAN05,CAM016,34.3,2427,525,14,1930.38,25,525,44.48
MKT04346,2026-09-27,CAN06,,70.1,7560,377,6,755.31,14,402,40.33
MKT04347,2026-09-27,CAN07,,100.65,9877,297,10,1282.22,22,383,32.84
MKT04348,2026-09-28,CAN01,CAM014,320.2,13728,1076,29,2843.71,42,828,30.69
MKT04349,2026-09-28,CAN02,,113.49,5738,316,10,1066.07,23,364,55.55
MKT04350,2026-09-28,CAN03,,154.18,14453,529,13,1639.08,21,653,48.92
MKT04351,2026-09-28,CAN04,CAM015,157.32,11905,374,7,579.67,10,319,56.1
MKT04352,2026-09-28,CAN05,CAM016,34.76,3439,717,21,2988.47,41,552,36.26
MKT04353,2026-09-28,CAN06,,58.33,7101,354,13,2034.32,36,392,30.2
MKT04354,2026-09-28,CAN07,,88.11,6727,227,7,817.71,10,227,45.49
MKT04355,2026-09-29,CAN01,CAM014,281.87,11898,756,21,3192.63,24,624,45.98
MKT04356,2026-09-29,CAN02,,144.65,6976,408,15,2323.84,38,509,55.08
MKT04357,2026-09-29,CAN03,,153.87,15835,346,7,1103.65,13,346,37.91
MKT04358,2026-09-29,CAN04,CAM015,150.19,14408,340,12,1937.88,25,262,30.4
MKT04359,2026-09-29,CAN05,CAM016,43.09,1798,261,9,1128.75,13,228,33.42
MKT04360,2026-09-29,CAN06,,59.54,6103,249,6,708.04,13,249,45.88
MKT04361,2026-09-29,CAN07,,100.57,7790,225,4,424.45,11,225,58.2
MKT04362,2026-09-30,CAN01,CAM014,333.03,14298,1111,29,3060.26,55,855,43.05
MKT04363,2026-09-30,CAN02,,113.37,5619,310,8,799.42,20,327,62.92
MKT04364,2026-09-30,CAN03,,145.4,16513,364,11,1581.8,21,364,34.88
MKT04365,2026-09-30,CAN04,CAM015,128.0,10805,302,11,1364.78,22,288,41.83
MKT04366,2026-09-30,CAN05,CAM016,39.97,2837,538,22,1850.14,36,433,59.61
MKT04367,2026-09-30,CAN06,,56.07,5721,203,5,450.4,10,237,57.35
MKT04368,2026-09-30,CAN07,,98.77,8238,158,2,250.84,4,158,56.39
